Tweet,Nilai 
Bersyukur family bukan anti vaksin.,
@RajaPetra Banyak perkara yang saya tidak bersetuju dengan Dr M...tetapi tentang Tun Dr Mahathir bidas pihak anti vaksin ini saya setuju 100%.,
Mak ayah onz je untuk ambil vaksin ni pun satu nikmat yg tiada utk mereka yg parents/family anti-vaksin.,
Mentaliti yg anti vaksin ni ya Allah sgt mbimbangknâ€¦ educate diri n org sekelilingâ€¦ smga dipercepatkan urusn kta trima vaksin nntiâ€¦,
If anyone in my circle yang anti-vaksin dah boleh kot.......,
"Org yg duk momokkan dakyah anti vaksin ni tanpa bukti or fakta yg sahih, elok la kalau sakit nanti, just duduk rumah and berserah je. Kurung la diri dalam bilik dan berserah je",
"dlm ig ku ada laki bini anti vaksin siot ğŸ˜‚ astaghfirullah perlu ke aku block, dah lah yakin je share information.",
Gelabah ke tu? Orang suruh pergi daftar sibuk join anti vaksin... tanya je ğŸ˜ https://t.co/FxohFo1EXQ,
@cheajibsayang yg anti vaksin  ja depa panggil dulu ğŸ˜‚,
@MukminahIdris yang tu yang mana hahah ramai orang bodo anti vaksin ni,
"Salah satu syarat Ibadan Haji adalah sudah di vaksin anti COVID19 lengkap 2 dosis

Jadi masih nggak mau di vaksin nih ? https://t.co/iJE7evXbVD",
Mak Teh version Palestine. Beliau dilaporkan memarahi tentera Anti Vaksin kepada Virus Zionis-19 https://t.co/JsSgIH6O92,
"saje masuk group whatsapp anti vaksin ni, lepas baca â€œhujjah &amp; dalilâ€ diaorang terus rasa macam gelap dunia ni ğŸ¥²",
"Hati yg penuh syukur adalah vaksin anti virus terbaik.

Bersyukurlah mereka yang telah divaksin.",
"@anwarrahindi Macam biasa je kan. Hidup macam biasa, kerja lebih membebankan. Anti vaksin berleluasa",
@Atkahsuhaimi IparÂ² kak iwa 3 org anti vaxx sampai k.iwa kene remove dr whatsapp group in law sb vaksin.,
Anti vaksin ni agen dajjal sebenarnya,
Anti Vaksin bumi flat â€œmak tehâ€ patut kena tangkap. Akta hasutan https://t.co/NqV8NsEq55,
"@NurHusnaHjAzhar @najihahshahrel kita bukan anti sains , anti vaksin ......tapi lebih kpd risau siapa yg monopoli dibelakang......

apa kaitan pandemik dgn great reset , knp warga barat bantah great reset ?

https://t.co/m2g52iDsIW",
Tun Dr Mahathir bidas pihak anti vaksin harus tanggung dosa sebar dakyah palsu - https://t.co/Q8jnM23OxH https://t.co/QpTkaAf8vl,
"aku tiada masalah dengan anti vaksin 

sukehati kau lah 

kahkah .",
@jules1anne Harap2 ibubapa kita  yg blm vaksin dijauhkan dari dakyah2 anti vaksin ni.,
Ada beza anti covid vaccine dengan antivaccine. Anti Covid vaccine ni anti vaksin bermusim. Vaccine lain diorang ok je.,
Fuck! Aku dah jumpa circle aku yang anti vaksin. Pastu terok suruh ambik medical card/insuran dengan dia hahahaha,
Betul la kan nikmat ni pelbagai. Dpt keluarga yg bukan anti vaksin pon satu nikmat,
"@Amadsyabil Sbb tu sekarang aku terminated astro warna yg ada maharaja lawak mega, sebb tgk diorg anti vaksin pon dah lawak kahkahkah",
bencinya orang anti vaksin ğŸ˜’,
"Dengan bilangan orang yang anti-vaksin, mungkin lepas ni sekolah-sekolah perlu adakan kelas pendidikan vaksinasi/pelalian (dan ubat-ubatan lain) supaya orang muda membesar dengan pengetahuan kesihatan yang betul.",
@Fahmibinhassan PPIM ada anti-vaksin?,
@TogetherWithMee Tp itulah my parents skang pon mcm nk tunggu &amp; lihat dek lambakan dakyahÂ² anti vaksin kt luar sana ğŸ˜‘,
YaAllah kau hapuskanlah Anti Vaksin habis makbapak percaya.ğŸ¤¦â€â™‚ï¸,
"@honeyduch Sis pandai baca ka tidak. Dia bilang ""report akaun @WeAreKL biar kena suspend"". Akaun WeAreKL yg post tweet anti-vaksin. Atau sis ni bodoh sombong?",
gov satu hal. anti vaksin satu hal. palatao hal medication pun satu hal ğŸ¥´,
Nasib baik parent aku bukan jenis anti-vaksin dan percayakan konspirasi mengarut.,
xkisah la ak share psl vaksin tu. ada ak kisah org yg anti vaksin ğŸ¥²,
Bodoh dahlah anti vaksin lepastu menyusahkan orang,
@Fahmibinhassan PPIM pun anti vaksin ke?,
"Siapa lagi bapak deny vaksin tpi bukan anti vaksin sebab rumors fb, ws ğŸ˜­â˜ï¸. Aku laaaaaaaaaa. Sabar sabar.",
memang ramai warga pendidik anti vaksin pun,
"my bro be like ""biar je cik xx tu, dah anti vaksin dh tu"" ğŸ˜…",
Golongan anti vaksin punya sumber bila buat research: https://t.co/M80yfbII18,
"Bila salah sorg dalam group anti vaksin mmg auto trus tukar nama groupğŸ˜‚ğŸ˜‚

Masalahnya dah dua group wasap aku nama antivaksinğŸ˜‚ğŸ˜‚",
"Amerika cadang beri isentif kepada rakyatnya golongan anti vaksin untuk terima suntikan, hmmm bayangkan kalau di.....",
okay ja kau anti vaksin tp nda payah buat2 cerita ada itu ini. kalau nda mau di vaksin ya udah diemm,
sakitnya hati dengar org2 anti vaksin berbual. mcm mau ja aku masuk campur patahkan hujah2 diorang,
@mhanisAB haha. aku angkut je nanti pegi vaksin..berani lah jadi anti-vaksin! hahaha,
"Gelombang anti-vaksin ni bukan baru ye. Cuma sejak vaksin diperkenalkan tahun ni, ramai orang amplify tentang keburukan vaksin tanpa hujah yang betul dan membelakangkan orang yang berilmu dan arahan pemerintah.",
"Bagi Mak Teh, Pak Ngah, Cik Leha, Pak Cik Karim, Uncle Muthu, Uncle Lim, Auntie May Ling dan seluruh warga emas dan anti vaksin melihat video ini. https://t.co/SsBiyDKjcD",
Anti vaksin ni baru dpt news fitnah dajjal kecik. Terus percaya. Mcm mana la kalau dajjal dtg,
@Farrah_Yong Ohh dia dah lanjutkan tempoh untuk 2nd dose eh? Okay congrats bukan anti vaksin! Hahaha,
Sebenarnya mengambil vaksin AZ merupakan salah satu cara utk menentang yahudi kerana apakah maksud AZ? Anti-Zionist guys! Jgn lepaskan peluang sebeginiğŸ‘ğŸ»,
Bintu Yaacob dan Abu Hannah ni memang anti vaksin ka?,
"@shahrinadnani Masalahnya, mereka hanya dgr drpd agamawan yg mereka suka, yg malangnya ustaz ustazah yg anti vaksin.",
Siapa followers aku yang anti vaksin aku block serta merta terima kasih.,
@ainijohana_ ada sorang kawan rapat kita anti vaksin ğŸ˜‚ dia sorang je. maybe kau dah tahu kot,
"@Shahirahzai Itulah,kawan i pun dah terpengaruh dahğŸ˜Œseriau i dengan anti vaksin ni,lagi2 dalam facebook..ulama2 pun diorg pandang serong jeğŸ¤¦â€â™€",
Lawan tetap lawan anti vaksin ni! https://t.co/nOluRvFlSw,
Stupid Antivax. Unfollow dan block jelah aku kalau ko anti vaksin. Najis,
"Mahathir bidas 'Mak Teh', pihak anti vaksin harus tanggung dosa sebar dakyah palsu https://t.co/u7O8BDfwy2",
"â€œKalau mati, Mak Teh lah yang bertanggungjawab. Kalau dosa, dosa Mak Teh lah.â€

#ICYMI #AWANInews #AWANIpagi #HapusCOVID19

https://t.co/7grTMnqb8a",
"Mahathir bidas â€˜Mak Tehâ€™, pihak anti vaksin harus tanggung dosa sebar dakyahÂ palsu https://t.co/8GMHGU59NB",
serem banget liat comment section di viceid banyak banget orang anti-vaksin,
"""Nasib  bukan anti vaksin..
Kalau tk, skrg juga putuss..""
.
ğŸ™ƒğŸ˜†ğŸ˜…ğŸ˜…ğŸ˜…",
"@501Awani Dan tolong tangani anti vaksin dengan kadar segera,dakyah mereka dah menyebabkan terlalu ramai menolak untuk menerima vaksin",
my parents bukan anti vaksin but diaorng was-was..so everyday cerita latest punya situation how many ppl died tunjuk video patient yg kena ventilator etc then cerita pengalaman orng yg ambil vaksin but cerita dgn cara santai sambil makan2 snack so skrng tengah tunggu turn je https://t.co/aezsOB7Hl7,
"@redzuanNewsMPB cuma.sekarang kena harap lebih ramai menteri 
adun yb ..intafemes ..selebriti ..anti vaksin
dan orang yang suka buat hal..
kena covid 

biarpun
 hospital dah penuh icu..
kontena mayat pun dah bertambah..",
@jealouseasily ANTI gamon gue dah di vaksin,
Habis dah ke cerita pasal palestin ? Ttbe je twitter aku ni penuh pasal anti vaksin. Boring ah cerita anti vaksin ni,
Lawak lak baca tweet-replies yg anti vaksin ğŸ¤¦ğŸ»â€â™‚ï¸,
@imnadamr Staff kkm yg hasut org x ambil vaksin ni patut kena ambil tindakan. Org kkm pun percaya tahyul anti vaks,
Kecewa bila ada member anti vaksin sumpah kecewa ğŸ˜­ Aku tatau kenapa aku sebak,
Bangsa lain lebih bnyk mendaftar untuk vaksin berbanding org Melayu..sbb apa Melayu kurg daftar sbb Melayu rmai yg anti vaksin..sikap tgu &amp; lihat jgk rmai..kalau x percaya boleh tnya org yg handle bhgian pemberian vaksinğŸ˜‰,
"@siyoes_ @FerdinandHaean3 Untuk para anti-Cina dan pendukung Hamas: 
https://t.co/wXICr83Zpc",
Done block mamat anti vaksin di whatsapp sumpah tenang rasa hidupğŸ¥°ğŸ˜,
Jangan mudah tertipu dengan news anti vaksin and teori konspirasi... Rajin la membaca ilmu drpd sumber yg sahih bukan percaya bulat2 apa yg random people tulis. https://t.co/3k0QTVBVC1,
@Dennysiregar7 @aniesbaswedan @KPK_RI Vaksin anti pemeriksaan @KPK_RI  masih bereaksi ..,
"Setuju sangat..
Sebab vaksin ni lembab lah anti vaxx sempat sebar berita palsu, sebar benda negatif pasal vaksin..
Semoga urusan vaksin ni dipermudahkan dan dipercepatkan.. https://t.co/gbpaWkaD3Z",
"awas arr. mun ada lagi yg anti vaksin dlm group yg satu tu, ani ku hantar. biar tah semua liau2 sudah. https://t.co/Fl3EgipQ18",
Kalau group family aku ada anti vaksin auto leave group,
"COVID19 bukan perkara suka bermain.  Saya bosan dengan mereka yang anti vaksin.  Mohon setiap orang yang berpeluang mendapat vaksin, ambil yang tersedia untuk anda.  Sekiranya anda tidak diberi vaksin, anda tidak selamat!  Sila faham.  Tolonglah stay At Home 

#StayHome #COVID19 https://t.co/pPk6vcsHtd",
ada kawan aku yang anti vaksin ke ni,
"Kalau perlu gaduh, gaduh je la dengan family member yg anti vaksin. Gilaa kau xnk vaksin dgn kes tgh byk mcm ni. Scary kott.",
"duhhh, asli dong jangan anti vaksin.
please gue gak bisa nerima ini, kalau lu gak bisa bahasa asing atau gak suka makan daging gpp deh, gue terima.
ini malah anti vaksin dong, kacauuu

bye ganteng, w pindah cari orang baru lagi.. :((",
Ramai juga anti vaksin ni sebenarnya yaa.,
"To those yang masih dalam golongan anti vaksin dan konspirasi agenda yahudi nyenyenye, taubat lah. https://t.co/COx5lJBmVX",
@faizalhamssin @wadahzldi Nenek tu paling power drpd anti vaksin pengecut,
@blowupdumpling Belum lagi anti vaxx. Siap merayu jangan vaksin sbb these variant happened bcs of vaccine. Lol,
@imadollys aduhai bongoknya pemikiran org yg anti-vaksin ni ğŸ¤¦,
"â€œKalau mati, Mak Teh lah yang bertanggungjawab. Kalau dosa, dosa Mak Teh lah,â€  @chedetofficial . Ya inilah yang patut kita lawan habis habisan. Orang kita yang Anti vaksin sebab berlandaskan fakta klinikal yang merekodkan 0.0004% peratus. Padahal makteh boleh mati tertelan rokok https://t.co/QUGOh9gig0",
@khyrabsrn Anti vaksin ke yang tanya tu ğŸ¤­,
@_sigadismanis Sebab itu kena percayakan vaksin wahai semua anti-vaxx ğŸ’ªğŸ’ª,
Khas untuk  kau yg anti vaksin https://t.co/LRZhrlleAs,
@lostinacrowd_ Weh ni kalau mak aku baca ni lagi bertambah jadi anti vaksin.,
Kejadah. Kau ckp boleh la kau ingt bos lain nk dgr ke ? Klo haritu pon bos aku boleh buat surat palsu ni kn skrg . Hei boss aku tu die mmg x kesah covid adik die sndiri ckp and die pon mula2 anti vaksin hahahha . Kau ghase ? Yg bos kesah ialah duit staff boleh pg mati agknya. https://t.co/wae8n7Km1X,
Awat teghok org kedah anti vaksin ni https://t.co/GrvO66eUmy,
@pipiyapong @labourMYS Vaksin anti bodoh lebih penting daripada vaksin covid19 untuk menteri2.,
sial betul laa pejuang anti vaksin ni. orang tua boleh laa kau bodoh bodoh kan sial,
Adoii. Ayah dah start tunjuk dah crita pelik2 selepas kena vaksin kt fb . ğŸ˜‚. Macam mana nk pupuk kesedaran balik tentng vaksin ni terhadap ibu bapa yg tergolong dengan anti vaksin ni tolonggg ğŸ˜…,
"@nickneverenough https://t.co/MBhIp6Nh8h
ni latest baru je tadi copy. anti vaksin babikkk",
@syh11r Tapi saya anti vaksin bang cemana ni,
Ramai jugak eh anti vaksin ni macam bodo ja,
Sepatutnya pada waktu ini golongan Anti-Menteri lagi ramai dari Anti-Vaksin. https://t.co/ZzTimzSHIR,
@efaperfume Anti-vaksin ni memang hebat dia punya fitnah. Sampai dajal yang bagi fitnah terbesar di akhir zaman pun difitnah oleh mereka.,
Untuk yang anti-vaksin hadamkan betul-betul. https://t.co/H8XMcGjoXo,
Kepala babi anda vaksin itu holy water. Mcm2 lah anti vax ğŸ˜‚,
"@NoorAminAhmad Sebelum : pasti kan anti virus versi terbaru digunapakai.
Selepas : minta IP address mikrocip yg disuntik dengan vaksin untuk check dos vaksin cukup atau tidak.",
"Aku dah tinggalkan fb sejak 2018, x sangka bapak segala anti vaksin ni survive lagi lama berbanding page Pseudoscience Watch. https://t.co/k2FKGneMBe",
Dah 3-4 hari up story whatsapp pasal vaksin untuk bagi org2 anti vaxx buka mata. Sakit mata ya baca post dorg yg screenshot low resolution entah dari mana tu ğŸ¥´,
Allahu mcm2 la kan cara anti vaksin ni buat https://t.co/SvTRYfEKz5,
"@blspdn *Anti-Vaksin

Screen shoot dan sebar dalam group ğŸ˜ˆ",
Kepada anti vaksin diluar sana https://t.co/ZJjTp02UBE,
"Daripada kau rampas handphone Syed Saddiq, soal siasat Syed Saddiq sebab bangkitkan isu mati dalam tahanan polis lebih baik kau rampas handphone dan siasat mesej berantai anti vaksin ni. ğŸ˜‘",
"Serius nanya utk mereka yg usianya 17-34 tahun. Emangnya susah banget ya supaya DAPET VAKSIN SEKARANG? Kalian kan milenial, nggak anti vaksin, bayar sendiri bisa, tinggal google mana vaksin yg bagus dsb? Harusnya mudah gak sih ya?",
bersyukur selamat lah mak pak wan aku semua bukan golongan anti vaksin kalau dak jenoh,
"from my own research/ perspective or whatever that can suits you... org anti vaksin kebanyakan nya bukan cikgu, dr., pensyarah, lawyer, org bisnes besar &amp; etc.",
"@SANoorabdullah @xxiqaxxia Dalam group family besar pun macam tu, bila bagi link ulama yang tentang anti vaksin ni. Terdiam masing2 ğŸ˜Œ",
Aku rasa yang audio note Mak Teh tu mesti dia anti vaksin huh patut direjam dengan buah kelapa.,
Dari hasutan anti vaksin sampai ke hasutan facts salah dan fear-mongering.,
Saya setuju zetuju setujuh setujuuu. YDPA dan seluruh kerabat sepatutnya buat satu hari live vaccine untuk bagi keyakinan ke seluruh Rakyat plus melawan dakyah anti vaksin terutama bagi golongan tua ğŸ¤­ https://t.co/prcSqWdzss,
@_EkaMy ğŸ¤£ğŸ¤£ğŸ¤£ belum lg yg anti vaksin,
@oskortos @Inbarajs Penjelasan yang masuk akal sekarang ini ialah J-KOM yang menyebarkan dakyah anti-vaksin. Mana mungkin mereka mampu melebarkan idealogi mereka tanpa peruntukan RM45juta.,
@nuekmolek Kau anti vaksin gak ke??,
@mr_haidir96 wehh bukan aku ğŸ˜­ğŸ˜­ğŸ˜­ aku bukan anti vaksin,
Nasib baik laa. Family aku ni x anti-vaksin.,
gw kaga anti.... cuma ngeri aja baca qrt/tweet muda-mudi yg kena efek sampingnya vaksin az,
"Abah dah vaksin semalam, mak isnin nanti. Syukur diorang bukan anti vaxx.",
@abangbacon ga bisa kan udah pakek vaksin Anti jamet,
terciduk anti vaksin https://t.co/JolQItobau,
"@JanitraNanda Saya tidak anti vaksin. Tetapi untuk vaksin covid ini jelas tidak, semua vaksin covid masih eksperimental. Yg terjadi saat ini adalah percobaan besarÂ²an terhadap manusia.",
"Akhirnya dapat Vaksin lengkap... 
* Vaksin Covid19
* Vaksin Anti Intoleransi
* Vaksin Anti Radikalisme
* Vaksin Anti Terorisme
Supaya semua penyakit2 ini Lenyap... 

#BerbedaTapiBersatu https://t.co/VSfc3f4BiD",
tulung kunun tangkap ni anti vaksin semua. awal pagi lagi dengan theory durang ğŸ˜‚,
"@NikMuhdBadrul @khairul_hafidz Hahaha..yelahhh..apesal perangai makteh mcm nih? Adik ipar pun panggil mak teh gak, anti vaxx tahap ayahpin. Aku kene remove dr whatsapp group family in law sb aku bg fakta vaksin &amp; diaorg x terima ğŸ¤£ğŸ˜† mak teh gak aaaa remove.",
Geram betul perangai anti vaksin ni. Mcm2 teori dia debate kan.,
"Selain Zionist, golongan anti-vaksin pun boleh buat ak rsa nk bnuh org.",
yang duk sebar fitnah ni jenis anti vaksin and lebih percayakan konspirasi ğŸ˜¤ diam diam dah lah. jangan tunjuk sangat kebodohan tu.,
"@inggavalensi Betul.. Aku sih nggak anti vaksin, aku hanya anti eksperimen manusia dan anti wajib vaksin covid.",
Kadang risau dengan orang yang anti vaksin covid ni haih,
"Susah nk educate anti-vaksin. 

Padahal mati tu pasti. Xlambat atau x cepat walau satu saat.",
"Setiap suntikan vaksin adalah jari tengah kepada golongan anti-vaksin.

Kewujudan mereka pula ada penghinaan kepada seluruh pengorbanan dan tangis-darah-keringat kita semua.",
Lol rupanya pacik sendiri anti vaksin ğŸ˜¤ sakitnya hati dengar pula,
Ramai jugak yg anti vaksin sbnrnyaâ€¦ fewwwww,
"@khairizulfadhli Bukan ape la, nk tny.. Tkde ke anti vaksin yg kena covid ni?",
"Yang anti vaksin ni, betul betul ke jaga SOP? Tanya je ğŸ˜ŒğŸ‘€",
"anti vaksin yang fear mongering people, sebar segala macam berita bodoh, influence orang dengan dakyah bodoh, semoga ko semua reput dalam neraka. pergi mampus. semua boleh pergi jahanam",
"Aku rasa boleh dah start buat flavour vape bunga cengkih, vapers anti vaksin mesti sapu habis!",
Sebarkan gambar ni buat anti vaksin. 2 budak ni mempunyai penyakit yg sama pada waktu yg sama.. tapi kenapa x sama teruk? #lupikirlasendiri https://t.co/72UGvV1w4b,
Jir temen gue kenapa kayak gitu sih.. jadi anti vaksin ama imunisasi..,
"NYAMUK KABAL BANGET GBLK,PAKE VAKSIN APA EMANG BISA ANTI BAIGON",
untuk set set anti vaksin https://t.co/NYBczhAUGq,
Lagi cepat kita vaksin orang makin kuranglah moda anti vaxx.,
"@PartaiSocmed Nggih tum, jika sudah terpapar apa sesuai prosedur diberikan vaksin? Vaksin itu kan virus yg d modif buat rekayasa stimulan pembentuk anti body. Apa sdh sesuai prosedur jk sdh terpapar, apa malah menjadikan fatal? Banyak artikel tentang efek vaksin tum.",
Dan stress juga aku baca pasal orang anti vaksin ni . Engko kenapa? Acah sangat lah macam terpaling berilmu.,
@ulat_bulu_bulu Mereka yg anti vak itu berfikir vaksin itu haram,
"Borak2 mkn tdi.. pasal vaksin, conclusion drpd abg aku. â€œAku lebih rela adik aku gay, dari jdi anti-vacsâ€ HAHAHAHAHA",
Saja hentam anti vaksin kt ig . Bagi penuh kan Dm.,
stressku ngga bapak nangga video anti vaksin ğŸ˜­ğŸ˜­ğŸ˜­ğŸ˜­ğŸ˜­ğŸ˜­ğŸ˜­ğŸ˜­,
@SyedAlwie InshaAllah.. ko jgn lupa daftar utk vaksin.. jgn jadi anti vax tau.. eheheh,
Kelakar la bila orang share conversation dia dengan orang anti-vaksin ni.  Entah apeÂ² je. Agenda agenda yahudi yahudi. Aduh la. Nasib baik orang sekeliling aku semua memang tengah tunggu vaksin tapi tu la entah bila la boleh dapat.,
@rafhanahshaza saya sebagai anti vaksin percaya bumi itu triangle,
@HFZamirx Bukan awk. Anti vaksin tu LANCAU ğŸ˜‚,
"Nah ini. W masih 25 dan kantor w akan pake AstraZeneca. alhasil gue ngga ambil tawaran vaksin. Bukan karena sombong atau sok sokan. Gue ga anti vaksin kok, tp mungkin prefer jenis lain aja, kalo vaksin gotong royong oke dari bpom dan no hesitancy w mau kok pake https://t.co/knGRSiGmbh",
"Kebanyakan orang yang anti vaksin ni lebih cenderung dengan benda gempak (fantasy). Masa mula-mula covid sampai, nah kau bukan cerita itu ini. Ni sekarang sebab covid dah jadi cerita lapuk, orang lebih hangat bercerita pasal vaksin.",
"@sweetsugaries pho"" i gitu juga cii , oh iya kalo udh sebulan vaksin cek darah cii anti bodybya masuk gaa",
Yang anti vaksin Pon maybe akan sama..tggu kene pada ahli keluarga dia baru dia start percaya or maybe sanggup abiskan seluruh harta untuk get that vaksin..,
lemah la aku dgn anti vaksin ni hahahaha,
@OhhNuh mana anti vaksin tu? skrin shot tgk,
@NxkNadia ayoh mu anti vaksin doh...,
Louder !! Ha boleh guna ayat ni if jumpa orang anti vaksin https://t.co/fHdXgQ44db,
"tp yg mencengangkan, ada teman sekantor, se-team yg anti vaksin masa,, yassalam dah!",
Mak aku macam anti vaksin laa hm ğŸ˜“,
"memanglah kena kejar akhirat tapi kalau anti vaksin tu bukan kejar akhirat nama dia, tu bodoh dunia akhirat",
"@adlibagok Ya ampun gok mak aku pun bukan anti vaksin  haha semalam aku dah hidu dah, isu nya bukan psl bunga cengkih isu nya isunya psl forward messages risau yg bukan2 nanti",
@IncheFaris @HilalAsyraf Macam mana golongan anti vaksin ni wujud tuan?,
"Janganlah tulis jawi, risau anti vaksin tkleh baca. Nti keluar lagi konspirasi baru ğŸ˜¥ https://t.co/2OWyblGQhD",
"Jika anda menulis covid-19 dan vaksin sebagai;

â€˜Cobid-19â€™
â€˜Beksinâ€™

ATAU ahli anti-vaksin

Sila jauhi, dan â€˜unfollowâ€™ saya. Anda juga virus.",
"Alhamdulillah, mama dan abah bukan anti-vaksin lagi ğŸ¤²ğŸ¼",
"ngga, bukannya anti vaksin, ak sih semangat. cuma.. https://t.co/2qnQCDeyom",
Data punyalah detail orang bagi. Anti vaksin senangÂ² je percaya page facebook ğŸ¤¡ https://t.co/Yl8M1tlJmv,
"satu je cara utk hukum anti vaxxers ni, orang yg dah vaksin je bole rentas negeri, biar padan muka",
"Perumpamaan golongan anti vaksin ini adalah seperti anjing. 

Jika engkau menghalaunya, dia menghulurkan lidahnya termengah-mengah dan jika engkau membiarkannya, dia juga menghulurkan lidahnya termengah-mengah.",
"Perumpamaan golongan anti vaksin ini adalah seperti Bani Israil.

Mereka lah yang membunuh para nabi sekalipun nabi-nabi itu dari kalangan bangsa mereka sendiri.",
Terkejut jugak aku dpt tau housemate sendiri anti vaksin ğŸ¤¦ğŸ»,
"@AdamPrabata Video anti masker, anti hoax Covid-19, anti vaksin di seluruh dunia 
https://t.co/ixVrt0YN4e",
"Susah jugak ya bila dalam group ada yang anti vaksin dan terlalu ikut satu fahaman,sebar tanpa asal usul periksa.ğŸ˜",
"@HelpZhafir @EncikAdam_ Common answer for all that trust this kind of ikhtiar... Same goes to my families.. Semalam share kt group family yg jatikhwan ckp yg video setanyahu tu salah.. Boom kena sbb jatikhwan ckp ""puak anti vaksin"".. Padahal main point nk bgtaw apa yg viral tu x betulğŸ˜¶",
Ada gak vaksin anti lara ati saja?,
@atizulkifli Haihhh susahnya orang dah terpecaya dakyah2 anti vaxx. Moga grandparents ati dapat vaksin!!!,
@syazwanismd Dalam rumah aku semua anti vaksin ğŸ™‚ exc me ğŸ˜¢,
"""Kami membaca beberapa pamflet di El Alto dari kelompok anti-vaksin tentang keberadaan zat dalam vaksin dari Lucifer dan karena itu vaksin itu bersifat setan,"" https://t.co/suqzdR6EoA",
Khutbah jumaat dah boleh selit doa untuk anti vaksin kot.,
"""Kami membaca beberapa pamflet di El Alto dari kelompok anti-vaksin tentang keberadaan zat dalam vaksin dari Lucifer dan karena itu vaksin itu bersifat setan,"" https://t.co/1540c0EV0W",
@SafwanFadzil Kahkah. Jenis anti vaksin ni mesti makan kismis jumlah genap.,
@_ezzatulakmal Yg nasihat tu mesti golongan anti-vaksin. Hahaha,
"lg liat netijen2 malay ribut soal vaksin, soal vaksin kita lebh maju pdhl jutaan penduduk yg dibanding malay paling 2 kabupaten di jabar penduduknya,  stok kita dr sinovac dkk udah mengalir dan malay tubir soal vaksin dr rejim sm anti rejim ahahaha jkw emang kece kok soal vaksin",
@badcatszy_ Kawan i pin ramai anti vaksin ğŸ˜ Hahaha kita cari makteh tu sampaii dpt. Ewah Ewah bukan main dia pung pang pung pang,
ini lah contoh nya. tolong ambil vaksin. if only it is as simple as going to the supermarket and checking it out at the counter. setel dh hampir semua non anti vaxx ada doh vaksin https://t.co/Zpw81el1SA,
"@abufarhat My pleasure. sikap anti vaksin sgt merugikan.
#KitaJagaKita 
#KitaMestiMenang",
Sudah di vaksin binovac anti asam urat dan kolesterol orang ini. ğŸ™ https://t.co/WCARubQzEm,
Alamak lec anti vaksin lah plak ğŸ˜…,
@FakhriSir Ohh ingat sbb az hahahahaha . Dont worry aku bukan anti vaksin . ğŸ˜‚ğŸ˜‚ğŸ˜‚.,
Dhla anti vaksin... pahtu duk ejo vaksin jdi beksin beksin. Ohh beraso nk maroh molek baco ğŸ˜€,
Letih tgk ig story ore anti vaksin ni. Bodohnya bertubi-tubi ğŸ˜­ dhla konspirasi tk masuk akal! ğŸ˜,
@Hazrey @adibahnoor Saka percaya pula ek anti vaksin ni..,
Yg sangat dibutuhkan adalah vaksin anti kebodohan dan anti mabok agama https://t.co/lj2slnyOhp,
"@qlhrmli Saya bukan anti vac, tapi saya memilih untuk tidak di vaksin.. Adakah saya termasuk golongan yang dipulau, disisih seperti anti vac?",
"aku nda paham ""dr"" yg anti-vaksin ni???? kamu belajar ka juga ni",
"@preman_pochinki oh tentu tidak,justru anti virus eta,vaksin malahanğŸ˜
kirimin yg pul persyen doong,biar bisa di jadiin lok skrinğŸ¥º",
anti vaksin rupanya adoyai,
"@amofficialmy @nizambakeri Aku bukan anti vaksin,tapi bila baca artikel ni jadi...emmm. https://t.co/A4YkPUeLhG",
@yansrakyatb42u @Natali_Cristi3n Syech Faizal paling anti sama Amrik dan Zionis . Uighur mainan Barat . Pelajari dulu ya drun ğŸ˜† https://t.co/cowaqz7K8h,
im mad as crazy cause i put my grandparents' name as my auntie's dependent. so now my auntie pergi la cite pungpang pungpang pasal buruknya vaksin ni dan jadilah dia seorang anti vaksin yg berjaya,
"Youtuber anti-vaksin penyebar disinformasi tentang vaksin ditendang dari youtube karena menyebarkan kebohongan.
#antivaks https://t.co/n4PrEGRL1w",
@asmabukanlelah Kisah si anti vaksin ğŸ˜…,
Makin ade vaksin makin teruk covid . Adakah anti vaksin tu benar ğŸ˜­ğŸ˜­,
Aku malah disuntik vaksin coeg.. tarung ta iki anti-bodiku https://t.co/UJIxmTjGc5,
"Pesanan saya, sebelum kita melawan anti vaksin di socmed kita. Kita harus pantau juga whatsapp parent kita. Kadang kadang merapu rapu orang duk forward pasal vaksin. Vaksin tu racun la apa la",
"@_c0ffeeine @muliadilim Iya far jd vaksin tu gak serta merta lgsg anti covid, ttp bisa kena tp kenanya insyaAllah gak se parah yg blm vaksin. Itu si yg pernah dijelasin. Btw sehat2 yaaa jakon jakon",
"Anti vaksin tapi jual shakleeee 
Ahhh benci laa mcm ni ğŸ˜­",
"Pasal vaksin plak

Ada yang anti ada yang yakin ada yang 50/50.
Aku golongan 50/50 sebab aku masih mmbaca lagi sejarah AZ n try memahami
Aku baca jgk kesan2 with or without vaksin ni. 

Kesimpulannya, vaksin perlu. Cuma jenis vaksin yg aku kene baca lgi utk ilmu di dada ğŸ˜…",
"@inayahhilya Orang sakit jiwa ODGJ kebal terhadap virus koronces anti swab sekaligus anti vaksin.

Bill Gates?",
"@batmancyberarmy Hanya menyajikan data dan fakta ğŸ™

Saya pribadi tidak anti vaksin dan tidak ingin melarang orangÂ² yg mau divaksin. Karena kesehatan pribadi tanggung jawab masingÂ².",
@bukandualipa Vaksin anti mleyot pun ga mempan,
"himungnya aku mama abahku ni kada bias masalah covid ni, amun ada berita tu bujurbujur ditalar dulu, kada anti vaksin, dan paham vaksin tu tidak sama dengan anti virus. semangat handak vaksin, imbahtu paham masih harus bemasker untuk 1-2 tahun kedepan walau sudah bevaksin.",
Sial betul kau anti vaksin ke apa celaka,
"@aldinalsya Hahahaha 

Bu Dokter mungkin perlu menyuntikkan vaksin anti pamer ibadah ke beliau nya...

ğŸ˜¸",
ğŸ˜­ğŸ˜­ğŸ˜­ rosak minda baca ajaran anti vaksin ğŸ˜­ğŸ˜­ğŸ˜­,
If people said that like kpop is auto masuk neraka i'm just gonna ignore what they said. If that was true xdenya CIK MAN/ PU AZMQN SUKA KPOP JUGAK. CIK MAN WERE A FAN OF MR LEE HOT DONG WOOK. Dah2 yg acah2 ustaz semua sila berambus. We dont need toxic ustaz dah la anti-vaksinğŸ˜’ğŸ˜’,
kalau orang tua anti vaksin aku faham lagi sebab kurangnya pendedahan,
"Survey mengungkap bahwa konspirasi anti-vaksi yang tersebar di internet, selalu datang dari 12 orang ini. #kumparanTECH https://t.co/jV00J3Ylii",
"@Indra48897985 @Kemhan_RI apa itu berlaku bagi yg sudah di vaksin ? paham maksudnya test anti gent, tapi semua di kemhan kan sudah di vaksin ... ?",
kelakar la baca orang orang anti vaksin ni,
"Nok maroh la ni tubik klate nih.. kero la rumoh tu network connection po ketut.. 

Pahtu hok duk sebar kokse dale fb nga ws pasal vaksin ni.. kero la.. aku sero nok jek mapuh jah hok anti vak ni",
@dhemitKali @BangPitung_AJW @asik_mulu @fancyaskingmet1 @Wedhus999 @manuskele Lah pdhl.udah diterangkan tdi..5 org itu bukan krna resiko vaksin..itu kesalahn nalarmu..evikasi 95% itu..95 org dri 100 berhasil membentuk antibodi..5 orang tidak berhasil membentuk anti bodi..bukan 5 org keracunan vaksin..pahami..,
"Sekarang ni kita kena hadap 2 golongan :

1. Anti semua vaksin
2. Anti vaksin Covid19

Buat masa skrg, yang no 2 tu paling bahaya.",
@pramestidinni Khusus bu dini mending vaksin anti lue fix no debat,
@ohhadiya padan la ada anti vaksin,
"@asik_mulu @BangPitung_AJW @dhemitKali @fancyaskingmet1 @Wedhus999 @manuskele Yg ngomong bgtu adlh profesor anti vaksin pujaan kalian itu..bodoh lu..
https://t.co/kDNl147r5g",
@SuppaY8n Tulah lg lmbt vaksin ni lagi byk agenda anti vacc. Semakin pening,
"@winnercircle90s Yeah. Belum lagi tambah puak yg ckp Covid ni propaganda, anti vaksin semua ğŸ¤¦",
"@Kemhan_RI mau tanya, qpa gunanya vaksin, padahal semua pegawai kemhan sudah di vaksin,  kok masih tetap aja pake test anti gen ?",
Menjawab Teori Konspirasi Anti Vaksin - Mufti Perlis https://t.co/hOtYQNEZFN via @YouTube,
Yang anti vaksin tapi dulu sekolah tinggi tinggi ni aku syak dia sarapan makan coco crunch dengan susu basi agaknya,
Yang anti vaksin yang jenis ckp covid agenda Yahudi. Tolong plis kena covid lepas tu mampus terus.,
"12. Nasihat Kepada Influencer Anti Vaksin - Bro. Firdaus Wong, NGO Multiracial Reverted Muslim
https://t.co/m7eNMijQxL",
"8. Teguran Kepada Anti Vaksin - Bro. Firdaus Wong, NGO Multiracial Reverted Muslim
https://t.co/N4AD46CorL",
"7. Menjawab Teori Konspirasi Anti Vaksin - Mufti Perlis
https://t.co/9B1nN6ZfWJ",
"berdosa ke kalau aku doakan org yg anti vaksin ni mati sebab covid?

serious question.",
"bayangkan support palestin, tapi anti vaksin... ğŸ¤§",
Golongan anti vaksin ni jahiliah,
"@xixxexa Tula.. kalau artikel konspirasi, anti vaksin tu maybe la kot.. tapi yg biasa2 ni pun dorg eja kobid haha. Pelik",
Dugaan kot ada circle anti vaksin ğŸ¤£,
Emang kalau udah vaksin bakal anti korona gitu?,
DONE BERGADUH DENGAN ANTI VAKSIN!,
@HausofHilton @muhdkerolnidzam Gang anti vaksin klu x suka vaksin cukuplah utk diri tu tapi jgn pula menghasut org lain supaya tolak vaksin,
"@ArifSetia2013rd Ya btl tu Tuan, ianya tok ketahanan anti body kita.  Tu yg digalakkn rakyat ambil  suntikkn vaksin..",
sakan bersorak pak2 syaitan kerana telah berjaya menghasut umat islam yg percayakan dgn anti vaksin ini.nauzubillah.,
"Sy bkn berpaham anti vaksin tp badan sy yang anti vaksin krn punya alergi parah. Syukur so far ga kena covid bhkn flu pun tidak sejak akhir 2019. Krn faktor WFH, jarang keluar rumah n jarang naik kendaraan umum keknya. Dahlah ga masalah jarang keluar rumah yg penting bisa mudik.",
"Bukan juga anti vaksin la tapi aihh tapi bole ralat ba tu barang, bila ralat kan teda ampun ba orang. Auto meninggal. Nahh jadi kita beserah la sama Tuhan. Dia Maha Kuasa. Dia Maha Mengetahui. ğŸ˜­âœ‹ğŸ¼.",
PagiÂ² dah ada anti vaksin menyeru ni. Memang silap la,
@OmbakGangster Boss kamu tu dh tergolong anti vaksin ğŸ¤£ silap2 boleh sesat tu. Imannye dh la mcm tisu ğŸ¤£ğŸ˜‚,
aku mimpi anti vaksin serang orang randomly macam the purge sial,
Cara untuk bisa deep sleep selain pake obat anti depresant apa ya? Ga bisa minum obat dulu nih sampe sebulan vaksin ke-2 ğŸ˜Ÿ,
"For those yg ckp, 'dorg kan dpt yg free tu,'. Seeing the progress, how long they have to wait when ko yg berduit dh dapat lama dah (if it is possible to buy). 

And benda ni jgk utk elak kes anti vaks menipu. Im pretty sure ada kes fake vaksin cert before this.",
"Jadi jangan la kita jadi anti Vacc atau tolak vaksin kerana alasan yang merepek2.. 

Disclaimer:Aku bukan la doctor perubatan atau ahli pharmasi atau staff nurses aku cuma org biasa",
Okaylah sebab anti-vax dah cukup kuat mempengaruhi orang lain. Di samping kita lantang tentang Gaza ni why not kita lantang dalam perang anti vaksin ni. Menyusahkan orang lah.,
Golongan anti-vaksin sebenarnya ialah pendokong agenda Zionis untuk melemahkan umat Islam supaya menjadi lemah dan mudah terkena jangkitan penyakit apabila tubuh kita tidak berkemampuan untuk menentang virus yang akhirnya membawa kepada kematian.,
@asyraf20_ Tu golongan anti vaksin tu ğŸ˜‚,
MAKIN MENJADI2 YE VIDEO &amp; MESEJ2 BERANTAI DARI ANTI-VAKSIN NI ğŸ˜­ğŸ˜­ğŸ’”ğŸ’”,
@muliadilim Orang yg udah pernah positif covid trus sembuh apa sama aja ma orang yg udah vaksin kan sama anti bodinya udah kebentuk apa beda dok,
"@aglioolio03 antibodinya memang ngga langsung terbentuk. Aku habis vaksin rutin cek IgG anti-SARS-CoV2, baru terbentuk di minggu 6. Itupun kita nggak tau melindungi dari strain mana aja.",
"Patut bagi vaksin pada yg muda dulu. Sebab yg tua byk anti vaksin etc. Orang muda byk kerja, penggerak ekonomi. Okay bai",
@Meching_ @askfar @JannahWafa_ @HausofHilton agenda yahudi abah dia . yahudi pon ambil vaksin . gila puak2 anti vacc ni,
@dutadonor212 Klo after vaksin anti covid baru bole donor brp lama ya??,
@wonufoxy Kurang tau gua... Gk ada pernah denger... Mungkin karna vaksin itu kan kita di masukkin penyakitnya trus tar tubuh kita bikin antibodi .. mungkin klo blm 17 keatas masih belom kuat anti bodi nya. Jadi mereka menghindarkan... Makanya disuruh 17 keatas,
"Educate yourself first. Dah, jgn hasut org lain jd anti-vaksin jugak dan jgn menyusahkan org lain yeğŸ™ğŸ»",
Sapa yang anti vaksin sila duduk dalam hutan,
"Kalu ye pun nok jadi anti vaksin jadi sorang doh la, sohbeng ajok org2 tua la, nok maroh nye la aku ğŸ˜’",
"Anti-vaksin selalunya pakai fake profile, fake dp, nama pun fake.",
@IamAdibHamin Baru la aku terkenal dalam kalangan anti vaksin. ğŸ˜™,
"Sapa anti vaksin dia lagi bodo dari yahudi. Sebab yahudi pun ambik vaksin. Simple. Kaji situ kaji sini pala butuh, kaji guna google sambil garu pungkoq pastu acah terpaling scientist pala tok nek hang",
"Baru aku tau anti biotic, madu &amp; kicap boleh sembuhkan covid. Tunggu vaksin lambat sangat baik aku amalkan 3 benda ni je ğŸ˜",
"@lampungbase Bisa kena 2 kali nder kalo covid, casenya kakak ipar aku kena 2 kali padahal udah vaksin dosis full juga. Vaksin sbnrnya juga bukan jadi anti virus, tapi mengurangi gejala dan masa pemulihan lebih cepat. Jadi tetep harus prokes ketat",
@syahizaq Bukan anti-vaksin,
@Kingpukong W mo minta vaksin anti aging ajalah,
"Nasib la mak aku bukan anti vaksinğŸ˜„

Esk nk bawak dia p vaksin.",
anti-vaksin tapi sampai sekarang kau beraya. apa kau immortal ka?,
pastuu yg dpt berita tah pape pasal vaksin smua mak ayah yg dh tua yg mmg tkut dengan vaksin terus jd anti vacğŸ˜­ğŸ˜­ https://t.co/EEczy4Mwnh,
mostly yang yang anti vaksin ni banyak baca main topic je yang isi isi dia tu maleh tu yang palatao https://t.co/oX1oCfw1Tm,
Orang yang anti vaksin ni either malas buat research or stupid. Dua ni je.,
"dlm group aku sorang je pro vaksin, yg lain anti vaksin. mampos",
"Madu dengan kicap ? Ckp je ku anti vaksin, cepuk kepala tu kang https://t.co/F7rPUT4J3F",
Kalau bapak sendiri pun anti-vaksin macam mana ni,
Wujud lagi golongan anti vaksin ni?,
"sayang betul, anti vaksin rupanya",
Imagine kena tinggal dengan anti vaksin HAHAHAHAHA KAU BODOH QUADRUPLE,
"Bodo org2 yang share benda palsu bab2 covid, anti vaksin ni. Bodo bodo.",
Tapis sekali yang anti vaksin tu pun sama je tolol,
"@godtierlm Asal lambat eh, anti vaksin eh",
Aku bersyukur sbb ibu dengan ayah bukan anti vaksin.,
Aku ingat aku sorang je geram dengan classmate anti vaksin anti covid ni sekali classmates yang lain dah ramai delete no and mute story dia hahahaha,
"Di musim pandemik ini, bersyukur sangat apabila ahli-ahli keluarga tidak terpengaruh dengan anti-vaksin.

Hari ini ayah dapat suntikan pertama vaksin Pfizer. Sebelum ini, kakak ipar, abang-abang ipar, adik ipar dah lengkap dua dos sebab mereka barisan hadapan.",
@riksayuda EnggaaaağŸ¤­....kan dah vaksin anti galau dr duluğŸ˜‚ğŸ˜,
Bacaan bagus buat yg anti-vaksin: https://t.co/iQTFocqfo7,
@nisvkhrdn Anti vaksin ni ramai skrng,
disebabkan info2 macam ni la kawan aku jadi anti vaksin masalhnya the whole family pula anti vaksin sbb percaya benda2 macam ni https://t.co/tfczwE9eYK,
Percaya deh cuma olahraga yang bisa ngelindungin kita dari kopid.. karena vaksin belum dapet jadi ya ini effort yang bisa dilakuin untuk nambah kekuatan anti kopid,
Anti vaksin lebih ramai seperti yg disangkakan.,
"@Cryptofess_ nanti dis
suntik dng vaksin anti rabies",
@nizamMuradd Kalau ak siapa anti vaksin ak palau je hahahaha,
@chxngmint Ada juga sinb ketularan dari oppa tauuuu. Ada gitu oppa vaksin anti jeki??,
"Bukan anti vaksin, cuma tulah astrazeneca noob sangat..",
Hhmm member pon ada anti vac rupanya. Siap panggil golongan penerima vaksin ni sukarelawan dajjal lagi. https://t.co/wKvwQtUIV3,
"""Jangan dalam kelas ni anti-vaksin"" https://t.co/vTpck1vP9g",
"@daffana @melfeyadin Barusan lewat atas bawah pro ğŸ˜‚ğŸ˜‚ğŸ˜‚ tengah2 anti vaks.

Aku yg iddah kena covid aja nunggu bgt di vaksin ke2. Ini malah gak mau weleh2 ğŸ¤£ğŸ¤£ğŸ¤£ klo udah kena covid panik nanti tuh wkwkk

*Candapanik",
"Kaleyan yang anti vaksin, mohon  unfollow gw SEKARANG. https://t.co/nNWxPgmKVA",
Kot ye pon nk anti vaksin jangan lah ajak orang lain haihhhh,
Harini 1 lagi post dari orang lain dalam group kerja pasal anti vaksin punya post. Aku syak last sekali aku berhenti sebab toxic mentality orang lain je ni kang.,
"Oh no no, group family dah mula sebar msg2 anti vaksin ğŸ˜‚",
Someone explain to me kenapa seseorang itu anti-vaksin ? Tanpa judge dia siapa siapa,
kaum anti-vaksin gara2 ini,
"@yintuwan ga flop ah :(( sama samaaa, gigit juga gpp tu udh vaksin anti rabies ğŸš¶ğŸ¼",
apa benefits kalau aku jadi pro-vaksin.jadi anti-vaksin. boleh famous,
"Anti vaksin ni memang bodoh eh, boleh dia remove dari group sebab buat story pi vaksin hahahha",
ingatkan melayu je ada anti vaksin ğŸ˜…,
@HeniPuspita29 Ooo anti vaksin maksudnya huehehe,
"@wangcem @bharianmy Di mana ada tahi, di situ pasti ada lalat.
Bila ada anti vaksin, pasti ada pro vaksin.",
@muliadilim Kaum kaum anti vaksin emang sialan ya. Bikin orang lain yang pengen vaksin jadi ga ikut vaksin.,
"Badanku sehat, Imun tubuhku bagus, kalau hasilnya salah aku SO PASTI PROTES KERAS. 
Alhamdulillah bebas Covid19. 

ğŸŒTentang Covid19, aku belajar dari Dokter &amp; Profesor Top DUNIA yang anti vaksin, mengapa â“

Baca akun twitter Dokter &amp; Profesor yang kuikuti. ğŸ˜‡ https://t.co/CJooL7c0Kf",
kebanyakkan ex aku semua anti vaksin dan percaya covid ni agenda yahudi.,
"@eLAmaravati @nitalanaf Masih belum pasti ya untuk yg autoimun. Sampe dianggap anti vaksin di kantor
ğŸ˜¢",
How can u say anti vaksin kau rela kena covid hahahahaahahah kau minta mati ke,
12 Orang Ini Menguasai Kandungan Anti Vaksin Global COVID-19 https://t.co/bsNfrbcP0d,
12 Orang Ini Menguasai Kandungan Anti Vaksin Global COVID-19 https://t.co/aNVwAuxK5q,
"@desmon_tobing @MargasayaWang Yg anti vaksin covid jg, malah vaksin duluan, tanpa malu.
ğŸ™ˆğŸ™ˆğŸ™ˆ",
@Andiarief__ Itulah mengapa kita hanya butuh vaksin anti korupsi,
Ada lah juga rasa marah + kecewa tu bila dapat tahu kawan sendiri yg anti vaksin ni.,
"Kenapa tidak dikirim saja kenpalestina...Didu..!
Si didu ini menunjukkan kegoblokannya, negara kita saja masih ancaman covid , banyak meninggal dst,  apa dia pernah berbuat? Paling anti vaksin dan ternyata vaksin juga https://t.co/gurUgF64S0",
@asik_mulu @darakasiwi @fancyaskingmet1 @Wedhus999 @manuskele @BangPitung_AJW Sudah jelas2 menyuruh abai kya kawan2mu itu dan kamu saling sahut2an skrg kmu bantah pula..kl memang tdk mau abai itu bukan malah gabung sama golongan anti vaksin dan anti prokes itu brur..tpi justru meminta produk terbaik mestinya kampanyenya..nyatanya kamu mlh sahut2an tuh,
Blogger.. anti vaksin.. weleh weleh *geleng2 kepala*,
@asik_mulu @darakasiwi @fancyaskingmet1 @Wedhus999 @manuskele @BangPitung_AJW Msih lebih baik ada upaya meski bkn yg nomor satu drpada berupaya membuat org jdi bodoh sehingga anti vaksin..lihat cuitan2 kmu dan kawan2mu yg malah jdi anti vaksin itu..,
@asik_mulu @darakasiwi @fancyaskingmet1 @Wedhus999 @manuskele @BangPitung_AJW Kl efikasi vaksinnya tinggi ya jelas peluang kebal sangat tinggi..nah dsini..kl mau berjuang..suarakanlah agar rakyat mendapat yg numero uno..jgn suarakan malah anti vaksin yg berakibat merugikan rakyat..bgtu kl mau jdi oposiai pintar!,
"Marah betul kakak aku niğŸ˜‚

Nah khas buat golongan anti-vaksin https://t.co/zI2X6GoTSC",
Kimak btul anti vaksin ni,
"Vaksin Pfizer palsu di Meksiko dan Polandia, diisi serum anti-keriput

#KhasLokadata #MediaLawanCovid19 https://t.co/eXHcbOVTys",
@fifahazam kau anti vaksin ke pipah,
"Yahudi pon ambik vaksin, agenda melayu anti vax la kira nya ni",
"KemarenÂ² mempertanyakan dan anti vaksin, skarang nuntut percepatan vaksin..",
@_minahxgsd Gue udah vaksin anti badut ğŸ˜€ğŸ˜€,
@princetriniey Saya anti vaksin tapi saya register for vaksin. Adakah saya akan menyusahkan staff hospital?,
@princetriniey Saya tetap anti vaksin sorry,
Masalah jgk. Dh complete 2 dos vaksin masih dpt jangkitan. Peluang dan ruang utk anti vaksin menyebarkan dakyah sesat tu.,
Shittt both atuk nenek anti-vaksin ğŸ˜,
@neydeii @khairulaming sama lah geram!! yg bg info fake mcm ni. dlm group wasap fmily plk tu. yg sambut siap berhujah sbb dia anti vaksin. ckp bijak pndai.  kemain.,
Aku baru lepas baca post dari anti vaksin https://t.co/OgpUDNt9g3,
"Terus klo udh vaksin, pengen tau efektif ngganya si vaksin ngebentuk antibodi..bs test anti SARS-COV-2 kuantitatif.

*pict adl contoh result test babe gw yg udh vaksin 2x di bln maret 2021, test efektivitas dilakukan pd 15/5/2021. https://t.co/OJes7XMmJl https://t.co/MgbGoD0k1N",
@panca66 Tolong di vaksin anti dungu dan suntik virus corona,
Mak bapak aku anti vaksin tpi tetiba aku ckp aku daftar vaksin hbis berdarah telinga aku,
@MINHYUKxLS Nih vaksin apaan bang? Vaksin anti jomblo? Wkwkwk,
@mhdhfzddn Kau kalau anti vaksin kau unfollow aku sekarang semua social media.,
"â€œaku bukan anti vaxx tapi kalau kena vaksin nanti matiâ€

buuuuuuuutoh",
bodoh piang sumpah block anti vaksin,
Eleh yg anti vaksin dgn percaya konspirasi ni bnyk dark side. Aku ade member mcm ni gak. Malas nk spill the tea.,
"gerakan anti vaksin pn dah jadi mcm israel yahudi zionist, putar belit fakta , tahniah anda telah jd separuh yahudi . https://t.co/eV9S4bK75H",
Susah ye ada sedara yang anti vaksin ni,
"@JatIkhwan Betul2 main jiwa la kalau mcm ni... Mcm psycology ada.kite nk kutuk israel,israel buat video tu ckp lain tp pihak anti vaksin edit lain nampak kita salah plak. Apa lahanat la woi dunia skarang",
Bukan Anti Vaksin. https://t.co/PtIXAdsCYf,
"Kau kalau anti vaksin , jangan la hasut yang lain . tolong",
"Ahli Biologi molukuler Universitas Brawijaya, Prof. Dr. dr. Yuwono menjelaskan bahwa vaksin sinovac juga efektif untuk membentuk anti body terhadap varian India B1617 yang masih berasal dari mutasi S yang sama seperti varian B117. 
@jokowi
@KemenkesRI
#JokowiLawanPandemi https://t.co/21LoJIgvjS",
Nasib baik lah aku ada sekali dalam group mak aku ni. Dapat baca post dari anti-vaksin. Rajin rajin la scroll ws diorang ni and pantau satu satu. https://t.co/JYu830pWsv,
"Kota Malang syumuk sekali, iki lho vaksin anti gorokan garing gess! (Informasi lebih lanjut hubungi 089609083990 utowo dm @meytsa) https://t.co/FhViSMd4H8",
Sama la golongan anti vaksin pun https://t.co/AEO1sP64rJ,
@ErahSoo Bg tau je sapa uar2 kan pada org dia tu anti vaksin,
@jeonblis Hmm kalau semua anti vaksin ni mcm mana ğŸ˜,
Problem utama penanganan covid di Indonesia ini adalah baru 6 persen rakyat yang sudah vaksin. Lambat dan merisaukan. Bukan karena rakyat anti vaksin. Persoalan jadi melebar kemana-mana. Pertanyaannya mengapa ini jauh meleset dari janji?,
"Covid19 : Jika PN GAGAL, ertinya semua negara dunia juga GAGAL

Kita sedang berada dalam situasi pick perang terhadap covid tapi masih ramai yg memandang sepi dan masih melanggar sop.

Ada golongan tertentu pula mewujudkan kumpulan anti vaksin. Yg ni mmg golongan pening.
. https://t.co/rgHpzTsASK",
aku vaksin anti miskin aja boleh gk ğŸ™ğŸ™ğŸ™,
"Keluarga adek semua pakai kalung anti virus (semula ku pikir id card) mirip di bawah, padahal sudah vaksin 2x mereka. Super cautious ndak seperti kakaknyağŸ˜…. https://t.co/7MO4y12COm",
"khas utk anti-vaks yg post status atau tweet vaksin ada magnet, ada micro cip boleh tracking padahal lupa tangan sendiri dah dipatri, dalam poket dalam handbag dah lama dibawak sekali https://t.co/MARNVy6GoE",
"Somebody just sent a message in my family whatsapp group saying ""ternyata golongan anti vaksin ni bijak sekali!!""

Bunuh jela aku https://t.co/nm5QWhAxKd",
"tapi sayang ramai org tua yg degil, dah explain beribu kali, dah tunjuk bukti, still jadi anti-vaksin https://t.co/3Kjbu9esPp",
"Somehow family sendiri yang susah kita mau kasi faham psal vaksin ni. Not that antivaks, he just anti semuaaaaaaa medical things ğŸ¤¦ğŸ¼â€â™€ï¸ https://t.co/H8dCsq2nnn",
"Haih, kawan sendiri anti vaksin ni menyedihkan la ğŸ˜Œ",
@mochamadarip Bisa nya teriak anti China padahal pake HP china... Anti vaksin china tp ga jelas maunya apa... ğŸ¤£ğŸ¤£,
@jumintenkoplak Vaksin kan bkn buat anti virus,
susah kelaka dgn anti vaksin tok sbb sidak jenis sikmok membaca. nya mcm bodoh tapi sik ngakuk eh.,
along aku sndiri sebenarnya yg selalu sngt share benda buruk pasal vaksin. mmng betul2 anti vaksin dah.ğŸ˜”ğŸ˜”sedih,
"betul, paling perit bila abah jadi anti-vaksin sebab percaya benda merepek gini ğŸ˜¢ https://t.co/6FCIIfujLz",
"Selain vaksin corona, para scientist jugak perlu cipta vaksin anti-kebodohan dan wajibkan setiap new born babies utk suntik.",
"@ahmadbelia Ah, koran anti-vaksin tu. Ko ni jenis mudah terpedaya ni apex.",
anti betul budak budak ni dengan budak penerapan ğŸ˜‚ macam anti vaksin diaorang punya anti tu ğŸ˜‚,
@sitikasim Org sakit mantel mcm siti kasim ni kita bagi vaksin anti gila...haha.. gila dia makin menjadi-jadi ... Maklum la dah sesat bergoyang sakan.,
Selain menyampah dengan anti vaksin. I also menyampah orang fitnah air sejuk.,
"ustaz ni ada bunyi macam anti vaksin, tapi aku still positif sebab :

1. dia suruh buat medical check up before vaksin 
2. dia suruh buat journal after vaksin

thats good, tapi dia patut jugak galakkan buat medical check up every year, not only sebab vaksin.",
@RD_4WR1212 @AyaniMel Efek samping vaksin anti racun kadal gurun nih ???,
Aku rs aku bernasib baik sebab xde pn kenalan aku yg terang2 ngaku dia anti vaksin. Syukur sebab aku xperlu nk ada manusia bodoh yg pentingkab diri sendiri dan bersyukur sbb aku xperlu nk buang masa argue ngan golongan bodoh tu.,
Allah....yang anti vaksin tu tolonglah https://t.co/hNH0jQjEDO,
"Petang tadi aku whatsapp adik aku suruh dia daftar vaksin az yang akan datang ni, boleh lak dia jawab dia anti vaksin. Geramnyaaaaa ğŸ¤¬ğŸ¤¬ aku dh kabor ke dia suruh makan teik je sebab bengap.",
"@jaettraction Aku butuh vaksin anti brian, capek dibikin deg2an terus ğŸ˜­",
@sevaguero @ODEROUND Gak ketularan soalnya udah pake vaksin anti anais.,
"@P3nj3l4j4h_id @satgascovid19id @KemenkesRI disana yang melanggar lebih sedikit dari yang patuh
disini yang patuh lebih sedikit dari yang melanggar

belum lagi faktor agama tertentu, anti pemerintah, anti vaksin/covid dll 

ya begitulah",
"Dah la anti-vaksin, penyokong israel lak. Memang patut kena remove je la ğŸ™„",
"Sakitnya dada baca pasal Israel, anti vaksin dan suami biar isteri mengidam.",
Anti vaksin xtgk tv coach. Agenda yahudi tv neh haha https://t.co/GJTwSP1J9c,
"Selain dari golongan anti vaksin dan Israel, lelaki curang dan wanita rampas laki orang kita kena perangi!!!!! LAWAN TETAP LAWAN!!! https://t.co/XHeSktx8Z8",
Ndala aku tau anti vaksin ni punya fatwa semua ubat hospital pun mengandungi minyak lemak babiğŸ¤©ğŸ¤©ğŸ¤©,
"Yang anti vaksin, sebaiknya pakai masker, biar nggak kecipratan ğŸ˜‚ğŸ˜‚ğŸ˜‚ https://t.co/IlkyXY2pDI",
@haiakuuuuu Ini mah lama lama aku dikira anti vaksin rifğŸ¥²ğŸ¤Œ,
Teori konspirasi soal tubuh orang usai divaksin Covid membuat seleb medsos anti-masker di AS dan Kanada malah berniat pakai masker serta melakoni social distancing. https://t.co/Bj7U2fCU3w,
@httpinjeolme vaksin anti patah hati,
Sy bukan anti vaksin tp sy anti ubat hahaa #AllergicUbatnisumpahsakit,
