Tweet,Nilai,,,
@AmiliaNabila Amy tak dftar eh hari tu yg astra zeneca tu? 26hb ni rasanya dia bukak lagi,,,8,21
Banyak lagi slot kosong vaksinasi Astra Zeneca untuk golongan warga emas atas 60 tahun ni. Serius banyak.,,,,
"Tahniah diri sendiri, sebab berjaya daftar sebagai penerima vaksin Astra Zeneca.

Twit ni akan jadi bebenang untuk I sebab I nak update side effects lepas dapat 1st dose (beriyaâ€”)",,,,
"Hebahan Info On Wheels (IOW) Perintah Kawalan Pergerakan (PKP) 3.0 Dan Hebahan Khas Pendaftaran Vaksin Astra Zeneca Daerah Sepang

https://t.co/9FQf2hoyJS

#IOW 
#PKP
#COVID19 
#PatuhiSOP
#KitaMestiMenang 
#KomunikasiKita
#JaPenSelangor https://t.co/nCbhvllrtH",,,,
@YahyaImran @AimanPsikologi Saya dah ambil astra zeneca alhamdulillah side effect cuma sakit ditgn yg tmpt ambil suntikan tu..tak ada demam..cuma cepat lapar dan jadi kuat makan ğŸ˜†ğŸ˜†,Percaya,,,
â–¶ï¸ 3. Terdapat hubungkait kesan pembekuan darah dengan vaksin Astra-Zeneca di kalangan penerima vaksin yang muda tetapi kadarnya juga amat jarang berbanding dengan jumlah vaksin yang diberikan . Astra-Zeneca dianjurkan lebih selamat untuk mereka yang berusia 60 tahun ke atas.,,,,
"Serba sedikit info dari pharmacist bertauliah regarding vaksin astra zeneca, trombosis &amp; warga emas. 

Anyone ada more info, lets share yaa. https://t.co/Nmqp7xMAqI",,,,
@sintashintaa @Inkanaputri Gue dua duanya sinovac alhamdulillah malah ga ada efek samping apapun. a ğŸ¥ºğŸ¥ºğŸ¥º,Percaya,,,
"Untuk visualisasi dan penjelasan dengan bahasa yg mudah dicerna terkait ini, bisa ke link berikut: https://t.co/f1BeaxRwfi

Menyeimbangkan risk dan benefit dari suatu vaksin sangat tergantung banyak faktor dan tidak bisa dipukul rata di satu tempat dan tempat lain.",,,,
"Penat aku baca ulang2 apa bnda Al-astora Wal Zaniqah, rupa2nya Astra Zeneca ğŸ¤£ğŸ¤£ğŸ¤£ boleh viralkan dlm Whatsapp ni, InshaAllah. ğŸ˜‚ğŸ˜‚ğŸ˜‚ https://t.co/zciRYS1jdE",,,,
Astra Zeneca ndadakah mo dibuat di lahad datu?,,,,
"Nak tanya @JKJAVMY, vaksin jenama Astra Zeneca ni hanya akan diguna untuk Program Imunisasi Hunger Game (siapa cepat dia dapat) sahaja ke? PICK yang rakyat kena tunggu beratur fasa 2-3 padia tu takkan guna AZ?",,,,
"Kepada lahabau yang pernah foward kat bapak aku astra zeneca vaccine reject, semoga kau mati secara slow slow dan auto ke neraka.",,,,
Astra Zeneca ni takmau mai perak ka?,,,,
Masih banyak slot Astra Zeneca. Jom ajak orang tua kita dan saudara mara kita yang berumur lebih 60 tahun untuk daftar.,,,,
Utafiti wasema chanjo za Pfizer na Astra Zeneca ni kinga dhidi ya Korona kabila ya India. https://t.co/B5HQqngZHL,,,,
"Sekiranya seseorg dh divaksin dgn Astra Zeneca, adakah dia perlu divaksin dgn Pfizer pula sekiranya dia dpt menunaikan haji tahun depan? Sbb Pfizer adalah syarat kjaan Saudi kan?",,,,
@rafidah72 @MYBuahPinggang Saya sudah dapat Astra-Zeneca first dose. Tetapi rakan rakan saya ada masih ramai lagi gusar dan mengambil langkah tunggu dan lihat 'Barkoba Yak Yak Yeh' . Saya berharap semua rakyat bermotivasi tinggi untuk mengambil vaksin secepat mungkin,,,,
@gmxn_ itu la aku jwb balik soalan ni tadi. pasal ada penolakkan vaksin astra zeneca. kalau tak ada msalah. pendaftaran optional x buka. trus je jalan PICK,,,,
@iamshunan @45Fortify @Marina_Ibrahims https://t.co/pi6QRljwZT sedikit info berkaitan Vaccine Astra Zeneca untuk Heart Disease Patients,,,,
"@fareezropi @nnnbbbzz @LagaCawan Tulah harituh nk masukkan astra zeneca dlm pick, ramai sangat melalak ckp tak ikut sainslah, negara lain dh banned az lah.... kalau harituh az masuk dlm pick, byk dh supply vaksin utk pick, lagi cepat vaksin warga emas",,,,
"@jojosuherman @nuelandreas biasa efek yg sering kurang ngenakin dar Astra zeneca, kalau sinovac minim efek samping. cmiiw",,,,
"Punca takut: Vaksin ni tak lindungi kita terhadap varian Covid B.1.617 dari India.

Fakta: Dua dos Pfizer atau Astra Zeneca memberi perlindungan 81% terhadap B.1.617 dan 87% terhadap B.1.1.7 dari UK.

Baca data di bawah. Jom vaksin.

*translated*

https://t.co/i2GVZbDxbV",,,,
"Ada waktunya, bila aku baca AZ tu, aku teringat Nasi Kandar AZ kat kuala, instead of Astra Zeneca. So maksudnya, aku tengah lapar waktu tu.",,,,
"@drunkhys Gak ada yg harus gimana2 sih sebelum vaksin.

Santai aja. Jangan dibawa takut or tegang gitu aja..

Dikasih tahu gak besok dapet vaksin yg jenis apa?
Sinovac/Astra Zeneca/yg lain?",,,,
@gmxn_ @CikManisDonut yg dftar skrg ni pilihan. sebab ramai tak mau astra zeneca ni. PICK masih berjalan. dan bukan masalah nk edarkan vaksin tapi masalah stok tak ada,,,,
"Astra Zeneca nak 10.
Pfizer 10.
Tunggu kerajaan ni lambat nak mampus. Meh aku bayar. https://t.co/hBid9ZcANL",,,,
"IINFO VAKSIN

Harga Vaksin (seperti yang di dedahkan oleh Menteri Kewangan Belgium Eva De Bleeker melalui Twitter beliau pada 17 Dec 2020);

Astra Zeneca - RM8.90
Sanofi/GSK - RM37.80
Pfizer/BioNTech - RM60.00
Curevac - RM50.00
Johnson &amp; Johnson - RM31.50
Moderna - RM75.60",,,,
"Harga Vaksin 
Pfizer : 19.50 USD  = 80.75 MYR
Astra-Zeneca : 5.25 USD = 21.74 MYR

Korang kena buat swab test sendiri berapa?
Dari habis duit buat swab test ratus-ratus, baik vaksin terus. 

Sumber : https://t.co/6JnGDbpEwf https://t.co/PMOkpdkUv1",,,,
"@JKJAVMY Hi!

Saya masih tidak boleh untuk teruskan pendaftaran vaksin Astra Zeneca di laman web vaksincovid.

Tidak boleh memilih negeri &amp; tarikh.

Harap dapat betulkan dengan segera.",,,,
"@KediriFess aman, aku tas vaksin pertama gawe astra zeneca aman"" wae gak panas gak opo, kemeng wajar nggon suntikan 2 dino mari. Ya masio enek sing gregesi wajar tergantung imune masing""",,,,
@JKJAVMY Saya Cuba daftar Astra zeneca. Tapi saya tak boleh pilih lokasi dan tarikh? Kenapa ya?,,,,
nak register Astra zeneca for my mom tapi option negeri tak dapekkk dh kenapeee,,,,
Macam mana nak daftarkan dependant untuk Astra Zeneca kalau dia mintak MySJ ID?,,,,
jatah vaksin Sinovac udah abis apa gimana ya ? ngeri banget mau vaksin tapi cuma dapet jatah Astra Zeneca huhuhu,,,,
"Family members 50 kali tanya mana link Astra Zeneca, mana link Astra Zeneca. 

Padahal dah cakap 50 kali. 

Me: PUKUL DUA BELASS NANTIII PUKUL DUA BELASSSSSSS !!!

Adoi penat. Tapi takpe. Demi memastikan semua dapat vaksin. Kita bersabar ğŸ˜…",,,,
Alhamdulillah Mama Abah done registered for Vaccine Astra Zeneca. âœ…,,,,
"Sebentar lagi, vaksin Astra-Zeneca akan dibuka untuk pendaftaran opt-in. Sila ambil kesempatan ini.

Apa vaksin yang cepat, ianya terbaik untuk anda. https://t.co/MnX5TtlyEc",,,,
@risagaluh waduw smpe kyk gtu yaa adechu? pke astra zeneca kah?,,,,
@LostSou39348907 Astra Zeneca ka keh rahay hai log. Pfizer tuo hum laga hee nahi saktay. KSA US ki waja say keh raha.,,,,
"Dalam artikel tu jugak ada bagitahu tentang manual penggunaan Pfizer mesti 2nd dose lepas 3, dan Astra Zeneca lepas 12 minggu. 

Kiranya strategi delay 2nd jab UK sebenarnya taklah keluar dari arahan manual Astra Zeneca. 

Apapon kita tunggu negara besar buat experiment",,,,
"Dah baca dua-dua artikel. 

Artikel the lancet tu berkenaan Astra Zeneca, jadi tak apply untuk Pfizer. 

Untuk artikel berita publish by University of Birmingham tu, experiment hanya kepada orang tua yg berumur atas 80 tahun. Dan experiment juga masih ""not yet peer review"" https://t.co/2BrP7vw43H",,,,
@WeAreKL Kau yg tak tgk berita. Vaksin astra zeneca yang msia skrg guna tu di UK diorang dh bagi secara menyeluruh kpd rakyat dia. Please get your fact right. Negara europe mana ni? Ni UK kan skrg ni ?????,,,,
"Kirain tangan w jd berotot atau ya segede gini tiba2, taunya emg bengkak dikit gegara si astra honda zeneca wkwkw mana kmrn dokternya bingung kasih apa gegara w alergi ibuprofen... Yawda... Semoga ga aneh2 geje",,,,
@AdamPrabata lalu yg udah vaksin tahap pertama pake astra zeneca gmana ya dok ??,,,,
Ada disini yang udah disuntik Astra Zeneca? Kalian pada ngerasain gejala apa aja guys? #vaksinastrazeneca #astrazeneca #vaksincovid,,,,
"@pirimiries prin lo kemaren pas abis vaksin pilek dan meriang kan, dr astra zeneca juga? Gue baca emang dia lebih kuat adverse effect obatnya di org yg &lt;25 th. Meskipun kata temen gue yg di pkm, usia yg laporan kipi tuh bervariasi dan gejalanya bervariasi.",,,,
"SHOCK ANJIR, VAKSIN ASTRA ZENECA BATCH CTMAV547 DIHENTIIN KRN ADA 1 PEMUDA 22 TH DI JAKARTA YG MENINGGAL SEHARI SETELAH DIVAKSIN, DIDUGA KARENA VAKSIN TSB. LAH BAPAK GUE UDH DIVAKSIN AZ RABU KEMAREN DAN EMANG ADA KIPI ğŸ¤¬ğŸ¤¬ğŸ¤¬ https://t.co/z7bxblw1zQ",Tidak Percaya,,,
"@srinivasiyc @yogrishiramdev abbe BOSE DK apne bhakton ko tu apni coronil q nhi deta. land k liye w8 kar rhe ho. ek baap ka hai to koi v science ki medicine covaxine covisheild aur many foreign medicine like sputnik Pfizer, Astra Zeneca, and more ko mat lagana warna keh dena ki kitne baap ka",,,,
@ialeeep Dia explain secara menyeluruh sebenarnya. Ada ah gak Astra Zeneca disebut kat sini https://t.co/fyqOwnw9fw,,,,
"Hebahan Info On Wheels (IOW) Program Ujian Saringan Percuma COVID-19 dan Pendaftaran Vaksin Astra Zeneca Untuk Warga Emas Dun Sri Serdang Daerah Petaling 

https://t.co/1exAi3xEgy

#IOW 
#PKP
#COVID19 
#PatuhiSOP 
#KitaMestiMenang
#KomunikasiKita
#JaPenSelangor https://t.co/3gx0Jya3iM",,,,
"Help.. temen gue abis divaksin Astra Zeneca sekarang dia demam dan batuk-batuk.. usia muda, gejala ringan dan ga ada komorbid jadi ga dijamin kemenkes.. harus kemana ya? Ga punya bpjs, ga sanggup bayar pribadi diaa ğŸ˜­ğŸ˜­ğŸ˜­ @KemenkesRI @satgascovid19id @LaporCovid @KawalCOVID19",,,,
Tular kembali video tentang vaksin Astra Zeneca yang dahulu telah dijelaskan. Mengapa nak takut-takutkan orang. Apa faedahnya? https://t.co/bigUuTwXiV,,,,
@chedetofficial Satu soalan saja Tun...adakah vaksin keluaran pfizer dan astra zeneca ini tauke nya orang Yahudi di mana setiap pembelian itu menguntungkan mereka dan mereka salurkan kepada Israel zionis untuk pembinaan haikal sulaiman atau sinagog kerana Yahudi memang rancang semua ini,,,,
"Nampak sangat sistem nak bagi vaksin ni lembab, tak boleh harap. So the only way is to shush people by offering Astra Zeneca to KL/Selangor sebab diorang tahu influencers ramai from those places so at least now orang dah tak berapa bising on that matter.",,,,
Helo siapa yang will be taking Astra Zeneca ! https://t.co/VpfC880x4C,,,,
"Untung la geng kayangan, kau baru biomed 2nd year, register sebulan terus dapat Pfizer. Dah masuk 2nd dose pulak tu. Lecturers kitorang pun rebut Astra Zeneca, dik.",,,,
"@fuddoz gua kemaren pake astra zeneca sih, mayan juga efeknya",,,,
"@redza27326267 Ini maklumat lama ni
Masa tu Johnson&amp;Johnson. Astra Zeneca, Sputnik tengah phase 3 clinical trial 

Sekarang semua vaccine dlm gambar dah approved

Untuk dapat approval, vaccine mesti lulus phase 3 clinical trial",,,,
"@SG4Y4THRI @lfcasyraff @stslwa Ohh
Baru faham mana dtg soalan ...

Soalan 1 : apa maksud 3
Ujian percubaan?
Maaf saya taktau

Saya rasa infografik ini dari data lama.
Maybe awal tahun ini.
Sbb masa tu Sputnik, Johnson &amp; Johnson, Astra Zeneca belum dapat approval.
Now all dah passed phase3 clinical trial",,,,
"klrg besar TPP P3MD Kab.Bwi sdh divaksin astra zeneca thp 1
#tetapjagaprokes
#jangankendor
#PendampingDesa
@jokowi 
@halimiskandarnu
@Kemendespdtt
@malik_haramain
@taufikmadjid71
@fachrilabalado
@Pusat_PPMD
@kemendesapdtt
@tppkemendes
@ahmad_dewanto
@Mift4hulMunir
@tppibanyuwangi https://t.co/VKF7ZadsZf",,,,
Vaksin Astra Zeneca tadi pagi. Sehat selalu ya gaeees. https://t.co/TxpJPxotop,Percaya,,,
@waneooo @azianamahmud @zatimahmud Nenek jak apak diak angai yen...p yen lah...astra zeneca tew idak angai yau serita dgh aağŸ¤­,,,,
"Saturday | 22.05.2021
#CucukMYAZ 
Alhamdulillah 
Done 1st dose Astra Zeneca 
 ğŸ“¸ @Rie_Azhari89 https://t.co/zFmn7v4OWU",,,,
Patut ke daftar untuk Astra Zeneca or waiting 'forever' dekat mySejahtera?,,,,
Laki aku baru balik from vaccine appt. did he take the Astra Zeneca or Extra Gedikka? Terlebih gedik sampai tak nap at all.,,,,
Temenku habis vaksin astra zeneca 2 jam setelahnya tidak disarankan oleh IDI wkwkwkwkwwk dari kemarin panas dingin badannya blokkkk,,,,
"Hebahan Info On Wheels (IOW) Program Ujian Saringan Percuma COVID-19 dan Pendaftaran Vaksin Astra Zeneca Untuk Warga Emas Dun Kinrara Daerah Petaling 

https://t.co/Y0mAhlbYd7

#IOW 
#PKP
#COVID19 
#PatuhiSOP 
#KitaMestiMenang
#KomunikasiKita
#JaPenSelangor https://t.co/VgVUWNXSlC",,,,
@amaliakrs_ meng.. astra zeneca gabole &lt; 30tahun ğŸ¥²,,,,
@PartaiSocmed Adik ipar dirawat setelah vaksin astra zeneca....semoga segera sehat kembali. Aamiin,,,,
@LONELYAJA99 Di tempat aku vaksinnya astra zeneca. Ncing sama mama udah vaksin alhamdulillah aman hehe,,,,
"Saturday | 22.05.2021
#CucukMYAZ 
Alhamdulillah 
Done 1st dose Astra Zeneca 
 ğŸ“¸ @lemonmasamm https://t.co/0lvdoWhbAY",,,,
"Ini memang aku ngantuk, apa efek kena Astra zeneca yakk",,,,
"@bertanyarl Vaksinnya apa nder? Sinovac atau Astra Zeneca? Kalo AZ efek sampingnya emang agak berat biasanya. Minum obat pereda nyeri aja sama makan sayur buah. Kalo belum mendingan, coba hubungin CP di lembaga saat vaksin.",,,,
"Sejak 5 Mei vaksin Astra-Zeneca diberikan, selain keamanan, banyak yg mendiskusikan (dan akhirnya bikin takut diri/orang lain) ttg reaksi demam &amp; linunya. Konyol kalau jd takut divaksin yg ke-2. Mungkin @dirgarambe @drpriono1 @ProfesorZubairi perlu lbh banyak sosialisasikan ini.",,,,
"Suhu 36.5
Tekanan 117/75

Astra Zeneca vaksinnya. Semoga aman ya. Amin amin.",,,,
"@Sesa_Opas Astra Zeneca ternyata kak, tapi amanlah Amin! Makasihh Kak ğŸ™",,,,
"Astra zeneca vaksin..

After 10 hours
1.demam-- no
2.pusing -- no
3.mules ringan  plus kentut kentut 

Menuju phase 2 sd 13 agustus 21 semoga dilancarkan..

#AstraZeneca
#COVID19 https://t.co/xPWpEiMldo",,,,
"@ProfesorZubairi @jlepianda Mau nanya apakah disini yg udah vaksin Astra Zeneca ga alami gejala2 seperti demam tinggi, dll? 

Saya vaksin pake AZ pd tgl 7 Mei dan saya ga alami gejala apa2 cm emang tangan yg disuntik lemes dan cepet lelah sih",,,,
Halah pake astra zeneca jugak banyak yg meninggoy https://t.co/00LQQKHXCn,Tidak Percaya,,,
"@ednadus Astra zeneca lagi viral, ada bberapa orang yg abis divaksin zeneca K.O alias tewas dibanding sinovacs",Tidak Percaya,,,
"@agathanovs yg dari kantor Kamu enggak diinfo gitu? Temenku ada beberapa sih yg kejadiannya gini, mereka pake Astra Zeneca itu namanya.",,,,
"Dinas Kesehatan Berikan Vaksinasi Astra Zeneca kepada Warakawuri, Purnawirawan TNI dan Istri Prajurit https://t.co/47U92fw3W7 https://t.co/WueUxUrFWP",,,,
@AdamPrabata Kalo Astra Zeneca utk penyintas Covid bgmn dok?,,,,
Astra zeneca terbalikkan jadi Acenez Artsa membawa maksud â€œAku anak dajjalâ€ kalau diterbalikkan dalam bahasa Hebrew Parsi https://t.co/f0dBaWzYtO,,,,
Banyak cerits lucu saat vaksin astra zeneca daripada cerita vaksin sinovac ğŸ˜‚,,,,
@Putrifitr Eh bentar bisi urang salah. Sinopharm itu yg dr astra zeneca? Kalo dr sinovac namanya apa?,,,,
@ProfesorZubairi Yahhhh sudah terlanjur dapat vaksin yang astra zeneca dok ğŸ˜©ğŸ˜©,,,,
"Baca running text d suatu station news TV ""hanya astra zeneca yg di ijinkan naik haji"". Bingung gak sih???ğŸ¤£. Komen iseng, ""duh baru bbrp bln masuk Indonesia AZ lsg jd mualaf dan lsg naik haji. Yg lain nunggu tahunan padahal utk dpt bagianğŸ˜. Cb atuh da news, yg jls SPO nyağŸ™‚",,,,
"@geloraco Tinggal kasih astra atau yg lain, berapa oranglah yang berangkat, ikuti kemauan arab saudi, gitu aja kok repot...
Kecuali ada hal lain dibelakang itu dan mengkambing hitamkan arab saudi..
Kami aja stok sinovac cina habis dapat jatah astra zeneca",,,,
"emang ga bisa yaa vaksin astra zeneca di bawah umur 30th
gimana yaa yang udh terlanjur di vaksin?",,,,
"@AbbyArina @HealerQuin N byk yg org dpt skrg ialah Astra Zeneca (AZ) yg kerajaan open for registration for those who want it..tp fasa kedua nak apply ni yg suddenly dia tukar plak 60+ ke atas je bleh apply for it ğŸ˜©

Usually yg berumur n berisiko mmg dpt pfizer, yg sihat, muda dorg bg sinovac",,,,
mampus gua astra zeneca lagi gaes mon maap yak kalo w ada salah bye. https://t.co/8r8U0oF5zm,Tidak Percaya,,,
@zarazettirazr @OfficialiNewsTV Katanya vaksin astra zeneca tidak di anjurkan untuk yg usia dibawah 30 thn di Inggris uni?,,,,
"@detikcom Kamis gw baru divaksin dengan Astra zeneca, i think not bad",,,,
Mwiriwe @RBCRwanda @RwandaHealth  ese abantu twakingiwe urukingo rwambere rwa Astra zeneca ko ntarwakabiri turabona ese igihe cyogufata urwakabiri ntikiragera??,,,,
@sweetsugaries yg sekarang pake astra zeneca apa sinopharm kak?,,,,
"@RwandaHealth Mwasobanura uburyo umuntu azabona doze 2 cg tugumane iyi imwe kuri astra zeneca

Murashaka ko tuba zombie nkuko abana banjya babivuga",,,,
@zakihasny gue denger di radio td pagi katanya emg astra zeneca cenderung lebih aman buat seniors... jadi yg rentan komplikasi justru kite2 ini,,,,
kemaren abis vaksin astra zeneca trus hari ini keluar berita https://t.co/hIR8pEhlxK terimakasih Ya Allah ğŸ™ğŸ¼,,,,
@daniellsinaga astra zeneca kah vaksinnya?ğŸ¤”,,,,
@ProfesorZubairi @raden_jengking Istri teman tadi pagi juga meninggal setelah di vaksin astra zeneca yg kedua...,Tidak Percaya,,,
"@HausofHilton Ni serious question doc. Kalau campur astra zeneca and pfizer for both doses, ada side effect ke? Atau tak pernah dibuat orang",,,,
"Akhir sekali, YB @Khairykj , janganlah buat kenyataan mengatakan hanya Pfizer untuk ibu menyusu; jika tidak boleh memberi mereka pilihan itu sekarang.

Tahniah kepada adik saya yang telah menerima vaksin Astra-Zeneca walaupun masih menyusu.",,,,
"Soalan 3: Kenapa didalam poster JKJAV letak tidak ada kajian untuk Sinovac &amp; Astra-Zeneca?
Jawapan: sebab memang tidak ada kajian jangkamasa panjang; akan tetapi MASIH BOLEH diambil jika kedua-dua pihak setuju. 

Soalan 4: perlu berhenti menyusu ke selepas vaksin?
Jawapan: TIDAK.",,,,
"@allhaildesserts B I ada terbaca tuit dia kata nk melayu kan astra zeneca, jadi Dâ€™astra Zeneka. ğŸ˜”",,,,
@nurudin_albakri aku lagi sedih register first day masa suruh register astra zeneca. sampai harini tak dpt tarikh and confirmation. check dlm system kata nama tak wujud. =.='',,,,
@unaaa16 Aku dapat under kuota pesakit HKL. Kau tak daftar ke yg astra zeneca tu?,,,,
Tak pasti. Tapi saya yakin orang kita akan lebih suka Vaksin Astra Bestari. Vaksin Ibnu Zeneca okay juga. Bunyinya lebih tempatan https://t.co/KNUM5n969i,,,,
@inquirerdotnet @DYGalvezINQ Astra Zeneca ang bakuna ni VP Leni.,,,,
@thareqdefa Aku baik2 saja kok req dapet astra zeneca,,,,
"akhirnya disuntik astra zeneca tadi pagi.
agak ngantuk wkt pulang nyetir tadi. semoga gaada gejala komplikasi lainnya deh. aamiin.",Percaya,,,
"@ProfesorZubairi Kami di salah satu BUMN vaksin nya Astra zeneca prof, lumayan banyak yg sakit setelah vaksin, trmsk sya sendi"" linu sekitar 2 hari",,,,
"Ternyata Astra Zeneca ğŸ˜…
10:35 - vaccination
13:00 - gak nyeri, gak laper yg gimana2, cuma bawaannya pengen makan aja (mungkin sugesti kali ya). Gak ada tanda2 demam/sakit kepala (semoga aman terus sampai nanti2)

Note : abis observation, langsung jajan minum yg banyak",,,,
@Awkoakwoakwok Astra zeneca yak? Aku 3 hari kemeng terus ğŸ˜‚ğŸ˜‚ğŸ˜‚,,,,
D'Astra Zeneca Viral Ketagih Cheese Meleleh https://t.co/sO8bx4ueiz,,,,
Sama widi yang kerja di puskesmas dikasih beberapa efek vaksin jenis astra zeneca :) gapapa aku kuat kok baik2 saja aamiin. Makanya ku heran tadi kok  dikasih obat dan vaksin kedua baru agustus. Ternyata emg bukan jenis sinovac,,,,
"Kayak, mending ga vaksin dulu sampe ntar dapat sinopharm atau sinovac lagi. Daripada vaksin skrg tapi dapatnya astra zeneca.

Soalnya aku gatau kondisi badanku gimana",,,,
"Aku kok takut pake astra zeneca

Wajar atau lebay? ğŸ˜”",Tidak Percaya,,,
"Gw sudah menerima suntikan pertama vaksin Astra Zeneca, dan tidak mengalami KIPI (kejadian ikutan pasca imunisasi) sama sekali.",,,,
"Kematian Diduga Karena Vaksin AstraZeneca: 2 Kasus Telah Dipastikan  Tidak Terkait Vaksin Astra Zeneca
 https://t.co/XSwaUdRTnA",,,,
"Apa kata tukar je nama vaksin yg ada ni

Astra Zeneca cheese leleh viral
Pfizer chocojar",,,,
"@vvon_young astra zeneca, ati2 wkwk",Tidak Percaya,,,
"Penyebab kematian (Astra Zeneca) :
1. Pemuda 22 tahun (blm diketahui)
2. Lansia 60 tahun (radang paru)
3. Dewasa 45 tahun (covid 19)",,,,
"Rincian:
27 orang setelah vaksin Sinovac, 3 orang setelah vaksin Astra Zeneca.
Penyebab kematian (Sinovac):
10 orang virus corona, 
14 orang  PJK,
1 orang gangguan ginjal
2 orang diabetes mellitus dan hipertensi tidak terkontrol",,,,
"@AdDien90 Salam
Just gotten my first dose astra zeneca
First 48 hours badan lenguh, pening, demam.
Twice makan paracetamol.
After 72 hours Cuma tinggal lenguh tangan je.

#PengalamanVaksin",,,,
Wow company nak beli sinovac so mana satu nak pilih ni astra zeneca ke sinovac ğŸ˜…,,,,
"@_imelutekes alright mii, turn aku pon lambat senanya mi.. ni pon sebab harituuu apply awal yang untuk astra zeneca yang dia open kat selangor tuu..",,,,
@abufarhat Doc pesakit obgyn yg ambil ubat cybelle boleh ambil suntikan vaksin astra zeneca tak?,,,,
"What do you think about vaccine â€” Ambil lah vaksin tu tak kira sinovac, astra zeneca or pfitzer sekali pon. Allah tu maha penyembuh. Dengan kita ikhtiar ambil vaksin ni, dapat kurangkan kes +ve dan dapat ringankan beban petugas keâ€¦ https://t.co/1I4LPfqMEn",,,,
"@qquelquechose astra zeneca setakat ni kat ukm je, kat dewan pturufizer je setakat ni x silap aku lah",,,,
@qquelquechose Dok lagi tapi geng2 makcik masjid ramai yg walk in. Aku tunggu astra zeneca,,,,
"Dapat mesej utk dos pertama vaksin Astra Zeneca esok. Alhamdulillah terpilih.

Moga dipermudahkan urusan esok. Amin. ğŸ˜‡",Percaya,,,
Halooo Malaysia di mana suaraanyaahhh???? Pendaftar vaksin astra zeneca patutnya ada cabutan bertuah. Menang motor ke apa. https://t.co/4ti5rQNjD5,,,,
"Pemerintah RI menangguhkan vaksin astra zeneca krn ufa ada 3 org yg meninggal, anjg gw baru vaksin 1x gimana ni ğŸ˜ŸğŸ˜ŸğŸ˜ŸğŸ˜Ÿ",Tidak Percaya,,,
@hahgyuI Nma panjangnya Astra Zeneca :),,,,
@abu_bars Lagi legit kalau ada Dâ€™Astra Zeneca dgn bacaan solat hajat.,,,,
"@rafiahbazlaa Ahad ni boleh tengok sendiri laku tak laku astra zeneca tu. Tu semua untuk atas 60 tahun, umur umur dah berisiko tapi masih berani ambil vaksin. Mak ayah aku yg ada penyakit pun suruh aku pergi berebut nanti haha",,,,
Astra Zeneca Cheese bungkus satu hsnshsnsjshshs,,,,
"Yang penting, vac bukan Astra Zeneca.... https://t.co/lzb0yeZKzD",Tidak Percaya,,,
"Dengaq khabar nak buka lagi pendaftaran untuk vaksin Astra Zeneca ni. Jangan lupa alert dan daftar untuk orang tua kita ok semua.

Jaga diri. Kita ikhtiar dan kita bertawakkal pada Allah. 
#CucukMyAZ",,,,
"@dochelmy @n_izzah Tanpa vaksin mungkin 5 daripada 100 kes +ve perlukan ICU. Dengan vaksin mungkin hanya 1 daripada 100 sahaja. Nak vaksin semua 100 masih tak cukup, kenapa tak fokus vaksin 5 orang yang risiko ICU tu dulu? Kenapa anak muda berebut dapatkan Astra Zeneca?",,,,
"@KemenkesRI Akan jauh lebih baik dan aman bagi masyarakat Indonesia jika membeli Vaksin ""SPUTNIK V"" COVID19 dari Rusia karena tidak ada efek samping ataupun kematian. Itu diproduksi di Asia sehingga waktu pengiriman ke Indonesia akan singkat.  Astra Zeneca memiliki banyak risiko",,,,
"Kegiatan Penyuntikan Vaksin Astra Zeneca Tahap I utk Pelayanan Publik dan Masyarakat di MaKodim 0204/DS Jl. Galang Desa Pagar Merbau III, Kec. Lubuk Pakam.
Rabu 19 Mei 2021 telah terlaksana pada pukul 09.00 WIB s/d 16.00 WIB

#Livecenter_deliserdang
#Humas_deliserdang https://t.co/uw2fAnj7LM",,,,
"@mansur_alya @ripdle @itsNurul_99 @amer7211 depends, bukan semua vaccine camtu, kalau astra zeneca tu gap dia 3 bulan, dan bukan 3 minggu cam vaccine yang lain",,,,
Susahnya nak explain kat orang pasal beza daftar vaccine yang dekat my sejahtera &amp; daftar astra zeneca ni,,,,
"baca!

kini taiwan dan singapura juga merasai kenaikan kes. bahkan pe'el orang di taiwan yang berat hati mengambil vaksin astra zeneca jadi punca kenapa negara tersebut kurang penerima vaksin terbabit.

https://t.co/0kCp2qnyoK",,,,
@p_sulistiyana Pake Astra Zeneca wik ?? Temen gue juga efek setelah 7 jam... demam.. badan lemes...,,,,
vaksin astra zeneca udh di stop kan?,,,,
"Kemarin vaksin pake Astra Zeneca, setelah 24jam++ keluhannya pegel di area bekas suntikan &amp; bawaannya pengin makan yang asin-asin.",,,,
"@akmalnasir @niknazmi Tanpa vaksin mungkin 5 daripada 100 kes +ve perlukan ICU. Dengan vaksin mungkin hanya 1 daripada 100 sahaja. Nak vaksin semua 100 masih tak cukup, kenapa tak fokus vaksin 5 orang yang risiko ICU tu dulu? Kenapa anak muda berebut dapatkan Astra Zeneca?",,,,
"got my first dose of covid vaccine (20/05) at 10.15 am. Pake vaksin astra zeneca, agak ngeri ngeri parno, krn banyak berita ngeri yg beredar, tp gpp bondo nekat xixi.",,,,
Setelah ramai member jadi Bangsa mutant Astra Zeneca ni mungkin aku boleh sambung cerita yang aku tak sangka jadi greatest hit tweet peribadi. https://t.co/20taMctIdK,,,,
"@bungutpisage Aku baru dpt suratnya blik, vaksin nya astra zeneca :')",,,,
"Semalem sampe 38.8 derajat pake astra zeneca, badan sakit sakit di seluruh badan dan meriang meriang yang luar biasa gilaağŸ˜³",,,,
Pensiunan TNI Disuntik Vaksin AstraÂ Zeneca https://t.co/BBFWq7bght,,,,
@amer7211 @AnuNushi Covid Shield  vaccine yang diedarkan di India adalah dr Astra Zeneca brand. India memberi vaccine percuma kepada banyak negara tetapi PN BDG belanja berjuta RM tapi harga dirahsiakan,,,,
@diaaawn Astra Zeneca emang gitu.. bakalan lemes sampe 48 jam minimum,,,,
@teeskawee Vaksin hibah jg ada astra zeneca,,,,
Manajemen Risiko KIPI Pembekuan Darah Vaksin Astra Zeneca @aik_arif @iic_a @dirgarambe @ProfesorZubairi @DokterAri @blogdokter @drpriono1 @septian @LaporCovid @firdzaradiany @mharisman @BudiGSadikin https://t.co/DqhfIXG7Mm,,,,
Adoi ada org buat fake news Astra Zeneca dari Israel pulak. No! AZ dari Sweden gais. Maybe dia ada branch kat Israel (as most global companies do) but dia bukan berasal dari Israel. Duh sume benda org nk twist skrg.,,,,
@aidafatihin Mula2 vid dia kata tu fact abt bahan2 vaksin astra zeneca. So dia gi https://t.co/ASrAeQZoIE nak research n dia nak org belajar cane nak research bahan dalam tu. Then dia wonder recombination tu apa so dia suruh org search semua benda yg stated dekat situ dekat wiki,,,,
"@CuthbertFredric @KinjeketileNgw2 @mitenenkoJr @Sisimizi3 @BestaMlagila @bestantony1 @Chiggscom @homo_hater @AlfredDPatrick @yose_hoza @VictorMcIvan @TillertheWorld Umeweka distribution cost hapo? Maana chanjo inatakiwa iwe katika cold storage yenye - 10Â°c  na zaidi maana yake ni barafu, na ubaridi hautakiwi kupanda wala kushuka.
Wengi wanasuggest astra zeneca africa sababu yenyewe ubaridi wake ni chini compared na zingine",,,,
@diaaawn Astra Zeneca bukan? Itu lagi jadi buah bibir soalnya efeknya negatif,Tidak Percaya,,,
Kinda right tho. Vaccine astra zeneca dkt india jual dlm 30 hengget mcm tu je. Tu pun kalau private hospital. https://t.co/lKrjRXnCro,,,,
@AdDien90 semalam baru dapat 1st dose vaksin astra zeneca. sampai je rumah terus makan sebab kepala dah masuk angin (tak lunch ğŸ˜…) tapi rupanya sakit kepala tu rupanya side effect injection tu.,,,,
SEBARKANNNNN. ASTRA ZENECA EFEKTIF UNTUK VARIANT INDIA https://t.co/0OH7yqPtZU,,,,
I SURVIVE ASTRA ZENECA AHAHAHAHAHA DAH SEHAT LAGI AGAHAHA //jgn gila kamu,,,,
"Testimoni Vaksin Astra Zeneca Day 1
Tangan ngiluuu nyeriii
Nafsu makan tetep b aja
Belom pusing belom ada tanda2 menggigil
Semoga ga ada",,,,
"@medcom_id RI program vaksin mengunakan Sinovac 

Malaysia program vaksin gunakan pfizer biontech, astra zeneca 

seolah berita ini menyatakan vaksin Sinovac lebih ampuh imunitas  dari pfizer biontech, astra zeneca ?",,,,
@briankipkenei naskia watu hawajapata dose ya pili ya Astra zeneca,,,,
"24 jam selepas suntikan dos pertama Astra Zeneca, Alhamdulillah setakat ni masih tak alami apa-apa simptom kesan sampingan.",,,,
@noorazriena_ Tak perasan plk. Tolak socso lah kot tu mcm swab test. Takpelah ambik yg free jelahhh. Astra zeneca tuğŸ˜‚,,,,
Selesai dos 1 vaksin jenis Astra Zeneca. Side effects yg saya rasa sekarang adalah rasa sayang pada isteri tiba2 bertambah. ğŸ˜˜ @ Putra World Trade Centre https://t.co/afpfx9RB4Q,Percaya,,,
"*Purnawirawan, Warakawuri di Suntik Vaksin Astra Zeneca* - https://t.co/e4qbKXKNND",,,,
"@Fuzail60199190 @A1iy1 @OfficialNcoc Jb government lowest effective vaccines lgae gi to aur kiya hoga ğŸ™„
Upr sy Astra zeneca banned hy Europe ma. Wo pakistan ko free ma mili hui. Hakumat khi sy bhi free cheezen milny ka moqa ni chorti chahy logo ki zindagi khtry ma dal jae ğŸ˜‚",,,,
@Piroxide rasenye yg utk astra zeneca tu tally je,,,,
@ADNafisah Trus banyak yg ngeluh demam habis vaksin ini (ya sebenernya ini wajar kyknya ya asal dipantau). Trus kmrn beritanya dihentikan dulu vaksin astra zeneca di indo soalnya mau diuji BPOM duluw,,,,
@JKJAVMY Salam. Saya ada temujanji pada 22hb Mei ini untuk first dose Astra Zeneca. Dan saya baru keluar dari Pusat Kuarantin semalam 18 Mei dan dah disahkan Covid tidak lagi berjangkit. Saya perlu hadir untuk temujanji ke atau boleh ke saya reschedule? Boleh bagi pencerahan.,,,,
"@kkmanti Aussie juga stop masukin Astra Zeneca
Walau alesannya bukan bahayanya tapi telat pengiriman sih",,,,
"Purnawirawan, Warakawuri Wilayah Kodim 0732/Sleman Di Suntik Vaksin Astra Zeneca https://t.co/Ujz96CKrUb https://t.co/iusXQZUNjl",,,,
@nikadamahmad Aku tak boleh keizinan. Minta izin dari komander @nazrivovinski. Dia komander Bangsa Astra Zeneca.,,,,
"Astra Zeneca dikasih street name dong, katanya bikin bad trip",,,,
@Kha_DPras Emang astra zeneca keras ya?,,,,
"@guizhomgli Efek sampingnya ga bakal tau sih cuma seenggaknya tau yang lebih keras mana
:(
Aku ngincer Sinovac soalnya, eh keabisan. Sekarang pake Astra Zeneca semua dimana2",,,,
@ilinsh wow good2. korang ambl yg astra zeneca tuh eh?,,,,
Pemerintah menghentikan penggunaan vaksin Astra Zeneca dengan batch CTMAV547 karena dua alasan. Padahal vaksin ini sempat didistribusikan secara luas. #TempoGrafis https://t.co/y7QZh2Gf6Z https://t.co/3EPWMMEO6C,Tidak Percaya,,,
"Risiko vaksin Astra Zeneca adalah sangat kecil, 1 dari 100,000 bagi golongan 40 tahun ke atas dan 1 dari 60,000 orang bagi mereka berumur 30an https://t.co/VamUTsnir4 https://t.co/YDIO2gnSIx",,,,
"Sleman â€” Purnawirawan, Warakawuri, Suami atau Istri yang berada di wilayah Sleman disuntik Vaksin Covid-19 Dalam rangka mendukung Program Pemerintah Tentang Serbuan 130.000 Vaksin Covid 19 merk Astra Zeneca di Klinik Pratama Kartika Kodim 0732/Sleman. Selasa pagi (18/5/2021) https://t.co/mkefzqrHnW",,,,
"Mimpi terrandom minggu ini: ikea ngeluarin vaksin astra zeneca dlm bentuk eskrim.. es nya warna putih, trs tempatnya biru kayak yg tempat es salted caramel yg sekarang tp biru. Rasanya kayak pocari",,,,
"@junseo86 @infomalang @kim_nukus Hallo kak, vaksin yang dihentikan adalah vaksin Astra zeneca dengan salah satu nomor batch saja,

Untuk vaksin yang kami gunakan sudah aman dan mendapat izin dari BPOM ğŸ˜Š",,,,
@Wan9Wong213 Perasaan kurang siji jenenge ASTRA ZENECA ğŸ¤­ğŸ¤£ğŸ¤£ğŸ¤£ğŸ¤£,,,,
kasian temen2 gue yg dapet astra zenecağŸ˜£ pada demam. w cuman ngantuk aja,,,,
"@RianEkkyP Aku juga vaksin astra zeneca, masih dosis pertama, bulan 6 yg kedua ğŸ˜­ğŸ™ğŸ»",,,,
@bbygarl_ @biasherjer @efaperfume For now dalam pelan imunisasi covid is pfizer dan sinovac. For opt in is astra zeneca.,,,,
"Purnawirawan, Warakawuri Wilayah Kodim 0732/Sleman Di Suntik Vaksin Astra Zeneca di Klinik Kartika Pratama Kodim 0732/Sleman Jln Magelang Km 14 Medari  Sleman. https://t.co/7vts5iejro",,,,
"Done first dose Astra Zeneca! So far tk de sakit kepala, lenguh bahu, dll. Cuma mengantuk and lapar sgt2 lps vaksin ğŸ˜‚. Alhamdulillah! https://t.co/jmjyvOboSh",,,,
"Purnawirawan, Warakawuri Wilayah Kodim 0732/Sleman Di Suntik Vaksin Astra Zeneca di Klinik Pratama Kartika Kodim 0732/Sleman Jl Magelang Km.14 Medari Sleman. https://t.co/eHTMLKeW9r",,,,
"Purnawirawan, Warakawuri Wilayah Kodim 0732/Sleman Di Suntik Vaksin Astra Zeneca

Sleman â€” Purnawirawan, Warakawuri, Suami atau Istri yang berada di wilayah Kodim 0732/Sleman disuntik Vaksin Covid-19 Dalam rangka mendukung Program Pemerintah Tentang Serbuan 130.000 Vaksin Covid https://t.co/tZrTgusbkp",,,,
"Komandan Kodim 0732/Sleman Letkol Inf Arief Wicaksana S.H., M.,Han menyampaikan sesuai perintah dari Komando Atas untuk Purnawirawan, Warakawuri, Suami atau Istri yang berada di wilayah Kodim 0732/Sleman Mendapatkan Vaksin Covid 19 merk Astra Zeneca mulai Selasa . https://t.co/uRff2Grh8t",,,,
"@republikaonline Lho.. Bagaimana sih.. Koq statementnya @KemenkesRI bertentangan dengan pernyataan @BPOM_RI ttg vaksin AstraZeneca? Kan jelas disiarkan di TV bhw BPOM menarik izin edar vaksin Astra Zeneca untuk dilakukan uji dan penelitian. Kenapa begitu tidak jelas.
Koq sama2 resmi tapi &gt;&lt;?",Tidak Percaya,,,
@AmeenHusaini Tapi ambik Astra Zeneca ke nnti?,,,,
Why vaccine astra zeneca not open for kedah state? Aku baru semangat nak daftar vaccine Az,,,,
@MNasruddin_AR Lepas kena Astra Zeneca kesan dia terus jadi romantis ke tuan?,,,,
"Marekani itagawanya dozi milioni 20 zaidi kwa mataifa mengine kufikia mwezi Juni, hii ni baada ya taifa hilo kuahidi awali kwamba litatoa dozi milioni 60 za chanjo aina ya Astra Zeneca kwa mataifa mengine. #COVID19 https://t.co/pMcj7M9gWn",,,,
"So after 48 hours ambik vaccine type Astra Zeneca, 1st 8 hours just pening biasa. Then hilang pening tu tapi rasa lenguh2 badan pulak. After 24 hours tiba2 rasa nak demam and pening yg gila babi. Then dah 48 hours semua dah kembali normal",,,,
"@chainija Mungkin ada waktunya, tp nanti... tidak sekarang. Lagian klo bs jgn smp dpt yg astra zeneca...",,,,
@bontot_oco Aw suntik Astra zeneca,,,,
"*KALAU* pengalaman saya di program vaksinasi Astra Zeneca itu standard/piawai keseluruhan perkhidmatan awam, kita ada chan lah nak maju. 

*IF* what inexperienced today at #CucukMyAZ is the standard across our public service, we have a chance.",,,,
"Jujur, agak takut ya mau ambil vaksin astra zeneca. Tapi melihat keadaan sekarang, baik ambil dari terkena virus covid-19.",,,,
"@drwox Aku sih dah vaksin hahaha
Astra zeneca tapi
Sempet demam and sakit kepala malemnya
Alhamdulillaah abis minum paracetamol yg dikasih puskesmas, sehat lagi",Percaya,,,
apakah persamaan antara lrt dengan astra zeneca,,,,
Berita baik untuk Warga Emas yang ingin mendapatkan vaksinasi Astra Zeneca untuk menangani dugaan Covid-19! https://t.co/qHYzzIJ8YL,,,,
"@PriaWangiLemon Astra zeneca mas, iya maksj",,,,
@BNI Kenapa @TelkomIndonesia pakenya astra zeneca ya?,,,,
"Adakah yang diatas umur 18 thn udah vaksin pake Astra Zeneca? Gejala setelah di vaksin apa ya? :"")

Pengen vaksin, tapi masih takut sama berita yg KIPI ituu meski beda batch",Tidak Percaya,,,
"Saya and ayah saya akan receive first dose Vaksin Astra Zeneca petang ni. Tolong doakan, semoga semua berjalan dgn lancar dan tk de side effect yg teruk2. Hihi. Current feeling; happy, excited, and nervous ğŸ˜‚ https://t.co/kAYHCI9tdb",,,,
@Mun4fikunn Kalau vaksin Sinovac kayaknya ga bisa digunakan utk publik. Cuma yg proses khusus lansia sama program pemerintah lainnya. UMKM dsb. Ga bisa buat yg gotong royong. Yg lg ribut sekarang Astra zeneca itu bisa. Yg lg dlm proses Sinopharm,,,,
"@frhfai @khairulaming saya ni baru masuk 30 bulan 2. Dah ada penyakit kronik la. Minggu pertama bulan 5, dah ambil vaksin cuma doc kata hanya mRNA boleh utk penyakit saya. OK la, penat dan lenguh tu biasa, cuma jadi lapar dan nak minum air byk! Husband hari lepas tu ambil Astra Zeneca, alhamdulilah OK",,,,
"Nah lu, ada apa tuh dengan vaksin astra zeneca?",,,,
@RianEkkyP di liat liat yg astra zeneca emg banyak efek sampingnya dan cukup parah,,,,
"Astra Zeneca (@ Putra World Trade Centre (PWTC) in Kuala Lumpur, WP Kuala Lumpur) https://t.co/XKjCoLUxv7",,,,
walah mana gw vaksin pake astra zeneca .. terus gimana??,Tidak Percaya,,,
"Astra zeneca vaccine at Universiti Malaya
- Tak ramai orang sangat. Parking banyak
- Smooth flow and easy to understand process
- Laju. In at 10.45am, out by 11.13am
- Side effects so far: sore arm and mengantuk gila
- Senang nak cari dewan sebab banyak sign board",,,,
@BainunW Mantap. Bersama-sama kita berganding bahu dalam perang mutant bangsa Astra Zeneca vs Bangsa Pfizer.,,,,
"@CanvyPutri He eh.. astra zeneca..
Bismillah ya...
Ini baru selesai",Percaya,,,
"Gunakan Astra Zeneca, Klaim Beda Batch Pasca KIPI DKI Jakarta https://t.co/Ik85ofn37C via @radarjogja",,,,
"Sekarang ni kita bergelumang dengan masyarakat yang bukan saja anti vaksin, malah yang terbaru anti Astra Zeneca dan anti Sinovac. Nak yang Pfizer. Boleh kata, nak baju beli dekat butik. Bundle tak mau. 
. https://t.co/2iTF9VJutq",,,,
siapa tahu orang yang ada thalassemia boleh ke tak ambil vaksin Astra Zeneca? #CucukMYAZ #help,,,,
"Kalau lah astra zeneca ni takde kes blood clot
 Dah selamat dah",,,,
"Dapet kabar kalau vaksin dosis 2, bakal diundur. Yang awalnya jeda 8 Minggu, jadi jeda 12 Minggu ğŸ˜«
Apakah yang dapet Astra zeneca denger kabar serupa???",,,,
Elah banget baca AZ aja sekarang kirain Astra Zeneca ğŸ¤·ğŸ»â€â™€ï¸,,,,
"@Aswicahyono @sillysampi UAE lebih awal menggunakan Sinopharm, baru awal 2021 masuk Pfizer BioNTech. Bahrain lebih beragam, ada Sinopharm, Pfizer, Astra Zeneca, Sputnik. Mungkin kelebihan UAE karena lebih awal melakukan vaksinasi, dengan Sinopharm. ğŸ¤”",,,,
@allunamaharani Yang distop untuk satu batch Astra Zeneca kak...batch lain masih dipakai...,,,,
"@AzharKhilmy Tak termasuk potong queue lagi. Hmm. Astra Zeneca masuk Perak, aku nak daftar siap2 haha",,,,
Huyu si utamuua kwa kumpa chanjo ya Pfizer au Astra Zeneca. Haoa kwetu mikoa zenye baridi wapatiwe chanjo ya Sputnik V au  Johnson &amp; Johnson https://t.co/tQOns5Eo6y,,,,
@malikaa_23 @Mango_peopel @Dr_YasminRashid @SaniaNishtar Beshak aesa hi hy Yaha hamary bohat se logo ki first r second dose di ja chuki hy only Astra zeneca walo ko fever ka r kuch ko zaida fever ka asar howa baqi dono se itna masla ni howa mujy r mery dost ko phizer se zara issue ni howa r even Ramzan b tha Phr b no issue,,,,
"Tak Ada Vaksin Astra Zeneca CTMAV547,Â Vakinasi di Tulungagung Jalan Terus https://t.co/2MYZULdrQ2",,,,
@Rahul_OfficialA @iAmritapandey_ @narendramodi @AmitShah @narendramodi_in @BJP4India @NAINAYADAV_06 @ShobhnaYadava @pritir @adeshguptabjp @Republic_Bharat @republic @SureshChavhanke @NewsNationTV Bhai asal mein to ye india ki vaccine bhi nahi hai Astra zeneca ne di hai fact check karo fir bolo nahi to modi papa nange ho jayenge,,,,
@amarprasadreddy Sir vaccine ka patent Astra zeneca ke paas hai to modi ji kya Astra zeneca ke ceo hai ya desh ke pm,,,,
Geng geng laki aku semua dah register for astra zeneca. Lega dah aku sebab dorang ni semua hand sanitizer pun takde. ğŸ˜­,,,,
Aik kenapa pasni vaccine pfizer dgn sinovac? Mana astra zeneca?,,,,
"@mengayomipolisi Gw pake astra zeneca kemaren. Emang demam-demam di 48 jam pertama. Baca berita ini miris sih gw, keluarganya minta penjelasan tapi gamau autopsi. Bilangnya ga mau hal ini kejadian sama orang lain tapi ga bersedia nyari jawaban yang kongkrit. Yauda gini aja terus sampe punah.",,,,
"@mirazh_me Temenku yang dah kelar lama  divaksin sinovac sik bilang kalau pernah kena covid, boleh kok divaksin. Tapi ndak tau dah ini astra zeneca gimana syaratnya",,,,
"@dira_h Yani ma page yote yale hawajafanya uchambuzi wa chanjo moja moja hata? Athari za Astra Zeneca, faida za Moderna??",,,,
"Krn ga tahan ya, aku minum panadol aja satu kaplet, langsung turun kok panasnya, sama banyakin minum airputih, untuk gejala lain sih ga ada, idealnya untuk vaksin astra zeneca emg badan hrs bnr bnr fit, sebelum vaksin bny makan buah sm sayur bergizi, jgn ngemilin micin dulu ya ğŸ¤£",,,,
"Secara keseluruhan vaksin Astra Zeneca aman Hanya pada Batch CTMAV547 yg berjumlah 448,480 dosis dan merupakan bagian dari 3.852.000 dosis AstraZeneca yang diterima Indonesia pada 26 April 2021, melalui skema Covax Facility/WHO. https://t.co/uAUwR2Jnc3",,,,
"Gunakan Astra Zeneca, Klaim Beda Batch Pasca KIPI DKI Jakarta https://t.co/frlfEjIoWM",,,,
"Kok astra zeneca ini makin hari berita2nya mengkhawatirkan sih... yg kmrn berita ""vaksin"" nusantara ada kelanjutan penelitiannya kah?",Tidak Percaya,,,
@Ocenbe try guna alpha build Runcloud. Paid user + Astra Zeneca je dpt. Yang vaksin lain tak.,,,,
"@syzwna_s ayah aku kena last year bulan 12. tapi alhamdulillah takde apa, siap dah ambik astra zeneca lagi kelmarin. aku confused yg lain2 tu mcm mane boleh teruk. rasa nak ambik medic eceyhhhh ğŸ¤£",,,,
"Hallo #NawakNgalam dan #NawakTahes !

Sudah kenal dengan Vaksin Covid-19 Astra Zeneca??

Kira-kira aman gak ya?

Jangan percaya sama hoax,
Simak video tik tok berikut aja ya!

#staysafe, #stayhealth, and #staycare

@infomalang @mahasiswamlg @PemkotMalang @Diskes_KoMal https://t.co/dv1vIOWcBn",,,,
@Media_Selangor @anwaribrahim Saya menganggur ni akibat covid..  Ada cara tak untuk saya beli.. Tapi bukan astra zeneca la,,,,
"@AhmadHaikalAmir 60 ke atas je boleh apply, padahal astra zeneca ni tak sesuai utk orang tua. Ke aku salah Info?",,,,
@puanc @CT_Voter Astra zeneca tp utk umur 60an ke atas,,,,
"@hmetromy program vaksinasi  pfizer biontech, astra zeneca, 
diragukan keberhasilannya ?",,,,
"@mirazh_me Ooh ga boleh ya...katanya astra zeneca itu bikin pembekuan darah...kemaren ada yg share di wag...katanya ada mayat kena covid yg dibedah, trus banyak pembekuan darah, trus di wag dikasih saran minum aspirin biar ga terjadi pembekuan darah",Tidak Percaya,,,
"@PDNKKM  Selamat petang, pertanyaan saya boleh ke jika saya nak derma darah selepas vaksin  Astra Zeneca dos pertama? Terima kasih.",,,,
"@EncikAnkel maaf... 
ni yg betul 
Ini wikipedia Astra Zeneca - ini companya British dan Swedish sis. https://t.co/vXUTp8qXVN",,,,
"vaksin Sinopharm khasiatnya ngga jelas, Astra Zeneca kemungkinan bisa bikin lo jadi ikan asin. https://t.co/r1C4dLn3Dg",Tidak Percaya,,,
menyesal nya tak daftar vaksin astra zeneca tu ğŸ˜ª,,,,
"Menurut data dari Universiti Oxford, vaksin Astra Zeneca berkesan terhadap INDIAN VARIANT. So enjoy ur #CucukMyAZ ok",,,,
"@JKJAVMY @Khairykj Salam. Saya nak tanya, ayah saya ada penyakit kencing manis, darah tinggi &amp; mama saya ada masalah dengan paru-paru. Adakah Astra Zeneca vaksin yang terbaik untuk mereka? Atau tunggu sahaja panggilan vaksin yang sepatutnya?",,,,
"Berita baik untuk penerima Astra Zeneca, anda boleh dapatkan 1 judul @BukuFixi PERCUMA dengan hanya menunjukkan kad vaksin di @KedaiFixi ğŸ¤©

#CucukMyAZ #CucukBersamaFixi https://t.co/6Z2FIUD5Pb",,,,
@TogaMD Yg agak mengkhawatirkan astra zeneca bang.,Tidak Percaya,,,
@syfqyhy Astra zeneca?parents kau ada penyakit kronik tak iqa?effect dia mcm mana ehh?,,,,
@nesloaisbungkus @IniAlannn Bukan...nak kurangkan risiko clots...Tu dia bukak extra slot tuk vaksin Astra zeneca,,,,
@IniAlannn Sabar....nanti khairy akan buka vaksin Astra zeneca tuk umur atas 60.... abang grab this opportunity dan tolong register tuk mak,,,,
"@TogaMD Tp yg dateng sekarang astra zeneca, yg biasa protes vaksin china sdh dapet sinovac duluan,",,,,
@nic04722 @emha_baraja @SyairRevolusi Semua vaksin covid19 yang disuntikkan memang menggunakan skema emergency use of authorization. Vaksin Astra Zeneca di Inggris terbukti menurunkan angka penyebaran Covid19. Apakah kelak dengan tambahan data akan muncul guidance baru ? bisa jadi. https://t.co/j484KQ1tHf,,,,
"@dayatia salam. Mohon saran apakah aman vaksin astra zeneca untuk penderita thalassemia minor. Saat dose 1 ada KiPi yang sangat parah , pusing dan muntah muntah. Mohon saran untuk dose ke 2 apakah boleh skip?",,,,
Choiii aku ingat iya lah astra zeneca semalam masa dapat message whatsapp. Sekali pagi ni check utk register vaccination je. Grrr.. hareyy,,,,
"@ph4n_ Kalau dari berita ini, ternyata ada 2 vaksin astra zeneca. yg buatan korsel sudah dapat EUA. sementara yg belum dapat adalah astra zeneca yang dibuat di Thailand

https://t.co/98KerxNStq",,,,
Astra zeneca di berhentin? aku pake vaksin ituuğŸ˜­ğŸ˜­ğŸ˜­,,,,
orang-orang yang sudah sempat dapat vaksin 1 astra zeneca (yang penantiannya juga lama) gimana ya?,,,,
"bismillah, dapet nya Astra ZenecağŸ˜Œ sinovac terakhir kmren",,,,
Polsek Pesantren:Bktm Singonegaran Aiptu Sujoko   bersama petugas Puskesmas  Pengawalan / pengambilan Vaksin Astra Zeneca  diGudang Farmasi Jl.Brigjend Pol. Imam Bachri    54   Vial multi dose selanjutnya dibawa kantor Puskesmas II Kel.Singonegaran disimpan dalam gudang Farmasi. https://t.co/LprQ8yfJ0p,,,,
Polsek Pesantren:Bktm Singonegaran Aiptu Sujoko   bersama petugas Puskesmas  Pengawalan / pengambilan Vaksin Astra Zeneca  diGudang Farmasi Jl.Brigjend Pol. Imam Bachri    54   Vial multi dose selanjutnya dibawa kantor Puskesmas II Kel.Singonegaran disimpan dalam gudang Farmasi. https://t.co/wzJ1xjeEar,,,,
Polsek Pesantren:Bktm Singonegaran Aiptu Sujoko   bersama petugas Puskesmas  Pengawalan / pengambilan Vaksin Astra Zeneca  diGudang Farmasi Jl.Brigjend Pol. Imam Bachri    54   Vial multi dose selanjutnya dibawa kantor Puskesmas II Kel.Singonegaran disimpan dalam gudang Farmasi. https://t.co/nYPsvfAm6M,,,,
@fancyaskingmet1 Vaksin Sinovac sudah diinjeksikan ke presiden Jokowi dan Erdogan. Vaksin Astra Zeneca sudah diinjeksikan ke keluarga kerajaan Inggris.,,,,
"@pinkiyeowo Huh? Astac? Astra Zeneca?
Jangan lupa entar vaksin lagi",,,,
"selama pandemi, entah sudah berapa kali uang rakyat terbuang ke comberan krn pengambilan keputusan yg tdk tepat, paling gampang diingat adalah: pembelian chloroquine, dan barusan menkes stop vaksinasi astra zeneca, terbuang lg sktr 400rb dosis vaksin yg dibeli dgn uang rakyat",Tidak Percaya,,,
@khanumarfa Astra zeneca aur SII ka contract ka copy maangiye RTI se.. sab pata chal jayega.,,,,
padahal tadinya pada kecewa dapetnya sinovac ya... pada pengen astra zeneca ğŸ˜‚,,,,
Njir kena bahan percobaan astra zeneca dong,Tidak Percaya,,,
"@KemenkesRI Rencana awal juni mo vaksin pake astra zeneca , smoga ada info baru yg bikin lega pake vaksin A Z ğŸ™",,,,
LAMPIRAN BERKENAAN MAKLUMAT COVID-19 BAGI PENERIMA VAKSIN ASTRA ZENECA ğŸ¤— https://t.co/vFm4KPdYB1,,,,
"Lepas 6 jam jab astra zeneca , satu badan lenguh , terutama betis kaki , badan mmg x sedap",,,,
"@makLambeTurah kalau ngomong jauh, nanti kena UU ITE, mohon pemerintah lebih dalam lagi mengkaji astra zeneca, krn di negara lain juga isue miring.

Mohon konfirm, bener gak info yg saya tangkap :
Astra zeneca = virus dilemahkan, (masih hidup)
Sinovac = virus tidak aktif (sudah mati)

Beda loh",,,,
@e100ss Jangan lupa sebutkan HANYA SATU BATCH. Jangan digeneralisir dalam membuat tweet. Ini membuat ketakutan masyarakat terhadap vaksin Astra Zeneca,,,,
"Just started trending in Pakistan.

#IndiaStandWithIsrael
Biden
Astra Zeneca
taehyun
Bacha
Lahore
Masjid e Aqsa
Amir
Abdullah Shah Ghazi",,,,
"@serenitysakinah Seronok Habib Jewels dgr pasal side effect ni, habis dia sponsor semua orang Astra Zeneca nnt.",,,,
"@dirgarambe Dok, maaf yaa. Izinkan saya bertanya ttg vaksin Astra Zeneca. Saya mhn kejelasan nya, apakah membahayakan? Krn di dki satu wafat stlh divaksin. Mhn banget",Tidak Percaya,,,
"@SeptadiNatha @stinglikeabees iya. awak dapetnya sinovac dari awal, di sini ga ada yg astra zeneca",,,,
"Lho ada ada sm Astra Zeneca? Trs yg wkt itu udh vaksin 1x gmn? 
@tirta_hudhi https://t.co/3Uc9BTjP6l",,,,
@udingluhat I dh abis dh ding. I tggu rules dpt fly jak tok hahahahahahaha u x take the astra zeneca ka?,,,,
Untuk jadi periksa ya Tweeps... Astra Zeneca aman... https://t.co/6xk8pIoZnX,,,,
"Kalau batch pertama pakai Astra zeneca, apa kabar ya hamba besok di batch kedua?",,,,
"@nurmaasa Fatwa MUI ne ruum.. hukumnya haram, tp mubah...

Tp, aku yo wis vaksin tahap 1 astra zeneca ruum.. ğŸ˜‚ https://t.co/XLHgQ4NcRI",,,,
@stinglikeabees vaksin pertama pake astra zeneca? awak dapetnya sinovac,,,,
"@SeorangEman @Shezzhash @faiqfarhan7 @izwanazrel @daus_shah9 @mddyboyka @daunforyou_ @azrulazwarsam @SyafaatNasir Tu astra zeneca,aswara yang kawin dengan aeril zafril kan",,,,
@HatiAkuEgoo Aik hahahaha tak lepas daftar yang astra zeneca tu eh ?,,,,
@BPOM_RI Apakah benar vaksin astra zeneca uda dihentikan penggunaannya? Krn beredar Surat BPOM ttg penghentian penggunaan vaksin AZ,,,,
"@TimpalBali Kalo jenisnya astra zeneca rata-rata demam, kalo yg sinovac rata-rata laper doang si wkwk aku habis vaksin yg astra demam malemnya tapi habis tu besoknya uda normal si.",,,,
bukan astra zeneca wleğŸ¤ªğŸ¤ª,,,,
