Tweet,Nilai
"Vaksin yang digunakan adalah Sinopharm dan CanSino, keduanya berasal dari China. Vaksin Sinopharm akan disuntik sebanyak 2 dosis, dan vaksin CanSino hanya 1 dosis saja.",
"@xxDonJxx Sputnik, pfizer, AZ, cansino. Ni semua vaksin yg JKJAV dah order. https://t.co/whEx0iTdpc",
Lambat vaksin CanSino dengan Sputnik V ini sampai.,Tidak Percaya
Direktur Utama Bio Farma Honesti Basyir mengatakan pihaknya akan membeli 50 juta dosis¬†vaksin CanSino¬†untuk memenuhi kebutuhan program vaksinasi Gotong Royong. Rencananya vaksin CanSino akan mulai didatangkan bulan Juli 2021. https://t.co/oj2pn4gVvQ,
"Vaksin lain yang guna kaedah yang sama adalah vaksin J&amp;J, CanSino dan Sputnik V.

Secara ringkasnya, vaksin jenis vector virus ni dihasilkan dengan mengekstrak DNA adenovirus, kemudian 2 pengubahsuaian DNA adenovirus ni dilakukan:",
"Target pemerintah vaksinasi mandiri untuk swasta atau vaksinasi Gotong Royong sudah mulai dilakukan pada Selasa (18/5). Dalam program ini ada dua jenis vaksin Gotong Royong yang telah tersedia di Indonesia, yakni Sinopharm dan Cansino. #video

 https://t.co/Z88ZqRSKCP",
"nambah lagi nih jenis vaksin yg akan dipakai di Indonesia, sama dengan Sinopharm, CanSino juga untuk program vaksin gotong royong.

dan saya tetep belum kebagian üò≠ https://t.co/0Qs0MTYkEI",
"Vaksin CanSino akan dijadika  vaksin gotong royong, selain Sinopharm yg juga berasal dari China. 

Vaksin akan dikirim pada bulan Juli-September 2021 sebanyak 3 juta dosis. 

Vaksin gotong royong mrpkn vaksinasi yg dilakukan oleh perusahaan untuk karyawannya. https://t.co/ZXwwLGEO4o",
@cpsjusuf Ya nunggu merk lain aja. Ada lg sih yg setipe pake adenovirus jg cansino. Jalur vaksin gotong ryg. Efeknya sptnya bakal mirip2 AZ.,
"@uberfunk @CrowDits Iya Pfizer ama Novavax buat umum.
Buat Gotroy: Sinopharm, Sputnik, Cansino. 

Insya Allah.",
"@x_tino Oh kalo soal pengawalan AZ, gak tau jg sih.. Soalnya asa di sini awal2 aja ada beritanya.. Atau maksimal sampai kedatangan kedua kali ada beritanya.. Sinovac,AZ, Sinopharm,CanSino jg begitu.. Awal2 kedatangan ada beritanya. Batch selanjutnya ga tau gmn..",
"@cerviydae Iya itu di pt gua mah yg disediain perusahaan pake yg sinopharm sama cansino, kalo bukan dari perusahaan mah pake sinovac sama astrazeneca, tapi gak tau juga tiap perusahaan kayaknya beda2 pake vaksin apa.",
@cerviydae Lu vaksin yg gotong royong itu bukan yg pake sinopharm sama cansino?,
"vaksin, vaksin apa yang lucu?

Cansino.
Dono, Cansino, Indro.

*472 people unfollowed you",
"Ada berita baik nih, Indonesians! Total 50 juta vaksin CanSino akan dipesan dari China. Tujuannya untuk menambah ketersediaan vaksin untuk program vaksinasi Gotong Royong. Nah, jadi buat perusahaan yang ikut vaksinasi gotong royong, bisa aja dapetnya Sinopharm atau CanSino. https://t.co/DWf2ZA7Lu6",
"BPOM sebelum vaksin tersebut dikirim ke Indonesia.

Berita selengkapnya: https://t.co/73lKM5plce

#cansino #vaksin #covid19 #gotongroyong",
"For your information aja nih, Indonesians! Vaksin CanSino dari China bakal dipakai buat vaksinasi gotong royong juga, lho. Nah, kalau soal izin penggunaan vaksin CanSino, Direktur Utama PT Bio Farma (Persero) Honesti Basyir menargetkan izin penggunaan darurat akan dikeluarkan https://t.co/bkt98wFKgo",
"@khalidkarim CanSino is 1 dose. Sputnik kena tunggu shenanigans. Entah lah, inordinately slow AF",
"CannotSino lah.
CanSino is one dose kan?

Sputnik ada dok? https://t.co/vci3GlnJCy",
"@zhfrst Kantor? AstraZeneca?
Setau gw yang gotong royong pake Sinopharm san CanSino",
"@AmmarTiger2 @amer7211 eh beli la. cuma sinovac dah appoint exclusive distributorship dgn pharmaniaga. begitu juga sputnik dgn duopharma dan cansino dgn solution bio. vaksin sinopharm boleh lagi, india vaccine boleh lagi. ada banyak lagi vaksin brand2 lain kat luar tu.",
"Tetap untuk usia di atas 50 tahun vaksin viral vector, tadi kurang #cansino, aman dan efektif. Khususnya #AstraZeneca menjadi tulang punggung vaksinasi dunia karena sifatnya yang non-profit.",Percaya
"@dokterimun_id Ini vaksin covid 19 Cansino dengan adenovektor, juga sedang diajukan persetujuan EUA ke BPOM dokter....",
"Dikutip dari South China Morning Post, vaksin CanSino disebut efektif sampai 90% utk mencegah kasus infeksi COVID-19. Vaksin CanSino diproduksi oleh CanSino Biologics Inc, China, dengan nama Ad5-nCoV.
Jenis vaksin gotong royong ini berplatform adenovirus. #StayFitForLife https://t.co/4a2fmaOztW",Percaya
"Keuntungan Penjualan Vaksin Covid-19 Melahirkan Sembilan Miliarder Baru, Menurut Kelompok Kampanye https://t.co/z0WFvb2C92 

#vaccine #COVID19 #Moderna #PfizerVaccine #CanSino",
Bio Farma Akan Beli 50 Juta Dosis Vaksin  CanSino China https://t.co/G6EB07kYBI,
PT Bio Farma (Persero) telah menyepakati pembelian 50 juta dosis vaksin Covid-19 yang berasal dari CanSino China.,
Bio Farma Bakal Beli 50 Juta Dosis Vaksin CanSino China https://t.co/cGnSkk1lD3,
"@pmngks91 @xboripx case urg kemungkinan pake sinopharm atau moderna atau sputnik atau cansino...
akhirna urg daftar aja, da disieun¬≤ porsina sarua, divaksin hariwang, teu divaksin hariwang...
bismillah weh ngarana ge ikhtiar...",
"Sobat PNM! 
Pada hari ini, Vaksin Gotong Rotong resmi digunakan. Presiden Jokowi menyatakan 19 perusahaan manufaktur sudah dapat menggunakan Vaksin Gotong Royong.

Vaksin yang digunakan dalam vaksinasi gotong royong adalah vaksin Sinopharm dan CanSino.

#VaksinGotongRoyongPekerja https://t.co/BwTkQqR9AR",
"Selain Sinopharm, vaksin CanSino juga akan dipakai untuk program gotong royong. Vaksin ini berteknologi adenovirus, kapan disetujui BPOM? https://t.co/tpl8AQiGKI",
Yang ni la patutnya Genting ambik aritu. Sebab Cansino https://t.co/uTbHS0LK83,
"Selain Sinopharm, vaksin CanSino juga akan dipakai untuk program gotong royong. Vaksin ini berteknologi adenovirus, kapan disetujui BPOM? https://t.co/D1QarklKrK",
Fakta-fakta Vaksin Sinopharm dan Cansino yang Masuk dalam Program Vaksinasi Gotong Royong https://t.co/SWmji5tFoU,
Baru daftar Program VGR (Vaksin Gotong Royong) CanSino/Sinovac tergantung di kasih pemerintah,
"Direktur Utama PT Bio Farma (Persero) Honesti Basyir mengatakan, vaksinasi gotong royong sudah berjalan sejak 18 Mei 2021. https://t.co/l2GsNaTcH9",
"Lantas, apakah emergency use authorization (EUA) CanSino sudah terbit? #kumparanNews https://t.co/veG1PSYpSj",
"Vaksin Sinopharm &amp; CanSino Segera Tiba di RI, Ini Jadwalnya https://t.co/x5I5nFp8Ty",
"Pemerintah akan menambahkan jumlah dosis vaksin Covid-19 yang digunakan dalam program vaksinasi gotong royong. Adapun dua jenis vaksin yang akan ditambahkan adalah Sinopharm dan Cansino. Di samping itu, apakah vaksinasi gotong royong juga dapat memulihkan Ekonomi RI? https://t.co/v4xItouhAO",
"vaksin cansino fix jadi program vaksinasi gotong royong

#vaksingotongroyongpekerja https://t.co/74HeMCxh2z",
"@Stone98Jade @univ_indonesia @UGMYogyakarta @itbofficial @ipbofficial @unpad @UndipSemarang @UB_Official @its_campus @Unair_Official @UNJ_Official @upiofficial @BEMUI_Official @bemkm_ugm @bemkmipb @KM_ITB @bem_unpad @BEMUndip_ @BEMUNAIR_ID @BEM_ITS @muhammadiyah @nahdlatululama @univ_pasundan @11MaretUniv @iainsurakarta @Jogjastudent @EM_UBOfficial @UINSK @UIIYogyakarta @SBYudhoyono @Pak_JK @fadlizon @aagym @hnurwahid @rockygerung @msaid_didu @JimlyAs @KhofifahIP @PKSejahtera @Nurmantyo_Gatot @ustadtengkuzul @haikal_hassan @ReflyHZ @caknundotcom @infoRIAU @infoSumbar @DMS_AMBON @tvOneNews @Metro_TV @kompascom diUSA sehabis divaksin,Gak perlu pake Masker=bukti Vaksin itu Asli&amp;Efektif.
diIndo sehabis di V-CINA-SINOPHARM-SINOVAC-CANSINO,masih hrs pake masker=BUKTI Vaksin PALSU;TERBUKTI SGT TAK efektif&amp;TAK aman&amp;TAK halal&amp;MEMATIKAN/RESIKO MATI!
Msih mau divaksinCINA?Maaf,SGT TOLOL bila mau https://t.co/oF6dmG7lb9",Tidak Percaya
"@Stone98Jade @univ_indonesia @UGMYogyakarta @itbofficial @ipbofficial @unpad @UndipSemarang @UB_Official @its_campus @Unair_Official @UNJ_Official @upiofficial @BEMUI_Official @bemkm_ugm @bemkmipb @KM_ITB @bem_unpad @BEMUndip_ @BEMUNAIR_ID @BEM_ITS @muhammadiyah @nahdlatululama @univ_pasundan @11MaretUniv @iainsurakarta @Jogjastudent @UMYogya @UnsoedOfficial @UNAS1949 @UnivTerbuka @bemkmunnes @halokampus @yeahmahasiswaa @TulisanPELAJAR @iloveaceh @official_unand @hasanuddin_univ @infoHMI @pp_tebuireng @nu_online @DrTaufan1 @tni_ad @blogdokter @detikcom @usembassyjkt @DubesUniEropa @DubesAustralia @POTUS @VP @NajwaShihab diUSA sehabis divaksin,Gak perlu pake Masker=bukti Vaksin itu Asli&amp;Efektif.
diIndo sehabis di V-CINA&gt;SINOPHARM-SINOVAC-CANSINO,masih hrs pake masker=BUKTI Vaksin PALSU;TERBUKTI SGT TAK efektif&amp;TAK aman&amp;TAK halal&amp;MEMATIKAN/RESIKO MATI!
Msih mau divaksinCINA?Maaf,SGT TOLOL bila mau https://t.co/MX3WuX0Bxr",Tidak Percaya
"Indonesia mendapat jaminan vaksin dari Sinopharm dan Cansino untuk 12,5 juta orang yang ikut vaksinasi gotong royong. Total ada 20 juta dosis vaksin. https://t.co/DvJZYsYGaR",
"@anchabasgan Bukan nama vaksinnya kayak sinovac, pfeizer dll gitu sih, nama progammya aja vaksin gotong royong. Jadi kayak pemerintah dan perusahaan swasta gotong royong mempercepat immunity. Vaksinnya mah pake sinopharm dan cansino kalau ga salah.",
"Dipakai dalam Vaksinasi Mandiri, Ini Fakta Vaksin CanSino https://t.co/YQ0jUGoIQU",
Vaksinasi gotong royong menggunakan vaksin Sinopharm dan Cansino. https://t.co/mwP8XEkPok,
"Erick Thohir menyatakan, dosis tersebut mencakup vaksin Sinopharm dan Cansino yang cukup untuk vaksinasi sebanyak 12,5 juta orang. https://t.co/N6OdM0O6ca",
Asa Vaksinasi Gotong Royong di Genggaman Cansino dan Sputnik https://t.co/0AjGHTHE9Y,
"Jenis Vaksin Gotong Royong:

1.Vaksin Sinopharm
Inactivated vaccine yg disebut SARS-CoV-2 vaccine (vero cell). Efikasi vaksin 78%.
Diberikan dlm 2 suntikan.
2.Vaksin CanSino
Vaksin vektor yg memuat antigen dr virus yg tidak berbahaya (adenovirus). Efikasi 65-69%, dlm 1 suntikan. https://t.co/ceOvr2XtFv",
"Vaksinasi Untuk 7.000 UMKM Dimulai, Pakai Sinopharm &amp; CanSino https://t.co/u5XjssUxVG",
Program vaksinasi gotong royong menggunakan vaksin Sinopharm dan CanSino. https://t.co/fsW1B0QX1F,
"@fadhilatul_adha @501Awani vaksin astrazeneca di stop semntara karna ada yg meninggal, cina kirim bahan baku vaksin kmudian diolah biofarma,pihak swasta jg ikut vaksin secara mandiri (cansino sinopharm),indo jg mau bikin vaksin sendiri ""merah putih""..mungkin begitu jawabanya. https://t.co/qtvntSO5tw",
"Sobat BUMN! 
Pada hari ini, Vaksin Gotong Rotong resmi digunakan. Presiden Jokowi menyatakan 19 perusahaan manufaktur sudah dapat menggunakan Vaksin Gotong Royong.
Vaksin yang digunakan dalam vaksinasi gotong royong adalah vaksin Sinopharm dan CanSino.¬†
#VaksinGotongRoyongPekerja https://t.co/spVVlK5pOk",
"Sobat BUMN! 
Pada hari ini, Vaksin Gotong Rotong resmi digunakan. Presiden Jokowi menyatakan 19 perusahaan manufaktur sudah dapat menggunakan Vaksin Gotong Royong.
Vaksin yang digunakan dalam vaksinasi gotong royong adalah vaksin Sinopharm dan CanSino. 
#VaksinGotongRoyongPekerja https://t.co/xgHoZe1wqW",
"Sobat BUMN! 
Pada hari ini, Vaksin Gotong Rotong resmi digunakan. Presiden Jokowi menyatakan 19 perusahaan manufaktur sudah dapat menggunakan Vaksin Gotong Royong.
Vaksin yang digunakan dalam vaksinasi gotong royong adalah vaksin Sinopharm dan CanSino.¬†
#VaksinGotongRoyongPekerja https://t.co/PIcXAv1R2Q",
"Kawan JM! Pada hari ini, Vaksin Gotong Rotong resmi digunakan. Presiden Jokowi menyatakan 19 perusahaan manufaktur sudah dapat menggunakan Vaksin Gotong Royong.

Vaksin yang digunakan dalam vaksinasi gotong royong adalah vaksin Sinopharm dan CanSino. https://t.co/SezeX8p6Vk",
"Selain Sinopharm, Vaksin Gotong Royong juga akan menggunakan vaksin Cansino¬†dari China. Program ini akan menyuntikkan vaksin Covid-19 pada karyawan swasta.
Hingga sekarang memang baru Sinopharm yang sudah ada.
Vaksin Cansino diketahui juga sedang dipesan berjumlah 5 juta dosis. https://t.co/qxLA4ezT1o",
"Pada hari ini, Vaksin Gotong Rotong resmi digunakan. Presiden Jokowi menyatakan 19 perusahaan manufaktur sudah dapat menggunakan Vaksin Gotong Royong.

Vaksin yang digunakan dalam vaksinasi gotong royong adalah vaksin Sinopharm dan CanSino. 

#VaksinGotongRoyongPekerja https://t.co/w5ZxBV52it",
Pengadaan vaksin Sputnik V dan CanSino masih dalam proses negosiasi. Vaksinasi mandiri masih mengandalkan vaksin buatan Sinopharm. #korantempodigital #KoranTempo https://t.co/7nFvvxVn0i,
"Sobat BUMN! 
Pada hari ini, Vaksin Gotong Rotong resmi digunakan. Presiden Jokowi menyatakan 19 perusahaan manufaktur sudah dapat menggunakan Vaksin Gotong Royong.

Vaksin yang digunakan dlm vaksinasi gotong royong adalah vaksin Sinopharm dan CanSino.¬†

#VaksinGotongRoyongPekerja https://t.co/GxZ5qe8LEl",
"#Portlovers
Vaksin Gotong Rotong resmi digunakan. Presiden Jokowi menyatakan 19 perusahaan manufaktur sudah dapat menggunakan Vaksin Gotong Royong.

Vaksin yang digunakan dalam vaksinasi gotong royong adalah vaksin Sinopharm dan CanSino.¬†

#VaksinGotongRoyongPekerja https://t.co/zhZelVA0ru",
"Mengenal CanSino, Vaksin yang Disebut Cegah Gejala Parah Covid-19 hingga 90 Persen https://t.co/DUGtc620Eo",
Dua Jenis Vaksin Gotong Royong yang  telah tersedia di Indonesia yaitu Sinopharm dan Cansino. #VaksinCOVID19 #CoronaVaccine #VaksinGotongRoyongPekerja #coronavirus #IngatPesanIbu https://t.co/x7GeoIbliJ,
Vaksin yang digunakan dalam vaksinasi gotong royong adalah vaksin hasil kerjasama Bio Farma dengan Sinopharm dan CanSino. https://t.co/579Q9StTTG,
Pengadaan vaksin Sputnik V dan CanSino masih dalam proses negosiasi. https://t.co/5BbudEkSfE #KoranTempo,
Vaksin yang digunakan dalam vaksinasi gotong royong adalah vaksin Sinopharm dan CanSino. https://t.co/xZkVpusUj9,
Vaksin yang digunakan dalam vaksinasi gotong royong adalah vaksin Sinopharm dan CanSino. https://t.co/hwMERpwfB5,
"Sobat BUMN! 
Pada hari ini, Vaksin Gotong Rotong resmi digunakan. Presiden Jokowi menyatakan 19 perusahaan manufaktur sudah dapat menggunakan Vaksin Gotong Royong.

Vaksin yang digunakan dalam vaksinasi gotong royong adalah vaksin Sinopharm dan CanSino. https://t.co/qPP9jwKO5e",
Ternyata jadinya sinopharm and CanSino. Pfizer (?) Apakah tidak kuat karna -80drjat,
"Sobat BUMN! 
Pada hari ini, Vaksin Gotong Rotong resmi digunakan. Presiden Jokowi menyatakan 19 perusahaan manufaktur sudah dapat menggunakan Vaksin Gotong Royong.

Vaksin yang digunakan dalam vaksinasi gotong royong adalah vaksin Sinopharm dan CanSino. https://t.co/TgC9pfRS0s",
"Sobat BUMN! 
Pada hari ini, Vaksin Gotong Rotong resmi digunakan. Presiden Jokowi menyatakan 19 perusahaan manufaktur sudah dapat menggunakan Vaksin Gotong Royong.

Vaksin yang digunakan dalam vaksinasi gotong royong adalah vaksin Sinopharm dan CanSino. https://t.co/APMYTIEvEa",
"Sobat BUMN! 
Pada hari ini, Vaksin Gotong Rotong resmi digunakan. Presiden Jokowi menyatakan 19 perusahaan manufaktur sudah dapat menggunakan Vaksin Gotong Royong.

Vaksin yang digunakan dalam vaksinasi gotong royong adalah vaksin Sinopharm dan CanSino. https://t.co/FiWD0W3Zm8",
"@perupadata ada Vaksin2 lainnya yg digunakan utk Vaksin Gotong Royong selain Sinopharm, yaitu Sputnik V dan CanSino...

sebelumnya Moderna jg masuk dalam radar...

https://t.co/zI5jU8MkMT",
"Pada hari ini, Vaksin Gotong Rotong resmi digunakan. Presiden Jokowi menyatakan 19 perusahaan manufaktur sudah dapat menggunakan Vaksin Gotong Royong.

Vaksin yang digunakan dalam vaksinasi gotong royong adalah vaksin Sinopharm dan CanSino. https://t.co/aVGUSzmuRh",
"Sobat BUMN! 
Pada hari ini, Vaksin Gotong Rotong resmi digunakan. Presiden Jokowi menyatakan 19 perusahaan manufaktur sudah dapat menggunakan Vaksin Gotong Royong.

Vaksin yang digunakan dalam vaksinasi gotong royong adalah vaksin Sinopharm dan CanSino. https://t.co/BL3DGh880D",
"Sobat BUMN! 
Pada hari ini, Vaksin Gotong Rotong resmi digunakan. Presiden Jokowi menyatakan 19 perusahaan manufaktur sudah dapat menggunakan Vaksin Gotong Royong.
Vaksin yang digunakan dalam vaksinasi gotong royong adalah vaksin Sinopharm dan CanSino.¬†#VaksinGotongRoyongPekerja https://t.co/RuQRu7acaD",
"Sahabat, pada hari ini, Vaksin Gotong Rotong resmi digunakan. Presiden Jokowi menyatakan 19 perusahaan manufaktur sudah dapat menggunakan Vaksin Gotong Royong.

Vaksin yang digunakan dalam vaksinasi gotong royong adalah vaksin Sinopharm dan CanSino.¬†

#VaksinGotongRoyongPekerja https://t.co/b0BPGmiZYC",
"Sobat BUMN! 
Pada hari ini, Vaksin Gotong Rotong resmi digunakan. Presiden Jokowi menyatakan 19 perusahaan manufaktur sudah dapat menggunakan Vaksin Gotong Royong.

Vaksin yang digunakan dalam vaksinasi gotong royong adalah vaksin Sinopharm dan CanSino. https://t.co/Hq1apMrvWy",
"Sobat BUMN! 
Pada hari ini, Vaksin Gotong Rotong resmi digunakan. Presiden Jokowi menyatakan 19 perusahaan manufaktur sudah dapat menggunakan Vaksin Gotong Royong.

Vaksin yang digunakan dalam vaksinasi gotong royong adalah vaksin Sinopharm dan CanSino. https://t.co/SsU07O5yfV",
"Sobat BUMN! 
Pada hari ini, Vaksin Gotong Rotong resmi digunakan. Presiden Jokowi menyatakan 19 perusahaan manufaktur sudah dapat menggunakan Vaksin Gotong Royong.

Vaksin yang digunakan dalam vaksinasi gotong royong adalah vaksin Sinopharm dan CanSino

#VaksinGotongRoyongPekerja https://t.co/FGjvhamBRu",
"Sobat BUMN! 
Pada hari ini, Vaksin Gotong Rotong resmi digunakan. Presiden Jokowi menyatakan 19 perusahaan manufaktur sudah dapat menggunakan Vaksin Gotong Royong.

Vaksin yang digunakan dalam vaksinasi gotong royong adalah vaksin Sinopharm dan CanSino. https://t.co/Hpw4TF0CHw",
"Sobat BUMN! 
Pada hari ini, Vaksin Gotong Rotong resmi digunakan. Presiden Jokowi menyatakan 19 perusahaan manufaktur sudah dapat menggunakan Vaksin Gotong Royong.
Vaksin yang digunakan dalam vaksinasi gotong royong adalah vaksin Sinopharm dan CanSino.¬†
#VaksinGotongRoyongPekerja https://t.co/eqHvV6g5Ji",
"@mamedmad Coba browsing utk sinopharm/cansino, sudah berapa banyak KIPI nya dibandingkan AZ. Sepanjang yg sy tahu AZ di eropa sdh ada bbrp laporan KIPI pembekuan darah sampai jd korban jiwa. Kalo sinopharm/cansino sy blm gitu tau...",Tidak Percaya
@matriphe @justcecile Cansino lagi mengembangkan vaksin yg bisa dihirup.,
"@kapten_imel Hooh, jadi bingung mau ikut vaksin pake ktp dki (az) apa vaksin gotong royong dari kantor (sinopharm, cansino) üòÖ",
"Vaksin yang digunakan dalam vaksinasi gotong royong adalah vaksin Sinopharm dan CanSino. 

Vaksin Gotong Royong ini ditujukan untuk para karyawan, karyawati, buruh dan keluarga perusahaan.

#VaksinGotongRoyongPekerja",
"Haikimers!
Pada hari ini, Vaksin Gotong Royong resmi digunakan. Presiden Jokowi menyatakan 19 perusahaan manufaktur sudah dapat menggunakan Vaksin Gotong Royong.
.
Vaksin yang digunakan dalam vaksinasi gotong royong adalah vaksin Sinopharm dan CanSino.

#VaksinGotongRoyongPekerja https://t.co/fwgsDcTMZC",
"Sobat BUMN! 
Pada hari ini, Vaksin Gotong Rotong resmi digunakan. Presiden Jokowi menyatakan 19 perusahaan manufaktur sudah dapat menggunakan Vaksin Gotong Royong.

Vaksin yang digunakan dalam vaksinasi gotong royong adalah vaksin Sinopharm dan CanSino. https://t.co/diVXpWaxZN",
"Pada hari ini, Vaksin Gotong Rotong resmi digunakan. Presiden Jokowi menyatakan 19 perusahaan manufaktur sudah dapat menggunakan Vaksin Gotong Royong.

Vaksin yang digunakan dalam vaksinasi gotong royong adalah vaksin Sinopharm dan CanSino.¬†

#VaksinGotongRoyongPekerja https://t.co/xfz3gI1GFZ",
"Sobat BUMN! 
Pada hari ini, Vaksin Gotong Rotong resmi digunakan. Presiden Jokowi menyatakan 19 perusahaan manufaktur sudah dapat menggunakan Vaksin Gotong Royong.
Vaksin yang digunakan dalam vaksinasi gotong royong adalah vaksin Sinopharm dan CanSino.

#VaksinGotongRoyongPekerja https://t.co/yT0IfmsUlB",
"Sobat BUMN! 
Pada hari ini, Vaksin Gotong Rotong resmi digunakan. Presiden Jokowi menyatakan 19 perusahaan manufaktur sudah dapat menggunakan Vaksin Gotong Royong.

Vaksin yang digunakan dalam vaksinasi gotong royong adalah vaksin Sinopharm dan CanSino. https://t.co/VTL8dXc5XN",
"Sobat BUMN! 
Pada hari ini, Vaksin Gotong Rotong resmi digunakan. Presiden Jokowi menyatakan 19 perusahaan manufaktur sudah dapat menggunakan Vaksin Gotong Royong.

Vaksin yang digunakan dalam vaksinasi gotong royong adalah vaksin Sinopharm dan CanSino

#VaksinGotongRoyongPekerja https://t.co/kZF9h4iYEA",
"Pada hari ini, Vaksin Gotong Rotong resmi digunakan. Presiden Jokowi menyatakan 19 perusahaan manufaktur sudah dapat menggunakan Vaksin Gotong Royong.

Vaksin yang digunakan dalam vaksinasi gotong royong adalah vaksin Sinopharm dan CanSino.¬†

#VaksinGotongRoyongPekerja https://t.co/x3lZZXAg00",
"Sobat BUMN! 
Pada hari ini, Vaksin Gotong Rotong resmi digunakan. Presiden Jokowi menyatakan 19 perusahaan manufaktur dapat menggunakan Vaksin Gotong Royong.

Vaksin yang digunakan dalam vaksinasi gotong royong adalah vaksin Sinopharm dan CanSino.¬†

#VaksinGotongRoyongPekerja https://t.co/Jw5q9WNY7q",
"Vaksin yang digunakan dalam vaksinasi gotong royong adalah vaksin Sinopharm dan CanSino

#VaksinGotongRoyongPekerja https://t.co/e9XOfN33Qi",
"Sobat BUMN! 
Pada hari ini, Vaksin Gotong Rotong resmi digunakan. Presiden Jokowi menyatakan 19 perusahaan manufaktur sudah dapat menggunakan Vaksin Gotong Royong.

Vaksin yang digunakan dalam vaksinasi gotong royong adalah vaksin Sinopharm dan CanSino.¬† -c- https://t.co/90ntscfaCh",
"Sobat BUMN! 
Pada hari ini, Vaksin Gotong Rotong resmi digunakan. Presiden Jokowi menyatakan 19 perusahaan manufaktur sudah dapat menggunakan Vaksin Gotong Royong.

Vaksin yang digunakan dalam vaksinasi gotong royong adalah vaksin Sinopharm dan CanSino. https://t.co/1E1Xa510F1",
Program vaksinasi gotong royong dimulai hari ini Selasa (18/5/2021). Ini profil vaksin Sinopharm dan CanSino yang digunakan dalam vaksin gotong royong https://t.co/BFB8FDANBd,
"Sobat BUMN! 
Pada hari ini, Vaksin Gotong Rotong resmi digunakan. Presiden Jokowi menyatakan 19 perusahaan manufaktur sudah dapat menggunakan Vaksin Gotong Royong.

Vaksin yang digunakan dalam vaksinasi gotong royong adalah vaksin Sinopharm dan CanSino. https://t.co/o6xlMpcdr1",
"Vaksin Sinopharm dan Cansino untuk di gunakan dalam program #VaksinGotongRoyongPekerja 

#VaksinGotongRoyongPekerja https://t.co/3BeDkzSjJH",
"Sobat BUMN! 
Pada hari ini, Vaksin Gotong Rotong resmi digunakan. Presiden Jokowi menyatakan 19 perusahaan manufaktur sudah dapat menggunakan Vaksin Gotong Royong.

Vaksin yang digunakan dalam vaksinasi gotong royong adalah vaksin Sinopharm dan CanSino. https://t.co/yWjfLVP2H7",
"Vaksinasi gotong royong (VGR) untuk karyawan swasta dimulai hari ini. Vaksin yang digunakan pada tahap pertama ini adalah Sinopharm dan Cansino dengan biaya ditanggung oleh perusahaan. 

Namun, sejumlah pihak menilai harga yang ditetapkan pemerintah terlalu mahal. https://t.co/7XpiFhWxAW",
"Vaksin yang digunakan dalam vaksinasi gotong royong adalah vaksin Sinopharm dan CanSino.¬†

#VaksinGotongRoyongPekerja https://t.co/AsyMNzguGN",
"Vaksin yang digunakan dalam vaksinasi gotong royong adalah vaksin Sinopharm dan CanSino.¬†

Vaksin Gotong Royong ini ditujukan untuk para karyawan, karyawati, buruh dan keluarga perusahaan.

#VaksinGotongRoyongPekerja https://t.co/l1ebpZaLMf",
"Perbedaan 5 vaksin Covid-19, baik yang sudah maupun yang akan digunakan di Indonesia. Vaksin Sinopharm, CanSino, AstraZeneca, Sinovac hingga Moderna. https://t.co/tiDkFfVJMk",
"Sobat BUMN! 
Pada hari ini, Vaksin Gotong Rotong resmi digunakan. Presiden Jokowi menyatakan 19 perusahaan manufaktur sudah dapat menggunakan Vaksin Gotong Royong.
Vaksin yang digunakan dalam vaksinasi gotong royong adalah vaksin Sinopharm dan CanSino. https://t.co/6R2b5iTJgZ",
"Sobat BUMN! 
Pada hari ini, Vaksin Gotong Rotong resmi digunakan. Presiden Jokowi menyatakan 19 perusahaan manufaktur sudah dapat menggunakan Vaksin Gotong Royong.
Vaksin yang digunakan dalam vaksinasi gotong royong adalah vaksin Sinopharm dan CanSino.¬†
#VaksinGotongRoyongPekerja https://t.co/t5Y3vdgs1z",
"Sobat BUMN! 
Pada hari ini, Vaksin Gotong Rotong resmi digunakan. Presiden Jokowi menyatakan 19 perusahaan manufaktur sudah dapat menggunakan Vaksin Gotong Royong.

Vaksin yang digunakan dalam vaksinasi gotong royong adalah vaksin Sinopharm dan CanSino. https://t.co/br2Axs8jVA",
"Vaksin yang digunakan dalam vaksinasi gotong royong adalah vaksin Sinopharm dan CanSino.¬†

#VaksinGotongRoyongPekerja https://t.co/nXceCguwHK",
"Sobat BUMN! 
Pada hari ini, Vaksin Gotong Rotong resmi digunakan. Presiden Jokowi menyatakan 19 perusahaan manufaktur sudah dapat menggunakan Vaksin Gotong Royong.
Vaksin yang digunakan dlm vaksinasi gotong royong adalah vaksin Sinopharm dan CanSino.¬†

#VaksinGotongRoyongPekerja https://t.co/lE4N3LjxH5",
"Sobat BUMN! 
Pada hari ini, Vaksin Gotong Rotong resmi digunakan. Presiden Jokowi menyatakan 19 perusahaan manufaktur sudah dapat menggunakan Vaksin Gotong Royong. 

Vaksin yang digunakan dalam vaksinasi gotong royong adalah vaksin Sinopharm dan CanSino. https://t.co/9ChvuWaTpf",
Vaksin yang digunakan dalam vaksinasi gotong royong adalah vaksin Sinopharm dan CanSino.,
"Sobat BUMN! 
Pada hari ini, Vaksin Gotong Rotong resmi digunakan. Presiden Jokowi menyatakan 19 perusahaan manufaktur sudah dapat menggunakan Vaksin Gotong Royong.

Vaksin yang digunakan dalam vaksinasi gotong royong adalah vaksin Sinopharm dan CanSino. https://t.co/fKxs5oVYGv",
"Dlm pelaksanaan vaksinasi Gotong Royong yg sdh ditetapkan, pemerintah memutuskan memakai jenis vaksin Sinopharm dan CanSino.
Proses vaksinasi Covid-19 ini dibebankan pd perush swasta. Dimana swasta wajib membeli vaksin mandiri ke pemerintah atau BUMN.
#VaksinGotongRoyongPekerja https://t.co/sxArAjDB1H",
"Sobat BUMN! 
Pada hari ini, Vaksin Gotong Rotong resmi digunakan. Presiden Jokowi menyatakan 19 perusahaan manufaktur sudah dapat menggunakan Vaksin Gotong Royong.

Vaksin yang digunakan dalam vaksinasi gotong royong adalah vaksin Sinopharm dan CanSino. https://t.co/O09udYnwBf",
"Pada hari ini, Vaksin Gotong Rotong resmi digunakan. Presiden Jokowi menyatakan 19 perusahaan manufaktur sudah dapat menggunakan Vaksin Gotong Royong.

Vaksin yang digunakan dalam vaksinasi gotong royong adalah vaksin Sinopharm dan CanSino. https://t.co/JDECVXDwiP",
"Sobat BUMN! 
Pada hari ini, Vaksin Gotong Rotong resmi digunakan. Presiden Jokowi menyatakan 19 perusahaan manufaktur sudah dapat menggunakan Vaksin Gotong Royong.
Vaksin yang digunakan dalam vaksinasi gotong royong adalah vaksin Sinopharm dan CanSino.¬†
#vaksingotongroyongpekerja https://t.co/jkO2ktVL5u",
"Sobat BUMN! 
Pada hari ini, Vaksin Gotong Rotong resmi digunakan. Presiden Jokowi menyatakan 19 perusahaan manufaktur sudah dapat menggunakan Vaksin Gotong Royong.

Vaksin yang digunakan dalam vaksinasi gotong royong adalah vaksin Sinopharm dan CanSino. https://t.co/LbUxqkjEcY",
"Sobat BUMN! 
Pada hari ini, Vaksin Gotong Rotong resmi digunakan. Presiden Jokowi menyatakan 19 perusahaan manufaktur sudah dapat menggunakan Vaksin Gotong Royong.
Vaksin yang digunakan dalam vaksinasi gotong royong adalah vaksin Sinopharm dan CanSino

#VaksinGotongRoyongPekerja https://t.co/8LQp0ZFv3f",
"Vaksin yang digunakan dalam vaksinasi gotong royong adalah vaksin Sinopharm dan CanSino.¬†

Vaksin Gotong Royong ini ditujukan untuk para karyawan, karyawati, buruh dan keluarga perusahaan. https://t.co/PgtCf90dp3",
"(2) Vaksin yang digunakan dalam vaksinasi gotong royong adalah vaksin Sinopharm dan CanSino.¬†

Vaksin Gotong Royong ini ditujukan untuk para karyawan, karyawati, buruh dan keluarga perusahaan.
. 
#VaksinGotongRoyongPekerja
@KemenBUMN https://t.co/Oeuh7HJg4q",
"Sobat BUMN! 

Pada hari ini, Vaksin Gotong Rotong resmi digunakan.

Vaksin yang digunakan dlm vaksinasi gotong royong adalah vaksin Sinopharm dan CanSino.¬†

Vaksin Gotong Royong ini ditujukan untuk para karyawan, karyawati, buruh &amp; keluarga perusahaan.

#VaksinGotongRoyongPekerja https://t.co/lKxWUeIKBb",
"Sobat BUMN! 
Pada hari ini, Vaksin Gotong Rotong resmi digunakan. Presiden Jokowi menyatakan 19 perusahaan manufaktur sudah dapat menggunakan Vaksin Gotong Royong.
Vaksin yang digunakan dalam vaksinasi gotong royong adalah vaksin Sinopharm dan CanSino.¬†
#VaksinGotongRoyongPekerja https://t.co/gGyGCrEU8x",
"Sobat BUMN! 
Pada hari ini, Vaksin Gotong Rotong resmi digunakan. Presiden Jokowi menyatakan 19 perusahaan manufaktur sudah dapat menggunakan Vaksin Gotong Royong.
Vaksin yang digunakan dalam vaksinasi gotong royong adalah vaksin Sinopharm dan CanSino.¬†
#VaksinGotongRoyongPekerja https://t.co/ISqtXpU7GR",
"Sobat BUMN! 
Pada hari ini, Vaksin Gotong Rotong resmi digunakan. Presiden Jokowi menyatakan 19 perusahaan manufaktur sudah dapat menggunakan Vaksin Gotong Royong.
Vaksin yang digunakan dalam vaksinasi gotong royong adalah vaksin Sinopharm dan CanSino.¬†
#VaksinGotongRoyongPekerja https://t.co/sXEW9kcZFy",
"Pemerintah telah memutuskan menggunakan vaksin sinopharm dan cansino untuk program vaksinasi gotong royong.

#VaksinGotongRoyongPekerja https://t.co/cqpQQypQqt",
"Pemerintah telah memutuskan menggunakan vaksin sinopharm dan cansino untuk program vaksinasi gotong royong
#vaksinasigotongroyongpekerja https://t.co/Y6HUQ7rgA7",
"4.
Pemerintah telah memutuskan utk menggunakan vaksin Sinopharm dan Cansino utk program vaksinasi Gotong Royong ini.

#VaksinGotongRoyongPekerja https://t.co/mVfVnrXuDN",
"Dalam keterangan resmi¬†Kemenkes, produk vaksin yang digunakan dalam¬†vaksinasi Gotong Royong¬†berbeda dari jenis vaksin yang digunakan dalam program Pemerintah.
Vaksin mandiri ini akan menggunakan vaksin produksi¬†CanSino dan Sinopharm.
#VaksinGotongRoyongPekerja https://t.co/APdkr0kHti",
Valsin Sinopharm dan Cansino sebagai vaksin yg akan dipergunakan dalam program vaksinasi #VaksinGotongRoyongPekerja https://t.co/rv9TK3LssE,
"Selain Sinopharm, Vaksin Gotong Royong juga akan menggunakan vaksin CanSino dari China. Program ini akan menyuntikkan vaksin Covid-19 pada karyawan swasta. https://t.co/PSYMIeQmN4 #teknologi #gadget #tech",
"Jumlah vaksin yang dialokasikan untuk Vaksinasi Gotong Royong yang rencananya di mulai pasca lebaran ini, mencapai 20,2 juta dosis.
Vaksin yang akan digunakan dan sudah disetujui yakni Sinopharm dan CanSino. #StayFitForLife https://t.co/aJ6jlJtJTU",
"Ada beberapa FAQ nih, daripada jawabin 1-1 nih ya:

1. Vaksin yg dipake brand apa?

Saya pake Sinopharm, salah satu brand buat vaksin gotongroyong, selain Cansino. Beda ama yg dipake program pemerintah ya...",
"Berbeda dengan yang digunakan untuk program vaksinasi pemerintah, vaksin yang digunakan dalam vaksinasi gotong royong adalah vaksin Sinopharm dan CanSino. @jokowi

Agenda Arsjad Rasjid, Caketum Kadin Indonesia https://t.co/EnyBrMzov5",
"Vaksinasi gotong royong dilaksanakan mulai dari kemarin. 

Ada dua vaksin Covid-19 yang akan digunakan, yakni dari Sinopharm dan CanSino.

Kita kenalan yuk sama vaksin sinopharm dan vaksinasi gotong royong seperti apa? Thread https://t.co/hMZH4EUCKT",
"Vaksin Sinopharm ini akan digunakan utk program vaksinasi gotong royong. Selain Sinopharm, satu lagi vaksin yg digunakan yaitu vaksin CanSino. https://t.co/ETdehM7wUz",
"Vaksinasi Gotong Royong Dimulai Hari Ini, 18 Mei 2021

Vaksin yang akan digunakan untuk vaksinasi Gotong Royong adalah vaksin Sinopharm. Sedangkan untuk CanSino sebagai kandidat lainnya masih dalam proses. https://t.co/mTgwiPRqJD

ùóùùóºùó∏ùóºùòÑùó∂ ùóüùóÆùòÑùóÆùóª ùó£ùóÆùóªùó±ùó≤ùó∫ùó∂ https://t.co/crAa30wJ33",
"""Jenis vaksin yang akan digunakan dalam vaksin gotong royong yakni akan dimulai dengan vaksin Sinopharm, nantinya ada CanSino juga,"" ujar Basyir. Prosedur penyuntikan vaksin gotong royong juga dilakukan sebanyak dua kali dengan jeda waktu tertentu.

#vaksingotongroyong #kilatnews https://t.co/I0Rsi7tPpv",
,
