Tweet,Nilai,,,,
@colorfulzouis moderna !,,,,,
Optician Nimeland. Tujaribu EyeDrops Za Moderna Sasa https://t.co/QUMGbnJhcV,,,,,
@Zaberblaze Moderna MEN ğŸ˜¤,,,,,
@lifeinanutshel @the_revati Moderna... https://t.co/mtweYG2mBJ,,,,,
@9Trapper Moderna.,,,,,
@damonmurphy2255 Moderna https://t.co/tGBuio2fWC,,,,,
"@katzen_jammer Anehnya...terhadap Vaksin Sinovac, Pfizer, AztraZeneca, Moderna bahkan Johnson &amp; Johnson tidak ada yg ""berani"" ajukan rentetan pertanyaan2 yg sama?!? ğŸ§ğŸ¤”ğŸ™„",,,,,
"Menyikapi vaksin nusantara yang prokontra, 

Aku bingung, sebenere indo tu memutuskan pake vaksin yang mana sih, aku pernah denger ada sinovac, johnson&amp;johnson, oxford, sinoparm, moderna, lah yang dipake tu jadinya yang mana 
Apa semua vaksin dipake ya? Apa masih di uji lab ?",,,,,
@lilneechy Moderna,,,,,
@AaronParnas Moderna,,,,,
@RexChapman Moderna #2,,,,,
"@ProfesorZubairi Vaksin mana aja yg sudah mengikuti kaidah ilmiah prof? Sinovac info efikasi 50% (rendah), AZ sudah dihentikan penggunaan nya di berbagai negara, Moderna ga jelas, Jhonson&amp;Jhonson udh ga produksi vaksin lagi..

Antara yg tertulis dan realita tidak jarang banyak perbedaan ğŸ˜Š",,,,,
@MiTotaton Moderna,,,,,
@daydaydonat Iya hiks. Malah skrg moderna ga ada di daftar :(,,,,,
@classyviking @PeachyPettanko MODERNA GANG WADDUP ğŸ‘âœ¨,,,,,
@TheJTProject Moderna,,,,,
@SwooshMcDuck moderna?,,,,,
"Sinis banget sama dr Terawan. 
Ya udah mending Import vaksin Pfizer, moderna, sputnik, Johnson &amp; Johnson,  Sinovac, Sinopharm, AstraZeneca dari luar ajalah lebih nyaman ğŸ¤£

BPOM: Komponen Utama Vaksin Nusantara dr Terawan dari AS Semua https://t.co/InSqPW0z9R",,,,,
@nattyzieman Moderna,,,,,
"@na_dirs Ya udah mending Import vaksin dari Pfizer , moderna, sputnik , Johnson &amp; Johnson,  Sinovac, Sinopharm, AstraZeneca dari luar  ajalah ... lebih nyaman .. 
ğŸ¤£ğŸ˜„ğŸ˜",,,,,
@prime_bee Moderna https://t.co/VoO1CIB0nj,,,,,
"@ya2t_jakarta J&amp;J barusan ditangguhkan dulu di US, smtr Pfizer juga msh bermasalah di Eropa, ga tau tuh kalo Moderna",,,,,
"Pfizer dipake di Amerika, Uni Eropa n Spore kalo Moderna n Johnson&amp;Johnson di Amerika n Uni Eropa tapi gak di Spore keknya https://t.co/kNWzNDAobl",,,,,
Moderna Baseball,,,,,
Moderna gang foo ğŸ’ª https://t.co/PbyNFghll1,,,,,
@DCsStinkyPeePee moderna ğŸ˜˜,,,,,
@kirstenbeverly_ Moderna.,,,,,
@nibabihcihc @Amazon_Belle moderna gang,,,,,
ğŸ¤ moderna mamiiiiii ğŸ¤,,,,,
"ğŸ§ª Vaccines used globally

Moderna:
ğŸ‡¦ğŸ‡¹ AT ğŸ‡§ğŸ‡ª BE ğŸ‡§ğŸ‡¬ BG ğŸ‡¨ğŸ‡¦ CA ğŸ‡¨ğŸ‡­ CH ğŸ‡¨ğŸ‡¿ CZ ğŸ‡©ğŸ‡ª DE ğŸ‡©ğŸ‡° DK ğŸ‡ªğŸ‡¸ ES ğŸ‡ªğŸ‡ª EE ğŸ‡«ğŸ‡® FI ğŸ‡«ğŸ‡· FR ğŸ‡«ğŸ‡´ FO ğŸ‡¬ğŸ‡· GR ğŸ‡¬ğŸ‡¹ GT ğŸ‡­ğŸ‡³ HN ğŸ‡­ğŸ‡· HR ğŸ‡­ğŸ‡º HU ğŸ‡®ğŸ‡ª IE ğŸ‡®ğŸ‡¸ IS ğŸ‡®ğŸ‡± IL ğŸ‡®ğŸ‡¹ IT ğŸ‡±ğŸ‡® LI ğŸ‡±ğŸ‡¹ LT ğŸ‡±ğŸ‡º LU ğŸ‡±ğŸ‡» LV ğŸ‡²ğŸ‡¹ MT ğŸ‡³ğŸ‡± NL ğŸ‡µğŸ‡± PL ğŸ‡µğŸ‡¹ PT ğŸ‡µğŸ‡¸ PS ğŸ‡·ğŸ‡´ RO ğŸ‡·ğŸ‡¼ RW ğŸ‡¸ğŸ‡¬ SG ğŸ‡ºğŸ‡¸ US",,,,,
@methylscott Moderna.,,,,,
@TheDemaEscapee Moderna,,,,,
@thearuum Paling Pfizer-Biontech atau Moderna mbak.,,,,,
@isaac_m_3 Moderna,,,,,
Moderna,,,,,
@rgp443 Moderna,,,,,
@camvinay Moderna,,,,,
moderna mami ğŸ˜ˆ https://t.co/Z1uHS6uLdq https://t.co/DRa1Ne7tyD,,,,,
@prime_bee Moderna!,,,,,
Moderna mami,,,,,
@juleebabee moderna,,,,,
@_Jennyd1ndonly_ Moderna,,,,,
Moderna Man #VaccinateASong https://t.co/Ytpd4ri3CX,,,,,
"@wiltedfruit ğŸ˜‚
Moderna gang",,,,,
@c_ayala412 Moderna Gang,,,,,
MODERNA GANG,,,,,
Moderna Baseball,,,,,
"Cuma aku mau nanya ke dokter aja nanti siang bagusnya yg mana. Gak ada yg tau apa reaksinya kalau vaksin pertama astrazeneca dan yg keduanya Pfizer-Biontech atau Moderna.

Apa kami juga bakal divaksin yg ketiga kalinya? Gak ada yg tau juga ğŸ˜…ğŸ˜…",Tidak Percaya,,,26,4
"Menyusul Johnson and Johnson yg juga gak masuk dalam pilihan karena izinnya belum keluar dsb.

Pilihan terakhir jatuh pada Pfizer-Biontech sama Moderna. Boleh dipilih dua2nya atau cuma salah satu. Kebanyakan kolegaku cuma pilih Pfizer-Biontech karena emang itu yg paling bagus.",,,,,
"Astrazeneca, Johnson and Johnson, Pfizer-Biontech sama Moderna. Jadi tiap orang diperbolehkan untuk milih lebih dari satu dan pas vaksin nanti bisa didiskusiin sama dokter yg vaksin, jenis vaksin mana yg lbh bagus.

Awal minggu ini masih ada obrolan dr pemerintah Jerman, kalau -c",,,,,
"@narayan_arjun ""Moderna gang"" ğŸ§¢ ğŸ¤¡",,,,,
@s_a_farley Moderna ğŸ˜Œ,,,,,
@HylianTimelord Moderna!,,,,,
@chase_mooney @YouTube Moderna,,,,,
@michoukh moderna #2,,,,,
@EnronChairman Moderna: https://t.co/0cj3bkVPCR,,,,,
@yamipandouille Moderna!,,,,,
@AaronParnas Moderna,,,,,
@AmandaSalas Moderna https://t.co/6eQOkJHmkw,,,,,
@DefnotJp @VillageTaker @urfavmisstake moderna mamas ğŸ¤,,,,,
@m_andreaaai moderna!,,,,,
@jag5081 Moderna,,,,,
@BarthWood Moderna!,,,,,
@byconnie Moderna,,,,,
@P__J_C_ Moderna,,,,,
@ColbyyyG_ Moderna,,,,,
Keefektifan Moderna Turun Jadi 90 Persen https://t.co/fXif57fXwb via @rri.co.id,,,,,
@_americaG Moderna Mami,,,,,
@FCrua Moderna,,,,,
@SamtheSearcher ayee Moderna gang!,,,,,
Moderna Mami Mel,,,,,
@Xoxjlove Moderna ğŸ¥´ğŸ¥´ğŸ¥´,,,,,
"Setiap pusat hanya akan membekalkan dan memberi satu jenis vaksin - sama ada Moderna atau Pfizer-BioNTech.

#ICYMI #AWANInews #AWANIpagi #MyVaksinCOVID19

https://t.co/WBZ2UDPu8V",,,,,
@AaronParnas Moderna,,,,,
Moderna #2 https://t.co/7BvUDVVqMy,,,,,
@momjeandream @kav_jpg moderna!,,,,,
@PRPiesTx Moderna ğŸ˜Š,,,,,
Moderna mamiğŸ¥µâœŒğŸ½ https://t.co/guvpbxaCep,,,,,
@lanechanged 4-14 Moderna,,,,,
@brucecoopertv Moderna,,,,,
@maypo_marky Moderna. ğŸ˜Š,,,,,
@StolenSceptre Moderna?,,,,,
@Navy_Wavyy moderna,,,,,
@KeroroCanti moderna,,,,,
moderna mami ğŸ™‹ğŸ½â€â™€ï¸ https://t.co/nwmcqJgbPL,,,,,
@tammys85 moderna,,,,,
@Jason_Pike Moderna,,,,,
@prime_bee Ms. Moderna https://t.co/9iSe2LpnJu,,,,,
@DrunkRepub Moderna,,,,,
@therealroberty moderna !!,,,,,
@lendamico @TroegsBeer Moderna! https://t.co/czg2a6LpsG,,,,,
Moderna Mamis ğŸ™ŒğŸ¾ğŸ™ŒğŸ¾ğŸ™ŒğŸ¾ https://t.co/VrU3h2o2FC,,,,,
@gmiddleb moderna?,,,,,
@kilometerbryman moderna nap,,,,,
@youngthinker024 Moderna,,,,,
@IvankaTrump Moderna https://t.co/dTx4wZdZ18,,,,,
Moderna ğŸ™‹ğŸ¼â€â™€ï¸ https://t.co/40NftYnmlk,,,,,
@segal_eran Con #Pfizer i #Moderna adenovirus NOOOOO,,,,,
"ğŸ§ª Vaccines used globally

Moderna:
ğŸ‡¦ğŸ‡¹ AT ğŸ‡§ğŸ‡ª BE ğŸ‡§ğŸ‡¬ BG ğŸ‡¨ğŸ‡¦ CA ğŸ‡¨ğŸ‡­ CH ğŸ‡¨ğŸ‡¿ CZ ğŸ‡©ğŸ‡ª DE ğŸ‡©ğŸ‡° DK ğŸ‡ªğŸ‡¸ ES ğŸ‡ªğŸ‡ª EE ğŸ‡«ğŸ‡® FI ğŸ‡«ğŸ‡· FR ğŸ‡«ğŸ‡´ FO ğŸ‡¬ğŸ‡· GR ğŸ‡¬ğŸ‡¹ GT ğŸ‡­ğŸ‡³ HN ğŸ‡­ğŸ‡· HR ğŸ‡­ğŸ‡º HU ğŸ‡®ğŸ‡ª IE ğŸ‡®ğŸ‡¸ IS ğŸ‡®ğŸ‡± IL ğŸ‡®ğŸ‡¹ IT ğŸ‡±ğŸ‡® LI ğŸ‡±ğŸ‡¹ LT ğŸ‡±ğŸ‡º LU ğŸ‡±ğŸ‡» LV ğŸ‡²ğŸ‡¹ MT ğŸ‡³ğŸ‡± NL ğŸ‡µğŸ‡± PL ğŸ‡µğŸ‡¹ PT ğŸ‡µğŸ‡¸ PS ğŸ‡·ğŸ‡´ RO ğŸ‡·ğŸ‡¼ RW ğŸ‡¸ğŸ‡¬ SG ğŸ‡ºğŸ‡¸ US",,,,,
Moderna Baseball,,,,,
@TheSotaSwede Moderna,,,,,
MODERNA GANG https://t.co/vLnYGkyOst,,,,,
@comicalslut1 moderna,,,,,
@MattisonO Moderna,,,,,
@jels02 Moderna gang,,,,,
@AaronParnas Moderna.,,,,,
@David_Leavitt 1/2 moderna,,,,,
@amcboricua Moderna,,,,,
@jokersin19 Moderna,,,,,
@DarthViv moderna gang,,,,,
@AaronParnas Moderna!,,,,,
@D_1andOnly_ Moderna,,,,,
@QueenLavonia Moderna...,,,,,
@r0mina__ Tkm awela moderna,,,,,
moderna baseball,,,,,
@iresimpsonsfans Moderna,,,,,
@Gatorpaul4 @CrisLeeMaza Moderna.,,,,,
@AlabamaBlueGir1 Moderna,,,,,
@AaronParnas Moderna,,,,,
@revdrmeg Moderna,,,,,
@billythelion Moderna ğŸ’‰,,,,,
@BigSmalls_1 Moderna,,,,,
@paulbostwick11 Moderna.,,,,,
@AaronParnas Moderna,,,,,
mODErNa MAmiğŸ¤ª https://t.co/cccAYtlTUC,,,,,
@martindiablo3 Moderna,,,,,
@ali_booty moderna gang,,,,,
@DirkKeller15 Moderna,,,,,
@yamane_patricia Moderna.,,,,,
"@lil_morgy ""moderna""",,,,,
âœ¨Moderna mamiâœ¨,,,,,
@taquiitos_ moderna gang,,,,,
@kmewheathfc moderna,,,,,
@richardwang0110 Yoooo moderna gang,,,,,
@AmandaSalas moderna,,,,,
"Suntikan vaksin Moderna diberikan di 11 daripada 38 pusat vaksinasi, manakala bakinya menggunakan vaksin Pfizer-BioNTech.
#AWANInews #AWANIpagi #HapusCOVID19

https://t.co/ywOXBPSWUM",,,,,
@DSinDC Moderna,,,,,
@BryanNason0420 @marybeckah @SHOTOFYAGER Moderna,,,,,
"Vaksin dari China : Sinovac,  Sinopharm, CanSino... 
Vaksin dari America: Pfizer, Moderna, Johnson &amp; Johnson.
Jd klo di Indonesia menemukan beberapa vaksin lebih bagus toh? Jangan kalah dg negara lain ..",,,,,
Moderna Gang https://t.co/2GMRX2d77u,,,,,
@AmandaSalas Moderna,,,,,
@kpmayor Moderna,,,,,
@nollieshove moderna,,,,,
Moderna pt 2 donezooooo,,,,,
@_Crease_ moderna,,,,,
@TheBiancaDelRio Moderna,,,,,
@ladyaj03 Moderna,,,,,
@brenda_sestito Moderna,,,,,
@marinasbishop Moderna,,,,,
@KManson7 @waltshaub Moderna,,,,,
@AaronParnas Moderna,,,,,
@abeautifulbb Moderna,,,,,
@AaronParnas ğŸ’‰ğŸ’‰Moderna,,,,,
@adderachel Moderna,,,,,
bdi moderna,,,,,
@RxZwolf Moderna gang ğŸ˜‚ğŸ‘ŒğŸ»,,,,,
@DaveFraserWX Moderna,,,,,
@MiniUrbanGarden Moderna!,,,,,
@aniiyengar moderna gang,,,,,
Moderna gang,,,,,
@esrivs Moderna,,,,,
@midnightvictim1 @dotSlashJack Nah moderna superior,,,,,
@cvndywaifu moderna!,,,,,
@LordWalken Moderna,,,,,
@AmandaSalas Moderna,,,,,
@gnash Moderna â˜ğŸ¾,,,,,
@cvndywaifu Moderna,,,,,
@giocazelato Moderna,,,,,
@aldizzzlle Moderna mami https://t.co/AahCP0ejzF,,,,,
@VegasZay_420 Moderna,,,,,
@whaleburial Moderna Mama ğŸ˜Š,,,,,
Moderna gang,,,,,
@AaronParnas Moderna,,,,,
@audreyqsnyder Moderna?,,,,,
@FrozenRaine Moderna,,,,,
"MODERNA GANG, LES GOOO",,,,,
@AmandaSalas Moderna,,,,,
@YesSirJames Moderna ğŸ˜ğŸ˜‰ https://t.co/ZAuysNXHBB,,,,,
@hopefulknick Moderna gang ğŸ˜ˆ https://t.co/joU9T3oKcH,,,,,
@RealKieranLyons Moderna,,,,,
@Troedbone Moderna gang gang,,,,,
"@ferizandra @SridianaEva Untuk perjalanan ke Eropa atau USA harus menyertakan sertifikat vaksin yg disetujui oleh WHO dan EMA (European Medical Agency). 

Jenis vaksin yang disetujui EMA : Pfizer-BioNTech, COVID-19 Vaccine Moderna, dan COVID-19 Vaccine AstraZeneca.",Percaya,,,,
@emwarren2019 Moderna gang thoğŸ¤ª,,,,,
Moderna Gang https://t.co/yL4r7CFGbF,,,,,
@BrettYooper moderna!,,,,,
@jordanandersm Moderna gang ğŸ’â€â™€ï¸,,,,,
Moderna gang,,,,,
@ZackBornstein Moderna Gang!,,,,,
@AmandaSalas Moderna.,,,,,
@AmandaSalas Moderna,,,,,
@Suzzicks Moderna.,,,,,
Moderna https://t.co/9kd9Y8sjWF,,,,,
@whaleburial Moderna Mama ğŸ’…ğŸ»ğŸ’…ğŸ»ğŸ’…ğŸ»,,,,,
@ItsOasus Moderna,,,,,
@goldendaylightt moderna gang hehehe,,,,,
@DannyDeraney Moderna,,,,,
Moderna Mami ğŸ’«,,,,,
moderna mami,,,,,
@pensamientospa5 Moderna,,,,,
@Montanuhhhh MODERNA GANG !!!,,,,,
@iilluminaughtii Moderna gang. ğŸ’ª,,,,,
@Boyjarj Moderna Gang ğŸ¤˜ğŸ¼,,,,,
@AaronParnas Moderna.,,,,,
Moderna gang ğŸ¦ ,,,,,
@_shhawn_ moderna mamis ğŸ˜‚â€¼ï¸,,,,,
@daveybeck @CrisLeeMaza Moderna.,,,,,
@Annie2727 Moderna,,,,,
"ğŸ§ª Vaccines used globally

Moderna:
ğŸ‡¦ğŸ‡¹ AT ğŸ‡§ğŸ‡ª BE ğŸ‡§ğŸ‡¬ BG ğŸ‡¨ğŸ‡¦ CA ğŸ‡¨ğŸ‡­ CH ğŸ‡¨ğŸ‡¿ CZ ğŸ‡©ğŸ‡ª DE ğŸ‡©ğŸ‡° DK ğŸ‡ªğŸ‡¸ ES ğŸ‡ªğŸ‡ª EE ğŸ‡«ğŸ‡® FI ğŸ‡«ğŸ‡· FR ğŸ‡«ğŸ‡´ FO ğŸ‡¬ğŸ‡· GR ğŸ‡¬ğŸ‡¹ GT ğŸ‡­ğŸ‡³ HN ğŸ‡­ğŸ‡· HR ğŸ‡­ğŸ‡º HU ğŸ‡®ğŸ‡ª IE ğŸ‡®ğŸ‡¸ IS ğŸ‡®ğŸ‡± IL ğŸ‡®ğŸ‡¹ IT ğŸ‡±ğŸ‡® LI ğŸ‡±ğŸ‡¹ LT ğŸ‡±ğŸ‡º LU ğŸ‡±ğŸ‡» LV ğŸ‡²ğŸ‡¹ MT ğŸ‡³ğŸ‡± NL ğŸ‡µğŸ‡± PL ğŸ‡µğŸ‡¹ PT ğŸ‡µğŸ‡¸ PS ğŸ‡·ğŸ‡´ RO ğŸ‡·ğŸ‡¼ RW ğŸ‡¸ğŸ‡¬ SG ğŸ‡ºğŸ‡¸ US",,,,,
@AaronParnas Moderna,,,,,
@hellocanada45 Moderna?,,,,,
@PamelaApostolo1 Moderna #2,,,,,
@Merkulon666 @BlaketheMoon @brokenfierce Moderna*,,,,,
@AaronParnas Moderna.,,,,,
@jupisisa Moderna,,,,,
@therealroberty Moderna!,,,,,
@genzdummymode 2x moderna gang ğŸ˜¤,,,,,
@JoeMaring1 @hayatohuseman +1 moderna gang,,,,,
@GeradenC Moderna!,,,,,
Team Moderna,,,,,
Moderna Mami it is ğŸ’–ğŸ¤ªğŸ¤ª https://t.co/D4yGpSMnSw,,,,,
moderna motha!!!! https://t.co/Y4vKb9ePMt,,,,,
moderna gang,,,,,
Moderna 2/2. ğŸ’‰,,,,,
@atzctrl moderna,,,,,
@Rocco76564224 Moderna.,,,,,
@GB4490 Moderna,,,,,
@tightlines70 Moderna,,,,,
@AaronParnas Moderna,,,,,
@BrettThousand Moderna.,,,,,
@Katie_Krause Moderna,,,,,
@AaronParnas @BlackKnight10k Moderna,,,,,
@Teq_Eli Moderna,,,,,
@destmf45 @dcexaminer Moderna https://t.co/AocgtYT95C,,,,,
@eliredman Moderna,,,,,
@Candidus00 Moderna,,,,,
@AaronParnas Moderna!,,,,,
@bruleigh @theTisSilent Moderna,,,,,
MODERNA GANG https://t.co/b7wEQPbpYl,,,,,
@ambrosia_omG how you and di Moderna a gwaan suh far?,,,,,
@AaronParnas Moderna,,,,,
@IamGMJohnson Moderna gang ğŸ¤˜ğŸ¿ https://t.co/miZIaYKNXY,,,,,
@youngthinker024 Moderna.,,,,,
Moderna mami in the cut!,,,,,
@EmranRashid3 Moderna,,,,,
Moderna gang,,,,,
@AaronParnas @BlackKnight10k Moderna,,,,,
Moderna Mami,,,,,
@earthtorogers moderna,,,,,
@rico_rants MODERNA GAAAANGGGGG,,,,,
Moderna GangğŸ˜ğŸ˜,,,,,
@AaronParnas Moderna,,,,,
@AaronParnas @BlackKnight10k Moderna â¤,,,,,
Moderna https://t.co/xYQE7oSokV,,,,,
Moderna Mami ğŸ¥³,,,,,
"@JC_free82 Moderna too. 

ModeRNA.",,,,,
@jeremybowers Moderna?,,,,,
Moderna fkn Gang,,,,,
@MMountain40 Moderna,,,,,
@JEClarkRealtor Moderna,,,,,
@ysIjjk moderna gang ğŸ¤—,,,,,
@World0fEcho Moderna ğŸ¤’,,,,,
@esrivs Congrats!(: Moderna Gang Gang(:,,,,,
@kylebcomedy Moderna ..,,,,,
Moderna Mami https://t.co/21tekgcLeF,,,,,
@arose230 @heel_tread @stardust1006 Moderna.,,,,,
@NotLuster Moderna,,,,,
@goulegrl Moderna mami!!!!! ğŸ¤,,,,,
"Moderna gang, wessssuupppppp!!!!! #ModernaMami",,,,,
Moderna gang ğŸ˜Œ,,,,,
@Kevin_Havenger Moderna?,,,,,
@HalosBeisbol Moderna,,,,,
@earthtorogers moderna bb,,,,,
@SmirkingRaven @RRankinFans @RogerMacsGuitar Moderna,,,,,
@AaronParnas Moderna,,,,,
MODERNA GANGğŸ’ªğŸ¼ https://t.co/FzaACUQtoN,,,,,
@CrispinElias7 Moderna,,,,,
@AaronParnas Moderna,,,,,
@DonRohr Moderna,,,,,
@mybatteryisdyin Moderna,,,,,
@picuudita Moderna gang or die boiiii,,,,,
Moderna Baseball,,,,,
&lt;~~~~ moderna mami,,,,,
@abuttenheim Moderna 1 ğŸ†™,,,,,
@NayNayEsq Moderna,,,,,
@MuseZack Moderna gang-gang https://t.co/eyzDVrNDHb,,,,,
Aye Team Moderna #Electrifying âš¡ https://t.co/bD3NgxIXZ9,,,,,
@AbrasiveSoup Moderna,,,,,
Moderna Mami,,,,,
Moderna Mari â˜ºï¸,,,,,
@garbage_bagel moderna b,,,,,
@PJustKickinIt Moderna,,,,,
@AaronParnas Moderna,,,,,
Aye Moderna Mami GANG GANG https://t.co/jV4GJhUSji,,,,,
@333kkhan Moderna?,,,,,
Moderna ğŸ’‰ #2 âœ….,,,,,
moderna gang https://t.co/62zG46zrKH,,,,,
@pepecaseres Moderna ğŸ‘,,,,,
@JoPoLiverpool Moderna.,,,,,
@AaronParnas Moderna,,,,,
@ArtoPapunen Moderna,,,,,
@LaurenPelley Moderna,,,,,
@thedeadline30 Moderna,,,,,
@AaronParnas Moderna ğŸ‘,,,,,
@AaronParnas Moderna!,,,,,
@BusinessFamous Moderna,,,,,
moderna gang ğŸ‘œğŸ¦  https://t.co/FCdNLSyqO2,,,,,
@AaronParnas Moderna,,,,,
@candice_wpg @shannbil @crazyindapeg Moderna?,,,,,
@yillyy moderna and pifizer gang ğŸ’•,,,,,
@AaronParnas Moderna,,,,,
@cringiestqueen moderna gang https://t.co/G8K3sXYKCt,,,,,
@AaronParnas Moderna ğŸ™ğŸ»,,,,,
@Punk_Bat Moderna,,,,,
@SunlnAries moderna,,,,,
@AaronParnas ModernağŸ˜,,,,,
@earthtorogers moderna~~,,,,,
@new_clear101 moderna gang!!!,,,,,
ModernağŸ˜Š https://t.co/aoHrPs4gQw,,,,,
"ğŸ§ª Vaccines used globally

Moderna:
ğŸ‡¦ğŸ‡¹ AT ğŸ‡§ğŸ‡ª BE ğŸ‡§ğŸ‡¬ BG ğŸ‡¨ğŸ‡¦ CA ğŸ‡¨ğŸ‡­ CH ğŸ‡¨ğŸ‡¿ CZ ğŸ‡©ğŸ‡ª DE ğŸ‡©ğŸ‡° DK ğŸ‡ªğŸ‡¸ ES ğŸ‡ªğŸ‡ª EE ğŸ‡«ğŸ‡® FI ğŸ‡«ğŸ‡· FR ğŸ‡«ğŸ‡´ FO ğŸ‡¬ğŸ‡· GR ğŸ‡¬ğŸ‡¹ GT ğŸ‡­ğŸ‡³ HN ğŸ‡­ğŸ‡· HR ğŸ‡­ğŸ‡º HU ğŸ‡®ğŸ‡ª IE ğŸ‡®ğŸ‡¸ IS ğŸ‡®ğŸ‡± IL ğŸ‡®ğŸ‡¹ IT ğŸ‡±ğŸ‡® LI ğŸ‡±ğŸ‡¹ LT ğŸ‡±ğŸ‡º LU ğŸ‡±ğŸ‡» LV ğŸ‡²ğŸ‡¹ MT ğŸ‡³ğŸ‡± NL ğŸ‡µğŸ‡± PL ğŸ‡µğŸ‡¹ PT ğŸ‡µğŸ‡¸ PS ğŸ‡·ğŸ‡´ RO ğŸ‡·ğŸ‡¼ RW ğŸ‡¸ğŸ‡¬ SG ğŸ‡ºğŸ‡¸ US",,,,,
@LeslieKlinger1 Moderna,,,,,
@AaronParnas Team Moderna,,,,,
@MipsytheGoblin Moderna!,,,,,
@a_houly Moderna,,,,,
2da dosis Moderna ğŸ’‰âœ…,,,,,
MODERNA GANG (2/2) https://t.co/wb1oFyqKPM,,,,,
@BPorter804 Moderna,,,,,
@SethxTyler Moderna. :),,,,,
@AaronParnas Moderna.,,,,,
Moderna https://t.co/rU5gpNRjoM,,,,,
@SimplyTwiggy Moderna,,,,,
@MegosVolve Moderna,,,,,
@reggierhoades @The1Justin @MacSporkTwo Moderna,,,,,
@karmenbabyyy Moderna,,,,,
Moderna = ğŸ˜´ğŸ˜´ğŸ˜´ğŸ˜´ğŸ˜´,,,,,
@ashleyrdz28 Moderna,,,,,
@AaronParnas Moderna,,,,,
@AaronParnas Moderna,,,,,
@wics_abc20 Moderna,,,,,
@jayelef_64 Moderna,,,,,
@TSinicke Moderna,,,,,
@ilovecomputers Moderna gang,,,,,
@luddite916 Moderna,,,,,
@Electra Moderna?,,,,,
@AaronParnas Moderna,,,,,
@EugenePuryear @NYCHealthSystem Moderna gang! âœŠğŸ¿,,,,,
@MWardzyniakowa ğŸ‘ğŸ¤ğŸ˜‰modernağŸ’ªğŸ‘,,,,,
@debdobson @feministabulous Moderna,,,,,
Moderna GANG,,,,,
@bouttiergwenae1 Moderna,,,,,
@EmpressMinty moderna,,,,,
@RaguJJ Moderna!,,,,,
@Katie_Falls Moderna gang https://t.co/1SCCaPvEP9,,,,,
@Kenefick_22 @DistractedMan @TheDomsMom @_KellyKayyy_ Moderna: https://t.co/2po5L4E4LO,,,,,
@Iesbianhokage MODERNA ğŸ¤¢,,,,,
@kovox Moderna gang,,,,,
@frankie944 Moderna!,,,,,
@kovox Moderna gang wya,,,,,
@oslowe moderna,,,,,
Moderna https://t.co/y4Rqqb9k4p,,,,,
@AaronParnas Moderna,,,,,
@itsrru Moderna,,,,,
@KingofWows moderna?,,,,,
@Mcgillligan @mariss Moderna!,,,,,
@drbinsonrespckt Moderna uwu,,,,,
Moderna #1 https://t.co/bO4E9RcCVS,,,,,
@AaronParnas Moderna,,,,,
@kikosdream Moderna Mami,,,,,
âœ¨moderna gangâœ¨,,,,,
@HumphreyMuski Moderna gang!!!,,,,,
@NelsoSav moderna bb,,,,,
@NinoCruzillini Moderna,,,,,
@RoosBrews Moderna,,,,,
@Saiyber Moderna,,,,,
"Moderna #2
DUN

#CoVid2021
#Vaccinated
#ModernaVaccinesDay 
#SolanoCountyHealth
#KaiserPermante
#CovidVaccine
#MovingForward https://t.co/whEToFW89s",,,,,
@jadeambberr Moderna,,,,,
@GeorgeKalinows1 Moderna!,,,,,
@simmsswift moderna!!,,,,,
@emiIsacrifice moderna gang ğŸ˜,,,,,
Moderna Gaaaang,,,,,
@GraysonNull Moderna!,,,,,
@hannahfosters MODERNA! :D,,,,,
@BrandonWright77 @vindesigns2013 Moderna?,,,,,
Team Moderna. ğŸ˜¬ https://t.co/tUbdsQMHOy,,,,,
@dariathepeach Moderna?,,,,,
@jeuxhimeros Moderna,,,,,
@SAPPHICD3SI moderna mamas,,,,,
@inottonii moderna mamiiii,,,,,
Moderna Mami,,,,,
@TheTrueJFK Moderna ğŸ¥³ğŸ¥³,,,,,
@been0rwood Moderna.,,,,,
@D_1andOnly_ Moderna,,,,,
@JFergusonAU MODERNA GANG ğŸ“¡ğŸ§¬ğŸ¦¾ğŸ¤–,,,,,
@am_parra Moderna,,,,,
"ğŸ˜ğŸ˜¬ğŸ˜· ""Moderna""...",,,,,
@sugarshanley Yessss moderna gang,,,,,
@eastwindcapital Moderna.,,,,,
"@HarrySnel1 Moderna
https://t.co/Df8ChQorgU",,,,,
Moderna gang represent,,,,,
@username80831 Moderna 100%,,,,,
@SpeakerShinjini Moderna ğŸ’‰,,,,,
@crambadford moderna,,,,,
Moderna Gang https://t.co/5oLjaSnR3y,,,,,
Moderna gang ğŸ¤˜ğŸ¼,,,,,
@Amara_deMachado Team Moderna ğŸ’‰ğŸ™ŒâœŒâ¤ğŸ˜ƒ https://t.co/gkh8WpSalJ,,,,,
@KristenRemaro @sailorrooscout Team Moderna!!,,,,,
@Effy_GO @22Eduard0 Moderna .,,,,,
@WilliamArnold45 Moderna.,,,,,
Moderna #2 https://t.co/PJj3AGbXaX,,,,,
"Angka baru itu berdasarkan 900 kasus covid yang telah diputuskan dari studi per 9 April, sedangkan studi sebelumnya berdasarkan 185 kasus.  https://t.co/DGAvqPEU9o",,,,,
@nayelibw moderna !,,,,,
@DrJessicaLanger @fppf_gf @aGirlCalledChar Moderna*,,,,,
"ğŸ§ª Vaccines used globally

Moderna:
ğŸ‡¦ğŸ‡¹ AT ğŸ‡§ğŸ‡ª BE ğŸ‡§ğŸ‡¬ BG ğŸ‡¨ğŸ‡¦ CA ğŸ‡¨ğŸ‡­ CH ğŸ‡¨ğŸ‡¿ CZ ğŸ‡©ğŸ‡ª DE ğŸ‡©ğŸ‡° DK ğŸ‡ªğŸ‡¸ ES ğŸ‡ªğŸ‡ª EE ğŸ‡«ğŸ‡® FI ğŸ‡«ğŸ‡· FR ğŸ‡«ğŸ‡´ FO ğŸ‡¬ğŸ‡· GR ğŸ‡¬ğŸ‡¹ GT ğŸ‡­ğŸ‡³ HN ğŸ‡­ğŸ‡· HR ğŸ‡­ğŸ‡º HU ğŸ‡®ğŸ‡ª IE ğŸ‡®ğŸ‡¸ IS ğŸ‡®ğŸ‡± IL ğŸ‡®ğŸ‡¹ IT ğŸ‡±ğŸ‡® LI ğŸ‡±ğŸ‡¹ LT ğŸ‡±ğŸ‡º LU ğŸ‡±ğŸ‡» LV ğŸ‡²ğŸ‡¹ MT ğŸ‡³ğŸ‡± NL ğŸ‡µğŸ‡± PL ğŸ‡µğŸ‡¹ PT ğŸ‡µğŸ‡¸ PS ğŸ‡·ğŸ‡´ RO ğŸ‡·ğŸ‡¼ RW ğŸ‡¸ğŸ‡¬ SG ğŸ‡ºğŸ‡¸ US",,,,,
@jmolas Moderna,,,,,
Moderna mamiğŸ’•,,,,,
@eezalde Moderna,,,,,
@__veniSa Moderna,,,,,
@takeoutphoto MODERNA GANG ğŸ¥µğŸ¥µğŸ¥µ,,,,,
MODERNA GANG https://t.co/jf4kndiWl3,,,,,
@le_letigre @EtatdeVaud Moderna https://t.co/0jibU9B9Dd,,,,,
@BAZ0NKED ayy moderna gang,,,,,
"nasdaq 100

bajas  kraft  peloton y netflix  -2.1%

subas  moderna lidera con +3.8",,,,,
@waychelbaychel Moderna?,,,,,
Team Moderna ğŸ‘Œ,,,,,
Moderna gang putas,,,,,
@Camarieee Moderna,,,,,
@48dms Moderna.,,,,,
Moderna Mami! https://t.co/eacqcMqCXM,,,,,
@WelsZA @BNODesk Moderna?,,,,,
@D_1andOnly_ MODERNA,,,,,
@0FHISVAL0R | ~ moderna,,,,,
@DEVOUTMATRlARCH | ~ moderna,,,,,
@AllisonLCarter Moderna Mom. https://t.co/lfPL5Rlvqc,,,,,
@eaner0919 Moderna?,,,,,
@username80831 Moderna gang,,,,,
@minatorres24 Moderna mamiâœ¨,,,,,
@brentinmock Moderna?,,,,,
@Ann_imal Moderna,,,,,
"@kostiukwilliams Oh, Moderna? https://t.co/vlNkMJf76p",,,,,
moderna mami,,,,,
@judeinlondon2 @thewayoftheid Moderna,,,,,
"Moderna gang represent
#moderna
$MRNA https://t.co/GXGEc2Ohwe",,,,,
@nemo_mark Moderna,,,,,
"@Tygodnik_Sieci tak... AZ - adenowirus
Picer / Moderna - mRNA
ulotka np. picera https://t.co/SDlVIqRecz",,,,,
"Microsoft News
https://t.co/7nYhAXo9GD",,,,,
@Unproblemattic Moderna,,,,,
"@MollyJongFast Moderna#2 manana, also jâ€™uish",,,,,
@ReelyCaroline Moderna,,,,,
@todonoticias Moderna.,,,,,
Moderna gang ğŸ˜ˆ,,,,,
@KayCee1771 Moderna,,,,,
@realgreatcat Moderna,,,,,
@RyyppoP @RoslakkaVille Moderna,,,,,
@JotaMSilvaA @tv3cat Moderna,,,,,
@shannonballard_ Moderna âœŒğŸ»,,,,,
@pierrenovellie Moderna,,,,,
@tonyposnanski Moderna gang member here! ğŸ–,,,,,
Moderna Mami ğŸ˜­ https://t.co/3c9WoBrKfD,,,,,
@RentATobbes Moderna :3,,,,,
@davidfpotter Moderna?,,,,,
Moderna jab 1 done ğŸ¦ ğŸ’‰,,,,,
@AF_Heel Moderna?,,,,,
@_Raquelittaa Moderna,,,,,
@NadiaKNM1 Moderna.,,,,,
@thefifthbeegee Moderna,,,,,
@gutterbuttx Moderna!!!,,,,,
@SimonHamelin Moderna?,,,,,
@_ArmchairQBshow @davidmoore_7 Moderna,,,,,
"ğŸ§ª Vaccines used globally

Moderna:
ğŸ‡¦ğŸ‡¹ AT ğŸ‡§ğŸ‡ª BE ğŸ‡§ğŸ‡¬ BG ğŸ‡¨ğŸ‡¦ CA ğŸ‡¨ğŸ‡­ CH ğŸ‡¨ğŸ‡¿ CZ ğŸ‡©ğŸ‡ª DE ğŸ‡©ğŸ‡° DK ğŸ‡ªğŸ‡¸ ES ğŸ‡ªğŸ‡ª EE ğŸ‡«ğŸ‡® FI ğŸ‡«ğŸ‡· FR ğŸ‡«ğŸ‡´ FO ğŸ‡¬ğŸ‡· GR ğŸ‡¬ğŸ‡¹ GT ğŸ‡­ğŸ‡³ HN ğŸ‡­ğŸ‡· HR ğŸ‡­ğŸ‡º HU ğŸ‡®ğŸ‡ª IE ğŸ‡®ğŸ‡¸ IS ğŸ‡®ğŸ‡± IL ğŸ‡®ğŸ‡¹ IT ğŸ‡±ğŸ‡® LI ğŸ‡±ğŸ‡¹ LT ğŸ‡±ğŸ‡º LU ğŸ‡±ğŸ‡» LV ğŸ‡²ğŸ‡¹ MT ğŸ‡³ğŸ‡± NL ğŸ‡µğŸ‡± PL ğŸ‡µğŸ‡¹ PT ğŸ‡µğŸ‡¸ PS ğŸ‡·ğŸ‡´ RO ğŸ‡·ğŸ‡¼ RW ğŸ‡¸ğŸ‡¬ SG ğŸ‡ºğŸ‡¸ US",,,,,
@cinapelayo Moderna!,,,,,
@Tzatza1616 Moderna,,,,,
"Apakah vaksin Astra zeneca, pfizer, moderna sinovac dll sdh melakukan uji klinis efek sampingnya ?
Bahkan mrk menolak digugat jk ada cacat/kematian akibat vaksin.
Itu artinya rakyat Indonesia dijadikan kelinci percobaan. https://t.co/z1tza2AeDb",Tidak Percaya,,,,
@JorgeOrtega @mora_diaz13 Moderna,,,,,
Moderna https://t.co/oA9CKRkiBU,,,,,
moderna ğŸ‘€,,,,,
@diva_dit Moderna mami?,,,,,
@RoughSandra @Gizmo191 @MsFrauG @devisridhar Moderna.,,,,,
"@kuaijishi17 Iya, baru semester kedua. Khusus yg Moderna sepertinya diperuntukkan program vaksin mandiri, jadi bayar (dibayar perusahaan pakai opex masing-masing).",,,,,
@brattydianne @GeliMD Moderna?,,,,,
@zvanyathee Suruh ke amerika biar dapet pfizer/ moderna,,,,,
@itzsamya Moderna,,,,,
"Moderna Klaim Vaksin Covid-19 Buatannya Masih Beri Perlindungan Kuat Selama 6 Bulan: Perusahaan juga mulai menguji vaksin versi baru yang menargetkan varian baru virus corona yang mengkhawatirkan, yang mulanya teridentifikasi di Afrika Selatan dan yangâ€¦ https://t.co/mol8bjee3I",Percaya,,,,
@bobbybonesshow @mrBobbyBones Moderna,,,,,
"ğŸ§ª Vaccines used globally

Moderna:
ğŸ‡¦ğŸ‡¹ AT ğŸ‡§ğŸ‡ª BE ğŸ‡§ğŸ‡¬ BG ğŸ‡¨ğŸ‡¦ CA ğŸ‡¨ğŸ‡­ CH ğŸ‡¨ğŸ‡¿ CZ ğŸ‡©ğŸ‡ª DE ğŸ‡©ğŸ‡° DK ğŸ‡ªğŸ‡¸ ES ğŸ‡ªğŸ‡ª EE ğŸ‡«ğŸ‡® FI ğŸ‡«ğŸ‡· FR ğŸ‡«ğŸ‡´ FO ğŸ‡¬ğŸ‡· GR ğŸ‡¬ğŸ‡¹ GT ğŸ‡­ğŸ‡³ HN ğŸ‡­ğŸ‡· HR ğŸ‡­ğŸ‡º HU ğŸ‡®ğŸ‡ª IE ğŸ‡®ğŸ‡¸ IS ğŸ‡®ğŸ‡± IL ğŸ‡®ğŸ‡¹ IT ğŸ‡±ğŸ‡® LI ğŸ‡±ğŸ‡¹ LT ğŸ‡±ğŸ‡º LU ğŸ‡±ğŸ‡» LV ğŸ‡²ğŸ‡¹ MT ğŸ‡³ğŸ‡± NL ğŸ‡µğŸ‡± PL ğŸ‡µğŸ‡¹ PT ğŸ‡µğŸ‡¸ PS ğŸ‡·ğŸ‡´ RO ğŸ‡·ğŸ‡¼ RW ğŸ‡¸ğŸ‡¬ SG ğŸ‡ºğŸ‡¸ US",,,,,
@Catmanlaw1 Moderna,,,,,
Moderna Klaim Vaksinnya Beri Perlindungan Kuat Enam Bulan https://t.co/p9BvVXGrJd https://t.co/5e8pyGFrRq,Percaya,,,,
"@drpriono1 @tirta_hudhi @jokowi @DPR_RI @KemenristekBRIN @KemenkesRI Makanya itu indonesia harus beli sinovac, moderna, pfizer, astrazeneca dll yang juga ga memenuhi kaidah klinis dan uji klinis

Mari kita import vaksin karena fee nya lumayan, persetan dgn vaksin merah putih atau vaksin nusantara

Buat standard yg tgg untuk vaksin dalam negri ğŸ¤£ğŸ¤£",,,,,
@OffischelNoah Moderna,,,,,
Moderna: https://t.co/eBA9MsQTdt https://t.co/NZznXN5yHB,,,,,
@Andherta66 Moderna,,,,,
@435754_etf @CarolineCoramUK ModeRNA...,,,,,
"Lo pikir Pfizer, Moderna, Sinovac, dan semua yg lo sebutin itu udah terbukti bagus? Bukannya semua jg skrg ini jd kelinci percobaan?
Yang paling aman ya jelas VakNus lah, diambil dr sel dendritik kita sendiri. Gimana sihhh Tablo? ğŸ˜’

Aahhh lg puasa bikin gemes kalo buka medsos ğŸ˜‚ https://t.co/DpDwK3QDl4",,,,,
@nicholas_ibarra Moderna gang,,,,,
@PhAsm171386 Moderna,,,,,
@Harish8_AB moderna https://t.co/WluE870Pcr,,,,,
@0TTERHAUS Moderna,,,,,
@leilaswrldd moderna,,,,,
@HikaBaby_ Moderna :D,,,,,
@wendlewompis Moderna?,,,,,
@hwinkler4real Team Moderna ğŸ’‰ğŸ™Œâ¤ https://t.co/cdQl9mXETF,,,,,
"#Ogah Kalah, Tiongkok Bikin Vaksin Covid-19 Seperti Pfizer dan Moderna - JawaPos #Covid #Covid19 https://t.co/bNwJ63cxq6",,,,,
"Ogah Kalah, Tiongkok Bikin Vaksin Covid-19 Seperti Pfizer danÂ Moderna https://t.co/Oye4qG8Hqb https://t.co/Biw6CUagfN",,,,,
"Ogah Kalah, Tiongkok Bikin Vaksin Covid-19 Seperti Pfizer danÂ Moderna https://t.co/Ngg3p8VLlc https://t.co/Q19Bm0Lcp7",,,,,
"https://t.co/eiEMMtmc43
Russia ki SputnicV aaj se Bhrat m lagegi fir Moderna aur pfizer ko Bharat ki na kyun #coronavaccineupdate #coronavaccinenews #sputnicv #sputnicvnews #Nitin #healthesswealth #podcast",,,,,
"@quinzelcrane Kalo merk mah kayaknya kita ga dpt pfizer, moderna gt (thx to mr cloud). Jadi yaaaah ğŸ¤£ğŸ¤£ğŸ¤£ğŸ¤£",,,,,
Moderna. https://t.co/OQruqkynFb,,,,,
@notzay___ Moderna,,,,,
@ridersfan06 Moderna,,,,,
"DIAWA = DARPA!  

ModeRNA 

https://t.co/BPgAY1PbkW

https://t.co/4CUWWJrRW7 https://t.co/hKSXM8slXa",,,,,
@Melissa_VA_757 Moderna 2 X DONE!,,,,,
"Ogah Kalah, Tiongkok Bikin Vaksin Covid-19 Seperti Pfizer dan Moderna https://t.co/wOKxCj7Nja",,,,,
@MailOnline Moderna gang ğŸ‘,,,,,
@AidanAlencastre Moderna,,,,,
"Kukira sekelas Aburizal Bakrie dan Gatot Nurmantyo diam-diam bakal beli vaksin Moderna atau Pfizer ternyata malah jadi pemakai Vaksin Nusantara, hebat ya jutsu cuci otak Terawan. Jangan2 dia-lah Godfather-nya Indonesia. Hehehe",,,,,
"ğŸ§ª Vaccines used globally

Moderna:
ğŸ‡¦ğŸ‡¹ AT ğŸ‡§ğŸ‡ª BE ğŸ‡§ğŸ‡¬ BG ğŸ‡¨ğŸ‡¦ CA ğŸ‡¨ğŸ‡­ CH ğŸ‡¨ğŸ‡¿ CZ ğŸ‡©ğŸ‡ª DE ğŸ‡©ğŸ‡° DK ğŸ‡ªğŸ‡¸ ES ğŸ‡ªğŸ‡ª EE ğŸ‡«ğŸ‡® FI ğŸ‡«ğŸ‡· FR ğŸ‡«ğŸ‡´ FO ğŸ‡¬ğŸ‡· GR ğŸ‡¬ğŸ‡¹ GT ğŸ‡­ğŸ‡³ HN ğŸ‡­ğŸ‡· HR ğŸ‡­ğŸ‡º HU ğŸ‡®ğŸ‡ª IE ğŸ‡®ğŸ‡¸ IS ğŸ‡®ğŸ‡± IL ğŸ‡®ğŸ‡¹ IT ğŸ‡±ğŸ‡® LI ğŸ‡±ğŸ‡¹ LT ğŸ‡±ğŸ‡º LU ğŸ‡±ğŸ‡» LV ğŸ‡²ğŸ‡¹ MT ğŸ‡³ğŸ‡± NL ğŸ‡µğŸ‡± PL ğŸ‡µğŸ‡¹ PT ğŸ‡µğŸ‡¸ PS ğŸ‡·ğŸ‡´ RO ğŸ‡·ğŸ‡¼ RW ğŸ‡¸ğŸ‡¬ SG ğŸ‡ºğŸ‡¸ US",,,,,
@pwillyiv Team Moderna!,,,,,
Vaksin Moderna berikan perlindungan hingga 90 persen dari semua kasus Covid-19. https://t.co/KDAU3ZNvrT,,,,,
@Breakdownclown Moderna,,,,,
Vaksin Moderna berkesan 90 peratus https://t.co/yBKqnNOPRR via @LalangManis,,,,,
@kamillaleonel Moderna,,,,,
@BusinessFamous Moderna,,,,,
moderna https://t.co/cu72kbGvNQ,,,,,
@puramore Moderna,,,,,
@SpeakerShinjini Moderna.,,,,,
@QueenPhillippa Moderna,,,,,
@7NewsSydney Moderna.,,,,,
@richten47 Moderna jab?,,,,,
@BusinessFamous Moderna!,,,,,
Vaksin Moderna Punya Perlindungan Kuat hingga 6 Bulan https://t.co/6qIk2SOzsQ via @harianbatampos,Percaya,,,,
Moderna: Perlindungan vaksin COVID kami masih kuat sampai 6 bulan - @antarakalbar  ANTARA News Kalimantan Barat https://t.co/BW5YCUwLwg,Percaya,,,,
@D_1andOnly_ Moderna,,,,,
Vaksin Moderna Beri Perlindungan dari Covid-19 hingga 6Â Bulan https://t.co/Oye4qG8Hqb https://t.co/FYHGjZhTw8,Percaya,,,,
Vaksin Moderna Beri Perlindungan dari Covid-19 hingga 6Â Bulan https://t.co/Ngg3p8VLlc https://t.co/q12QvTiFBu,Percaya,,,,
@Yves_Laurent Moderna!,,,,,
Moderna ğŸ’‰ https://t.co/3m8mbgjXcb,,,,,
@AyyoZack Moderna,,,,,
Vaksin Moderna Beri Perlindungan dari Covid-19 hingga 6 Bulan https://t.co/wFPbECivSC,Percaya,,,,
@m3lbr33zy Moderna &gt;&gt;&gt;,,,,,
Moderna https://t.co/5hW7Um8UaW,,,,,
@jennandjuiceeee Moderna ğŸ˜—,,,,,
"Iya ya bukan keputusan kolektif dpr,paling geng nya si gemblung saleh daulayğŸ¤£,vaksin apaan uji klinis aja kaga lulus,paling banter dia impor vaksin luar,pfizer atau moderna,tapi klaim2suntik vaksin nusantara,ğŸ¤£manusia2 shinting @drdickybudiman @sofiesyarief @tvOneNews @KompasTV https://t.co/lgCEcOEcFx",Tidak Percaya,,,,
@canida Moderna,,,,,
"banyak pilihan pfizer, moderna, sinovac  ngapain ribuT? - 

tapi paling bagus ..

ENGGAK USAH DI-INJEK! https://t.co/Y7huYfYuVM https://t.co/K3Y1TnXxNx",,,,,
"Untuk Kebutuhan Global, Moderna Sudah Pasok 132 Juta Dosis Vaksin Covid-19 https://t.co/gbnRo9TYz8 https://t.co/ArUOv0aAV0",,,,,
@neuwirthe Moderna,,,,,
"@SABCDikgang @Thabiso_Moss @motswedingfm A o emisiwe go thibela tshenyo, ke moento wa bobedi jaanong o emisiwa. Canada le EU di ne di setse di tsentse thomelelo ya J&amp;J. Bokgoni le nonofo ya Pfizer-BionNtech, Sputnik, le Moderna di dirisiwa lefatshe ka bophara. Go reng le tsone re sa di leke?",,,,,
"Data di #AS tunjukkan bahwa dari 150 juta vaksinasi dg #Pfizer, #Moderna, dan J&amp;J, hanya 0,005% mengalami efek samping serius. #Vaksin #COVID19 aman digunakan! #lawanCovid19 #pakaimasker #jagajarak #cucitangan

https://t.co/lDGIVEYqcD https://t.co/qI3OHC684N",,,,,
@_isaacf7 Moderna mami ğŸ˜³,,,,,
@AyyoZack Moderna gang,,,,,
Moderna klaim perlindungan vaksin COVID masih kuat sampai enam bulan - ANTARA News Jawa Barat https://t.co/h2GUjlErBF,Percaya,,,,
moderna mami here tehe https://t.co/TvwathjEHv,,,,,
Moderna umum penurunan 4.1% kadar keberkesanan vaksin Covid-19 kepada 90% lepas ujian klinikal Fasa Ketiga https://t.co/SX3lbGWpnL https://t.co/RhbB6lDe7m,,,,,
@stellar_jl319 Moderna,,,,,
@TomerAzarly Moderna Gang!!,,,,,
@robynhfrost moderna gang SKRONG ğŸ˜¤,,,,,
Moderna mami,,,,,
@abbyyzino Moderna,,,,,
Moderna Klaim Bahwa Vaksin Covid-19 Buatannya Melindungi Hingga 6 Bulan https://t.co/ndiRlhvJCz,Percaya,,,,
"Keputusan baharu itu diperoleh hasil ujian klinikal Fasa Ketiga membabitkan lebih 30,000 individu. #FMTNews #Moderna #Covid19 #Vaksin  https://t.co/MuBAYXzexL",,,,,
Moderna: Perlindungan Vaksin Covid-19 Kami Kuat Sampai Enam Bulan https://t.co/8YzYhhHMsk,Percaya,,,,
@rfergo1 Moderna,,,,,
@pprincesstianna moderna ğŸ¥‚ https://t.co/lNdX9TerK2,,,,,
@MACx3D Moderna!,,,,,
"masyarakat jgn mau dikasih pfizer pilih yg seperti dpr punya, orang2  (DPR) ini pasti ketakutan kl di-injek moderna, pfizer itulah sebabnya vax nusantara di dukung DPR sepak terjang plasebo ini dia pasti dpt bocoran, lokal konten ini https://t.co/w41cplACFN",,,,,
@____anna____1 Moderna Mami?,,,,,
moderna gang wya https://t.co/INZhVOcBQp,,,,,
Moderna gang ğŸ¤˜,,,,,
@Sloths7777 ğŸ’‰ğŸ’‰ moderna,,,,,
@cafetajunkie modernA,,,,,
@_AmbitiousxGirl moderna!,,,,,
@ignanteinstein @aReal_mfTHUGG Moderna Mobb deep!,,,,,
@LisaToddSutton @ChrisFi24960366 Moderna,,,,,
Moderna: Perlindungan Vaksin Covid-19 Kami Kuat Sampai Enam Bulan #LengkapCepatBeritanya #BeritaTerkini #Berita #News #BeritaNasional . https://t.co/fcSvG1rYxe,Percaya,,,,
"Setelah Dosis Kedua, Perlindungan Vaksin Covid-19 Moderna Tahan 6 Bulan https://t.co/cIA7drUCHi",Percaya,,,,
@null Moderna: Perlindungan Vaksin Covid-19 Kami Kuat Sampai Enam Bulan Moderna mengkl  https://t.co/DsVh9YDdoy,Percaya,,,,
Moderna Berikan Pembelaan Terkait Keamanan Vaksinnya https://t.co/pxheuCaXMU https://t.co/8oQndyJwHx,,,,,
Moderna mamiğŸ˜ŒğŸ’…ğŸ» https://t.co/JiX2b51OfI,,,,,
@Gabiwilleatyou Moderna!,,,,,
@eytanmirsky Moderna,,,,,
@msnony77 Moderna,,,,,
Moderna https://t.co/Sx9rLhtODb,,,,,
@orkoliberal Moderna Mobbbbb,,,,,
@SmoophBell Moderna https://t.co/pEACxwgV3X,,,,,
"@septian Mari berdoa kalau Pfizer, Moderna, Novavax, JNJ, AZ, Bharat, Arcturus, CureVac, Sinovac, Sinopharm, CanSino, dan vaksin papan atas lainnya bisa membanjiri kebutuhan vaksin dunia jadinya kita gak perlu jadi kelinci percobaan VakNus.",,,,,
"ğŸ§ª Vaccines used globally

Moderna:
ğŸ‡¦ğŸ‡¹ AT ğŸ‡§ğŸ‡ª BE ğŸ‡§ğŸ‡¬ BG ğŸ‡¨ğŸ‡¦ CA ğŸ‡¨ğŸ‡­ CH ğŸ‡¨ğŸ‡¿ CZ ğŸ‡©ğŸ‡ª DE ğŸ‡©ğŸ‡° DK ğŸ‡ªğŸ‡¸ ES ğŸ‡ªğŸ‡ª EE ğŸ‡«ğŸ‡® FI ğŸ‡«ğŸ‡· FR ğŸ‡«ğŸ‡´ FO ğŸ‡¬ğŸ‡· GR ğŸ‡¬ğŸ‡¹ GT ğŸ‡­ğŸ‡³ HN ğŸ‡­ğŸ‡· HR ğŸ‡­ğŸ‡º HU ğŸ‡®ğŸ‡ª IE ğŸ‡®ğŸ‡¸ IS ğŸ‡®ğŸ‡± IL ğŸ‡®ğŸ‡¹ IT ğŸ‡±ğŸ‡® LI ğŸ‡±ğŸ‡¹ LT ğŸ‡±ğŸ‡º LU ğŸ‡±ğŸ‡» LV ğŸ‡²ğŸ‡¹ MT ğŸ‡³ğŸ‡± NL ğŸ‡µğŸ‡± PL ğŸ‡µğŸ‡¹ PT ğŸ‡µğŸ‡¸ PS ğŸ‡·ğŸ‡´ RO ğŸ‡·ğŸ‡¼ RW ğŸ‡¸ğŸ‡¬ SG ğŸ‡ºğŸ‡¸ US",,,,,
"Pada Maret lalu, Moderna mulai menguji tiga pendekatan untuk memperkuat vaksin agar melindungi terhadap varian baru.  https://t.co/wOKa251oBi",Percaya,,,,
@WitTheShit Moderna.,,,,,
"#WashingtonFootball Syarikat bioteknologi Amerika Syarikat, Moderna mengumumkan vaksin Covid-19 keluarannya berkesan terhadap semua bentuk jangkitan sehingga 90 peratus.
https://t.co/zDwzqAAhpX",,,,,
@bitexe @ChiliKatte Moderna.,,,,,
@null Vaksin Moderna masih beri perlindungan kuat selepas enam bulan Kadar keberkesana  https://t.co/eSmvjl4yUm,Percaya,,,,
Vaksin Moderna masih beri perlindungan kuat selepas enamÂ bulan https://t.co/xxydHvs4zR,Percaya,,,,
@mollylorian moderna!!,,,,,
@ParkerMolloy Moderna Mobbb ğŸ˜¤,,,,,
@Badgirlsbedhead Moderna?,,,,,
Moderna shmerna,,,,,
@agalwhodreams moderna,,,,,
@jalennn1x Moderna,,,,,
"Moderna mengklaim vaksin COVID-19 buatannya menunjukkan perlindungan yang kuat hingga enam bulan setelah pemberian dosis kedua.
https://t.co/oFvOFqbOJR",Percaya,,,,
@ElliotEscudos Moderna,,,,,
@jalennn1x Moderna,,,,,
@jalennn1x Moderna,,,,,
Moderna...... https://t.co/EDykB8sO9v,,,,,
@blackvalleygurl moderna!,,,,,
"Kadar keberkesanan juga menunjukkan lebih daripada 90 peratus terhadap semua kes COVID-19 dan lebih 95 peratus terhadap pesakit yang parah.

#AWANInews #AWANIpagi #HapusCOVID19 

https://t.co/UyCgvTGCP1",,,,,
moderna pala,,,,,
@ozzysalinas13 Moderna FTW CUHH,,,,,
@djparker1295 Moderna,,,,,
@hasanthehun Moderna Gang ğŸ’ª,,,,,
Moderna https://t.co/BFp3hO5dbZ,,,,,
"#BuletinBernama COVID-19: Keberkesanan vaksin Moderna turun kepada 90 peratus
https://t.co/rR2k9Mov6M",,,,,
@angryhorsemom Moderna!,,,,,
@itsrru Moderna Mami,,,,,
Moderna ğŸ‘€ ğŸ™ŒğŸ½ https://t.co/AeDoi2k0p7,,,,,
@beaudacious90 MODERNA MOMMY â˜ ï¸ğŸ’€,,,,,
@gwendol_k MODERNA GAAAANG,,,,,
Modified mRNA = Moderna https://t.co/OosyPh9qLb,,,,,
@FELIXGEEBABY Moderna Mami,,,,,
"moderna in my arm, mirena in my uterus ğŸ¤",,,,,
Team Moderna,,,,,
"@Ken_bbFan Moderna,",,,,,
@stephaknee__ Moderna,,,,,
@Sloths7777 Team Moderna  ğŸ’‰ ğŸ’‰,,,,,
@AdrianaFigueroa Moderna Gang?,,,,,
@toriannee_ Moderna,,,,,
@christina_hedge Moderna !,,,,,
@christyecf Moderna?,,,,,
@realkmiskimins @ZackBornstein Moderna Ma'am here. https://t.co/HWsND5pjhM,,,,,
Team Moderna! https://t.co/uD29JE2nQR,,,,,
Moderna sebut tak ada hubungan antara vaksin dan kejadian trombotik yang diberitakan. https://t.co/QsSpcyea2h,,,,,
@salute24 Moderna.,,,,,
moderna mami,,,,,
@DanielKline92 Moderna,,,,,
@D_1andOnly_ Moderna,,,,,
@kkeeksterss Moderna mamiiiii ğŸ’…ğŸ¾,,,,,
Vaksin COVID-19 Moderna Berikan Proteksi Selama 6Â Bulan https://t.co/FeA62kzQ2Z,Percaya,,,,
Vaksin COVID-19 Moderna Berikan Proteksi Selama 6Â Bulan https://t.co/EMVFCJ4NAm,Percaya,,,,
@marsupialpuddng moderna gang ğŸ˜,,,,,
@GAGAMISSIONLEAK #buyARTPOPiTunes Moderna,,,,,
@galvan7galvan7 @Nattttly Moderna gang ğŸ’…ğŸ½,,,,,
@pi5ce5 moderna mami ğŸ˜”,,,,,
@ShenanaganSmash @GhostKumo Moderna gang ğŸ’¯,,,,,
@rob2155 Moderna,,,,,
@dannybarefoot MODERNA! https://t.co/s7tG0FRSy9,,,,,
@Droopy1020 Moderna. ğŸ’‰,,,,,
@triconoutsold #buyARTPOPiTunes Moderna,,,,,
@anotherryan00 Moderna,,,,,
@deenashakir Moderna ğŸ™ƒ,,,,,
@karinaryujin Moderna!,,,,,
@SpeakerShinjini Moderna,,,,,
@ktmob_ YAS moderna gang ğŸ’‰,,,,,
@harmannika Moderna gang.,,,,,
Moderna X 2. Done. https://t.co/E94bf7eZDT,,,,,
@thehill MODERNA https://t.co/D4ris71bad,,,,,
@Melissa_VA_757 4/20. Moderna #2!,,,,,
@PalmBeach_Post Moderna,,,,,
@xzmullet Moderna âœŠğŸ‡ºğŸ‡¸ğŸ¦…ğŸŒ­âš¾ï¸ ğŸ†,,,,,
@GhostKumo Moderna,,,,,
@DanBalitewicz Moderna,,,,,
@j_radiant Moderna ğŸ˜,,,,,
@PalmBeach_Post Moderna,,,,,
@Athena_Serrano Moderna gang!,,,,,
@disneywjoseph Moderna Mami here!,,,,,
@Fy4ZshUR Moderna,,,,,
@Who_Is_JayMaple Moderna,,,,,
@misbeehvn_ Moderna,,,,,
@PalmBeach_Post Moderna,,,,,
@wowmartiean Moderna,,,,,
@CoachRoc Team Moderna!,,,,,
@blkhawk666 1 moderna,,,,,
moderna mami ğŸ¤ª,,,,,
@2RawTooReal Team Moderna. ğŸ¥° https://t.co/dHNmV50Gbw,,,,,
@hereconcentrate Moderna,,,,,
@artsylliu Moderna . . . https://t.co/hwz2cVdX51,,,,,
Moderna gang ğŸ˜ˆâ‰ï¸ğŸ’¯ https://t.co/41lKYlw52g,,,,,
@mmann Moderna X Nike SB Dunks,,,,,
@melanynmonroe Lol Moderna gang gang,,,,,
"ğŸ§ª Vaccines used globally

Moderna:
ğŸ‡¦ğŸ‡¹ AT ğŸ‡§ğŸ‡ª BE ğŸ‡§ğŸ‡¬ BG ğŸ‡¨ğŸ‡¦ CA ğŸ‡¨ğŸ‡­ CH ğŸ‡¨ğŸ‡¿ CZ ğŸ‡©ğŸ‡ª DE ğŸ‡©ğŸ‡° DK ğŸ‡ªğŸ‡¸ ES ğŸ‡ªğŸ‡ª EE ğŸ‡«ğŸ‡® FI ğŸ‡«ğŸ‡· FR ğŸ‡«ğŸ‡´ FO ğŸ‡¬ğŸ‡· GR ğŸ‡¬ğŸ‡¹ GT ğŸ‡­ğŸ‡³ HN ğŸ‡­ğŸ‡· HR ğŸ‡­ğŸ‡º HU ğŸ‡®ğŸ‡ª IE ğŸ‡®ğŸ‡¸ IS ğŸ‡®ğŸ‡± IL ğŸ‡®ğŸ‡¹ IT ğŸ‡±ğŸ‡® LI ğŸ‡±ğŸ‡¹ LT ğŸ‡±ğŸ‡º LU ğŸ‡±ğŸ‡» LV ğŸ‡²ğŸ‡¹ MT ğŸ‡³ğŸ‡± NL ğŸ‡µğŸ‡± PL ğŸ‡µğŸ‡¹ PT ğŸ‡µğŸ‡¸ PS ğŸ‡·ğŸ‡´ RO ğŸ‡·ğŸ‡¼ RW ğŸ‡¸ğŸ‡¬ SG ğŸ‡ºğŸ‡¸ US",,,,,
Moderna Mami,,,,,
"#BHDunia Keputusan ujian klinikal Fasa Ketiga babit lebih 30,000 individu di seluruh AS.

#Amerika

https://t.co/9WlyXLOUKX",,,,,
Moderna #2! #CovidVaccine #GetVaccinated https://t.co/oxvdURHhzX,,,,,
@Terryan04 @HeadlamWendy Jook me wid di Moderna!,,,,,
Moderna https://t.co/n8xNfjPRGn,,,,,
@KeyesVera Moderna,,,,,
@sumerzip @smhlaurie Moderna,,,,,
@taylor_negri Moderna?,,,,,
@childishravino Moderna.,,,,,
@RealDianilee Moderna,,,,,
@D_1andOnly_ Moderna,,,,,
Moderna IPA,,,,,
"@Mones14 Moderna, puta! https://t.co/tP0PSsWeje",,,,,
Emang bener kalau Pfizer - Sinovac - Moderna digabung sekaligus bisa jadi Super Soldier Serum?,,,,,
@bobbybonesshow @mrBobbyBones Moderna,,,,,
@kitchen5203 Moderna,,,,,
@redbolivision MODERNA,,,,,
@crouchinmichael Moderna,,,,,
@MiltownBucky Moderna,,,,,
@stepphsotelo moderna âœ…,,,,,
@KingTyler13 TEAM MODERNA FO SHO,,,,,
@ravneet10 YES MODERNA GANG,,,,,
@arcshep Moderna?,,,,,
MODERNA ğŸ’‰ GANG https://t.co/AozWneFDFK,,,,,
@deeperfectgem @2RawTooReal Team Moderna!,,,,,
@SpeakerShinjini MODERNA GANG WYA,,,,,
"Moderna Vaccine Jehumun, 6 Mahaai Hamayah Covid In Rahkaatheri Kohdhey Kamah Dhakkaifi

https://t.co/rJcjbDsmzk",,,,,
@PortStoned *moderna,,,,,
@JohnDoe_Podunk Moderna (sp?),,,,,
@JustCallMeJamie Moderna?,,,,,
@AliceChiavi @TiMoudou Moderna,,,,,
@JackZagg moderna gang!!!,,,,,
@D_1andOnly_ Moderna,,,,,
@Leondre1K__ Moderna,,,,,
Moderna gang https://t.co/NUJjOQxlj1,,,,,
@DaleSchultz Moderna,,,,,
@eegarim Moderna.,,,,,
$MRNA https://t.co/AlgLsR9j1o,,,,,
@D_1andOnly_ Moderna!,,,,,
@jeremyTribeCast Moderna?,,,,,
Moderna ğŸ‘€,,,,,
@jarrettzcarp AYYYYYYYYYYYYYYY!!! Pzfier prince or moderna monsieur ?!,,,,,
@TimoteoMitchell @UtahPigBus @KSLSharaPark Get moderna,,,,,
@estephxo Moderna,,,,,
Moderna https://t.co/4KEo2mpWr0,,,,,
moderna gang wya,,,,,
@IBeDense Moderna,,,,,
@Mari_chontel13 Moderna,,,,,
@RitaEskew @thehill Moderna!,,,,,
@SpeakerShinjini Moderna,,,,,
@Irma_Spikeymama Moderna.ğŸ¤£ğŸ˜‚,,,,,
@K3L4R4X Moderna,,,,,
@pinche_nikki moderna foooooo,,,,,
moderna baseball,,,,,
@bigtittygothgf moderna gang ğŸ˜Œ,,,,,
@itslikebutta Moderna.,,,,,
@raspbabygirl moderna gang https://t.co/2hiM0bi9q0,,,,,
@D_1andOnly_ Moderna,,,,,
Moderna mami here ğŸ˜‚ğŸ˜‚ https://t.co/7yg3BJjBJU,,,,,
@hasanthehun Moderna gang,,,,,
@k_popsicle Moderna,,,,,
"nah, ormai sono moderna https://t.co/p93mPrQzIj",,,,,
@organichappytea Moderna,,,,,
moderna mamis,,,,,
@JeffreeStar Moderna https://t.co/h5PTHKPRVT,,,,,
@D_1andOnly_ Moderna,,,,,
@MickeyGillick4 Moderna,,,,,
@libradragons Moderna,,,,,
Moderna # 2! âœŒğŸ¼ğŸ’ªğŸ¼ https://t.co/SY3Bt2Lep1,,,,,
@ThomasDoebi Moderna,,,,,
Moderna Gang https://t.co/Ii5v3lWud3 https://t.co/BEs2OBBjY1,,,,,
Team Moderna ğŸ™ŒğŸ¼ #COVID19 https://t.co/vH4ZqcEk9r,,,,,
@chlocacola Moderna Mami ğŸ’‰,,,,,
@D_1andOnly_ Moderna,,,,,
@redbolivision Moderna,,,,,
moderna gang https://t.co/5Y6212HCAV,,,,,
@jayelef_64 Moderna.. ğŸ¤£ğŸ¤£ğŸ¤£ğŸ¤£,,,,,
@D_1andOnly_ Moderna,,,,,
Moderna gang ğŸ¤«ğŸ§¬ğŸ,,,,,
@SpeakerShinjini 2 Moderna,,,,,
Kaba Moderna,,,,,
@downtownstlbiz Moderna,,,,,
@maduhlinegp Moderna,,,,,
@PupKairo Moderna!,,,,,
@bradheath moderna gang! ğŸ™‹ğŸ¼â€â™€ï¸,,,,,
@O_itsjustEli Moderna,,,,,
Modernaâ€™d https://t.co/WhcV6i3qvq,,,,,
@breadforcongres YESSS!! MODERNA GANG :3,,,,,
@coyotecreek158 Moderna temp,,,,,
Moderna ğŸ’‰ https://t.co/IrYeFc8z4L,,,,,
@SpeakerShinjini Moderna. Hbu?,,,,,
Moderna Mami (2/2),,,,,
Team Moderna!!! https://t.co/X9XPtf5e7w,,,,,
Moderna * https://t.co/vsVCCz0hjo,,,,,
âœ¨MODERNA MOB âœ¨,,,,,
Moderna Mami âœ¨,,,,,
Moderna #2 https://t.co/cH4ktsjL73,,,,,
Moderna 1 âœ”,,,,,
"ğŸ§ª Vaccines used globally

Moderna:
ğŸ‡¦ğŸ‡¹ AT ğŸ‡§ğŸ‡ª BE ğŸ‡§ğŸ‡¬ BG ğŸ‡¨ğŸ‡¦ CA ğŸ‡¨ğŸ‡­ CH ğŸ‡¨ğŸ‡¿ CZ ğŸ‡©ğŸ‡ª DE ğŸ‡©ğŸ‡° DK ğŸ‡ªğŸ‡¸ ES ğŸ‡ªğŸ‡ª EE ğŸ‡«ğŸ‡® FI ğŸ‡«ğŸ‡· FR ğŸ‡«ğŸ‡´ FO ğŸ‡¬ğŸ‡· GR ğŸ‡¬ğŸ‡¹ GT ğŸ‡­ğŸ‡³ HN ğŸ‡­ğŸ‡· HR ğŸ‡­ğŸ‡º HU ğŸ‡®ğŸ‡ª IE ğŸ‡®ğŸ‡¸ IS ğŸ‡®ğŸ‡± IL ğŸ‡®ğŸ‡¹ IT ğŸ‡±ğŸ‡® LI ğŸ‡±ğŸ‡¹ LT ğŸ‡±ğŸ‡º LU ğŸ‡±ğŸ‡» LV ğŸ‡²ğŸ‡¹ MT ğŸ‡³ğŸ‡± NL ğŸ‡µğŸ‡± PL ğŸ‡µğŸ‡¹ PT ğŸ‡µğŸ‡¸ PS ğŸ‡·ğŸ‡´ RO ğŸ‡·ğŸ‡¼ RW ğŸ‡¸ğŸ‡¬ SG ğŸ‡ºğŸ‡¸ US",,,,,
Moderna https://t.co/VPxsh9PoR2,,,,,
Bang Bang Moderna Gang ğŸ™ŒğŸ¾ğŸ¤ŸğŸ¾ https://t.co/LzziWgOFvf,,,,,
@coasterstudios Moderna Gang ğŸ˜,,,,,
MODERNA GANG MODERNA GANG https://t.co/BxtEQUa655,,,,,
Moderna https://t.co/nxJmkeomQw,,,,,
Moderna mamiğŸ¤·ğŸ½â€â™€ï¸ https://t.co/PTbti4jzpv,,,,,
@obviousIynotkim moderna,,,,,
@coasterstudios Moderna Gang,,,,,
@TelenoticiasPR Moderna,,,,,
@negaoryx moderna?,,,,,
@EvLeBeau Moderna,,,,,
@LSeabrookWFTV @WFTV Moderna,,,,,
"@Loriwhiteside8 Ok, Moderna?",,,,,
Moderna https://t.co/9EFayGMSNr,,,,,
@faerima LITTTTTT MODERNA GANG,,,,,
"Moderna Men, dap me up",,,,,
@anerdnamedlexa moderna GANG!!!,,,,,
moderna mami ğŸ¤‘ https://t.co/0EbYFe0xj8,,,,,
Moderna gang Wya,,,,,
@user11zy moderna,,,,,
Moderna Mami,,,,,
@2_TONEDup Moderna,,,,,
@jayelef_64 Moderna,,,,,
@thelofluence Moderna Mami!,,,,,
Moderna gang ğŸ¥¶ğŸ¤,,,,,
Mama Moderna! #UnoMas https://t.co/fcnUgT6gTi,,,,,
"@zosanji Moderna, n u ğŸ‘€ https://t.co/8cHoRtPSNr",,,,,
@S0Fi__V Heyyyy Moderna mami!!!ğŸ”¥ğŸ”¥ğŸ”¥,,,,,
@CANDICERIDDELL moderna gang wya ğŸ˜ğŸ˜,,,,,
@xx_hannah_xx Moderna gang ğŸ”«ğŸ”«,,,,,
@ricosuave60 Moderna,,,,,
@arshdhillonk @itstarekali Moderna gang,,,,,
@t_holmes09 moderna purr,,,,,
@Pamaj Moderna gang gang,,,,,
@ScreamJustin_ moderna,,,,,
@ThenotfakeBG Moderna,,,,,
@Awassamm322 Moderna,,,,,
@jayelef_64 Moderna,,,,,
moderna mamiğŸ˜†,,,,,
@adibene1970 Modernaâ€™ed! ğŸ˜Š,,,,,
Moderna,,,,,
@iiiBren Moderna gang âœŠğŸ˜«,,,,,
Moderna mami ğŸ˜ˆ,,,,,
@FrauleinSchaden Moderna,,,,,
Moderna https://t.co/9vox9lfLD2,,,,,
Oak Grove serves Moderna.,,,,,
@fionamflanagan1 *moderna,,,,,
moderna. https://t.co/jLYQWoyJ2d,,,,,
@kyledupedus Moderna,,,,,
@littlemeeesshhh Moderna?,,,,,
@SamuelAdamsBeer #ShotsForSam Team Moderna! https://t.co/Un7wl4x7oY,,,,,
@ThomasCorrea Moderna,,,,,
@jadesvulnerable moderna mami ğŸ˜œ,,,,,
Lebih Dalam soal Vaksin RNA seperti Pfizer dan Moderna yang Segera Dipakai di RI #Vaksin #PenerimaVaksinCovid19 #CDC #Virus #TERAPI https://t.co/r7UBzc2zzZ https://t.co/R5aUZp6Cg0,,,,,
@ohsogoIden Moderna,,,,,
@WcPortatil @undesgraciau moderna****,,,,,
@danielleorourk Moderna?,,,,,
@ashIolita Moderna,,,,,
@CMONEYMAKER @WPN_CEO Moderna ?,,,,,
@wrengillispie Moderna :),,,,,
@shakez_back @The2ndWright Moderna,,,,,
@swansofnever Moderna,,,,,
@jessika_mahal @fatherkavs Moderna mamis,,,,,
@ColeGeorge99 Moderna.,,,,,
@treasonstickers Moderna,,,,,
@bobbybonesshow @mrBobbyBones Moderna,,,,,
Moderna gang gang gang,,,,,
@chrischowell @joeyldemers Moderna mamis ğŸ¥µğŸ¤,,,,,
@MeiraGebel Moderna!!,,,,,
Moderna https://t.co/r1Lwxoz73v,,,,,
@2RawTooReal Team Moderna!,,,,,
@dietprozac @yosoybromero Moderna gang,,,,,
Moderna â˜ºï¸ https://t.co/RNZANU4cWZ,,,,,
moderna mamiâ˜ºï¸,,,,,
@D_1andOnly_ Moderna,,,,,
@C19VaxxUpdates Moderna?,,,,,
Moderna mami https://t.co/xSGn4uv5Sm,,,,,
@ania_em_er Moderna,,,,,
Moderna mami https://t.co/xQvP0rjMjy https://t.co/KqWgAPtt4H,,,,,
Moderna Gang,,,,,
@wahoobeans Moderna Baseball,,,,,
@iutaemi moderna,,,,,
Moderna Mamiiis @theevalll ğŸ‘¯â€â™€ï¸ğŸ‘¯â€â™€ï¸,,,,,
@D_1andOnly_ Moderna,,,,,
@jaxam01 Moderna,,,,,
@honchorose Moderna,,,,,
@Wezzels Moderna,,,,,
@D_1andOnly_ Moderna.,,,,,
moderna gang,,,,,
@2RawTooReal TEAM MODERNA,,,,,
@D_1andOnly_ Moderna,,,,,
@hasanthehun Moderna gang Moderna gang,,,,,
@LeitungEvolved moderna ganggggg,,,,,
@kevinsinger0 Moderna me,,,,,
MODERNA GANG https://t.co/e689xOOvLJ,,,,,
@Joseph_1009 Moderna gang ğŸ’ªğŸ˜¤ğŸ˜¤ğŸ˜¤,,,,,
@pateltexas88 Moderna,,,,,
Moderna Mamacita,,,,,
@PanicSummer_ Moderna,,,,,
@mezza1907 @cuneytozek Moderna ğŸ‘,,,,,
@hasanthehun Moderna gang ğŸ˜,,,,,
@cand2jays Moderna,,,,,
@Me_Predictor Toh aapke hisab se Moderna Inc &amp;Pfizer bankrupt hai kya jo unke government ne price capped nahi kiya tha? Aur kya hote hai 3000cr 2 din ke liye government agar Gorakhpur me lockdown karegi toh isse jyada ka ghata hoga. Inke 5 states ki election rally me isse jyada kharcha hoga.,,,,,
@zrjaved Moderna hive https://t.co/nOHRPfzBC2,,,,,
Moderna Mami incoming https://t.co/GPow5zfSoJ,,,,,
@IAmTheVibes Moderna gang?,,,,,
Moderna  gang ğŸ¤ŸğŸ½ https://t.co/HIdUXFqDjH,,,,,
Moderna https://t.co/WvhGoQZtyl,,,,,
@ania_em_er Moderna,,,,,
@ptmc21 Moderna,,,,,
@KinngBlake Moderna??,,,,,
@TeejCarlson @HamiltonMusical Team moderna?,,,,,
@feltgames moderna,,,,,
@overtlydyslexic Moderna gang!!!!!,,,,,
@D_1andOnly_ Moderna,,,,,
@patriciasucks_ YUUUUUUHHHH Pfizer or moderna,,,,,
"Moderna
https://t.co/TBdW0n6U6R",,,,,
Moderna gang https://t.co/sGqFgjFMcR,,,,,
moderna gang ğŸ˜¼ğŸ˜¼ğŸ˜¼,,,,,
@D_1andOnly_ Moderna,,,,,
"@LCatalaneta Nah, Moderna ğŸ’ğŸ¼â€â™€ï¸",,,,,
@liana_langa @IZ25386545 Moderna.,,,,,
Moderna gang.,,,,,
@Porkchop_EXP @mtracey Moderna,,,,,
@robinskyleigh Moderna,,,,,
"CME Market cap: $73.92 B
GPN Market cap: $62.88 B
Moderna Market Cap: $59.40 B
Twitter Market Cap: $57.70 B

XRP Market cap: $82.24 B https://t.co/Q9p1XzROiU",,,,,
@hasanthehun Moderna gang,,,,,
@brguggenber Moderna,,,,,
"ğŸ§ª Vaccines used globally

Moderna:
ğŸ‡¦ğŸ‡¹ AT ğŸ‡§ğŸ‡ª BE ğŸ‡§ğŸ‡¬ BG ğŸ‡¨ğŸ‡¦ CA ğŸ‡¨ğŸ‡­ CH ğŸ‡¨ğŸ‡¿ CZ ğŸ‡©ğŸ‡ª DE ğŸ‡©ğŸ‡° DK ğŸ‡ªğŸ‡¸ ES ğŸ‡ªğŸ‡ª EE ğŸ‡«ğŸ‡® FI ğŸ‡«ğŸ‡· FR ğŸ‡«ğŸ‡´ FO ğŸ‡¬ğŸ‡· GR ğŸ‡¬ğŸ‡¹ GT ğŸ‡­ğŸ‡³ HN ğŸ‡­ğŸ‡· HR ğŸ‡­ğŸ‡º HU ğŸ‡®ğŸ‡ª IE ğŸ‡®ğŸ‡¸ IS ğŸ‡®ğŸ‡± IL ğŸ‡®ğŸ‡¹ IT ğŸ‡±ğŸ‡® LI ğŸ‡±ğŸ‡¹ LT ğŸ‡±ğŸ‡º LU ğŸ‡±ğŸ‡» LV ğŸ‡²ğŸ‡¹ MT ğŸ‡³ğŸ‡± NL ğŸ‡µğŸ‡± PL ğŸ‡µğŸ‡¹ PT ğŸ‡µğŸ‡¸ PS ğŸ‡·ğŸ‡´ RO ğŸ‡·ğŸ‡¼ RW ğŸ‡¸ğŸ‡¬ SG ğŸ‡ºğŸ‡¸ US",,,,,
moderna mami,,,,,
@itskeyon MODERNA MAMA,,,,,
@Technicolorttv MODERNA GANG!! POG,,,,,
@sherrydacosta Moderna in Brampton?!?ğŸ‘€,,,,,
Moderna MamiğŸ˜ğŸ¥µ,,,,,
@kiheger Moderna,,,,,
Moderna Bhoy,,,,,
@SANJOSEMAILMAN Moderna,,,,,
@nanilee_3 moderna,,,,,
@D_1andOnly_ Moderna,,,,,
Moderna https://t.co/C5BShawJSc,,,,,
@serious__black Moderna gang,,,,,
@_fam0ussju moderna,,,,,
@D_1andOnly_ Moderna,,,,,
@hasanthehun Moderna gang represent https://t.co/ZzGHnfoSgK,,,,,
@freecollin moderna gang??,,,,,
@MMountain40 Moderna,,,,,
@D_1andOnly_ Moderna,,,,,
@D_1andOnly_ Moderna.,,,,,
@D_1andOnly_ Moderna,,,,,
Moderna Mami ğŸ’ƒğŸ¾,,,,,
@monsoonbb Nah Moderna,,,,,
Moderna gang ğŸ¤ğŸ»,,,,,
@CathyJoeGPT @funder Moderna ğŸ˜‚ğŸ˜‚ğŸ˜‚,,,,,
"@HerbieDyer No. 

JNJ - Adeno
Moderna/Pfizer - mRNA",,,,,
@hasanthehun hasan got moderna???? ay we win,,,,,
"DYNAMOgapDOWN $MRNA - Moderna, Inc. - Common Stock https://t.co/OSjWxtFQ9K via âŸ¶ https://t.co/VS8RO1bzXJ",,,,,
Moderna Mamiiiii https://t.co/peZIjJyCL1,,,,,
@MelindaHall21 Moderna gang,,,,,
Moderna gang,,,,,
@Cee_dot06 @D_1andOnly_ Moderna,,,,,
@nocrad MODERNA GANG ğŸ¤£ğŸ’‰,,,,,
@D_1andOnly_ Moderna,,,,,
@D_1andOnly_ Moderna,,,,,
@D_1andOnly_ Moderna,,,,,
@blakeyblake__ moderna ğŸ˜ğŸ˜­ğŸ˜­ğŸ˜­,,,,,
Moderna https://t.co/w9maS6MLGq,,,,,
@jazzwhiz @sanjanacurtis Team moderna ğŸ‘Š,,,,,
@robinskyleigh @carolinecstark Moderna,,,,,
@LelaPearl Moderna Mami ğŸ”¥,,,,,
moderna gang 4 lyfe,,,,,
@D_1andOnly_ Moderna,,,,,
@D_1andOnly_ Moderna,,,,,
@real__bwes Bang Bang Moderna Gang ğŸ¤ŸğŸ¾,,,,,
Moderna https://t.co/SThg2HZhG0,,,,,
@taylorambrosiaw Moderna mamis ğŸ˜ğŸ˜,,,,,
Moderna. https://t.co/wdhMzUhmkP,,,,,
@hasanthehun Moderna gang,,,,,
Moderna gang ğŸ¤¬ğŸ˜ˆğŸ¥µ,,,,,
Moderna. https://t.co/PxdYR8Mj3t,,,,,
@TheSydneyA Moderna Gang https://t.co/67JjF17xvx,,,,,
Moderna.. https://t.co/9u9K55K6Ii,,,,,
Moderna https://t.co/qjOFhpBeMa,,,,,
@D_1andOnly_ moderna,,,,,
@D_1andOnly_ Moderna.,,,,,
@D_1andOnly_ Moderna,,,,,
moderna gang https://t.co/UahqpgFaWH,,,,,
@2RawTooReal Moderna Gang https://t.co/w5Lym5H56J,,,,,
Moderna https://t.co/aQdbMj1YoP,,,,,
Moderna https://t.co/NIhXGqvNQ8,,,,,
@D_1andOnly_ Moderna,,,,,
Moderna https://t.co/Ntqy4WIIUt,,,,,
@hjessy_ ğŸ–ğŸ¾ Moderna,,,,,
Moderna. https://t.co/KZPKWaNeim,,,,,
@D_1andOnly_ Moderna,,,,,
Moderna https://t.co/Y7nLEVg1xG,,,,,
@hasanthehun moderna gang,,,,,
@itsbritni_bish Moderna,,,,,
@TheMistaJ_ Moderna,,,,,
@element_61 Moderna,,,,,
@k0rv1d Moderna,,,,,
@ICEgelski Moderna,,,,,
moderna gang ğŸ’‰ğŸ’‰ğŸ’‰,,,,,
@hasanthehun moderna gangğŸ™„,,,,,
@FOX5Vegas Moderna gang ğŸ¤˜ğŸ¼ğŸ˜›,,,,,
@AaronCaroon Moderna,,,,,
@Agata63803486 @AlvisiConci Moderna,,,,,
@hasanthehun Moderna gang letâ€™s gooooi,,,,,
@hasanthehun MODERNA GANG,,,,,
@defectiveasian6 Moderna ğŸ‘ğŸ¼,,,,,
@hasanthehun moderna gang!,,,,,
@ItsYaBoyIzumi Moderna,,,,,
"@hasanthehun Ayyy, Moderna gang! hasRaid",,,,,
@blakeyblake__ MODERNA GANG,,,,,
@hasanthehun Moderna gang rising https://t.co/0DsuLOXESj,,,,,
@prcargill Moderna!,,,,,
@HeatherLovelyy moderna gang ğŸ’–,,,,,
@AndrewJuge Moderna!,,,,,
@hasanthehun Moderna gang in https://t.co/khFNBKHe9p,,,,,
@hasanthehun Moderna gang represent,,,,,
@hasanthehun MODERNA GANGGGG,,,,,
@hasanthehun MODERNA GANG,,,,,
"moderna-2
me- 0 https://t.co/oP2jXXseAo",,,,,
"Moderna gang, yâ€™all #HelloDolly https://t.co/z2fKtjydbm",,,,,
@LovayOVO @TaylorCharisse @jiggyjayy2 Moderna mami ğŸ˜­ğŸ˜­,,,,,
@hasanthehun Moderna gang ğŸ’ªğŸ»,,,,,
@hasanthehun Moderna Gang Gang,,,,,
@audrum1 Moderna.,,,,,
@hasanthehun Moderna gang!!!,,,,,
moderna mamis ğŸ’…ğŸ¼ğŸ’…ğŸ¼ğŸ’…ğŸ¼ https://t.co/RPGKziJSzm,,,,,
@hasanthehun moderna gang !!!,,,,,
@hasanthehun moderna gang fr ğŸ˜©â‰ï¸â˜ï¸ğŸ‘,,,,,
@johnny1604382 Moderna,,,,,
@hasanthehun moderna mommy ğŸ˜,,,,,
@ania_em_er Moderna,,,,,
@hasanthehun MODERNA GANGGGG,,,,,
Moderna gang wya https://t.co/5nFZK6Svl6,,,,,
@pamyhollenberg Moderna,,,,,
@wayne_health @KenHaddad Moderna,,,,,
@hefriendly moderna,,,,,
@quaylude3 Moderna,,,,,
@adzuki_bun Moderna!,,,,,
@WDlaska Moderna,,,,,
@EsistMonka Moderna,,,,,
Team Moderna! https://t.co/pyFE7ddxXj,,,,,
ğŸ˜– MODERNA GANG. https://t.co/Wpcbkcpb8I,,,,,
@neuwirthe @gerda_ichbinich Moderna,,,,,
Moderna mami ğŸ’‹ https://t.co/ZMSi3fLUVN,,,,,
@radiohorizonte @laera_moderna @catlifestylecl Angus &amp; Julia Stone - Thumbtumping,,,,,
@Gordiiz_ @Amayy16 Moderna,,,,,
@2RawTooReal Team Moderna!!! https://t.co/2lZprMb4vR,,,,,
@childishflowers moderna mami ğŸ¤£ğŸ˜‚,,,,,
@cryptofvck moderna,,,,,
@j2110_ Moderna.,,,,,
"@radiohorizonte @laera_moderna @catlifestylecl ""Glow Worms"", de Vashti Bunyan https://t.co/vpJ9z1tBVa",,,,,
moderna gang wya? ğŸ˜Š,,,,,
@uprwestside // Moderna.,,,,,
moderna gangğŸ’ªğŸ’ª https://t.co/i3EAI37QnB,,,,,
@brotergeee @_DJCHUCKDIESEL moderna gang homie,,,,,
"@Bittabola Yo'q hali. Hozir bizni shaharda Pfizer bilan J&amp;J olish mumkin ekan. Moderna olish imkoni bo'lib qolsa, borib ovormoqchimiz.",,,,,
@_B_Jibor Moderna!!,,,,,
@papigeli moderna ğŸ’ªğŸ½ğŸ˜”,,,,,
@lac_nhi Moderna mami,,,,,
@USMCNoggin Team Moderna. https://t.co/pRea6r1m8U,,,,,
Moderna 2! https://t.co/Zah6hsJJX7,,,,,
@ChargersUnion Moderna?,,,,,
Moderna Papi https://t.co/WKySZ7J4Cn,,,,,
*moderna,,,,,
@R3LAND Moderna,,,,,
@ania_em_er Moderna,,,,,
moderna mamis!!!,,,,,
@Rabidwombat442 Moderna,,,,,
Moderna mamis,,,,,
@AnxiousElla Moderna,,,,,
âœ¨Modernaâœ¨ https://t.co/PcPneXV2gZ,,,,,
@paige_paisley Moderna,,,,,
@TaelorAnderson Moderna mamis ğŸ˜»,,,,,
@2sandz Moderna,,,,,
ğŸ˜‚ moderna gang https://t.co/rwbCKRvwV3,,,,,
@itsAstraea_ moderna :),,,,,
@pilouliloulil Moderna!,,,,,
Moderna https://t.co/8NcACMO0xL,,,,,
@ania_em_er Moderna,,,,,
@CZA_AR Moderna,,,,,
@aliahhhh_ Moderna,,,,,
Moderna https://t.co/p5kOD8PFxE,,,,,
@syawal @jamian_said So far Pfizer dan Moderna saja digunakan. Sinovac dah ready stock tapi blom dapat approval.,,,,,
@PipsyMomma @WinnDixie @RonDeSantisFL Moderna.,,,,,
Moderna Mami https://t.co/TFHK1HrOna,,,,,
@Blaq_Alchemist Moderna,,,,,
@StephMillerShow Team Moderna ğŸ¤·â€â™‚ï¸,,,,,
@Nikko187 Moderna.,,,,,
Moderna gangggg https://t.co/Hdl3iT4Cb8,,,,,
@bburgess_keys Moderna,,,,,
@Charlotteroad97 Moderna!,,,,,
@ItsWhitneyLeann Moderna gang!!,,,,,
moderna gang ğŸ‘ğŸƒğŸ’¨ https://t.co/tVzW4nqU2Z,,,,,
Moderna gang or die lol https://t.co/k0iQxVH4R9,,,,,
@MrsJungHoseok94 Moderna âœ¨,,,,,
@connectwithAB @ManScotian MRNA = Moderna?,,,,,
"@syawal Bila pilih tarikh, boleh pilih pusat vaksin jugak. Masa tulah secara tidak langsung akan pilih nak Pfizer atau Moderna",,,,,
@BCOOL333 ğŸ‘ 2ndy Moderna Apr 23. ğŸ‘,,,,,
@catcmckinney Moderna gang,,,,,
@RobbertPop Moderna,,,,,
@Mrupandgo_ @Brian81277 Ayo team Moderna!!! ğŸ™Œ,,,,,
@C4tlos Moderna gang ğŸ˜—ğŸ’…ğŸ¼,,,,,
@ZachSeikel Whoa. Moderna?,,,,,
@SpecificNY Moderna &gt;,,,,,
@itsAstraea_ MODERNA GANG GANG https://t.co/pIe3WRmppf,,,,,
@pinkyejis Moderna,,,,,
@davidosoriodos Moderna,,,,,
@ktowwn_ moderna :/,,,,,
"ğŸ§ª Vaccines used globally

Moderna:
ğŸ‡¦ğŸ‡¹ AT ğŸ‡§ğŸ‡ª BE ğŸ‡§ğŸ‡¬ BG ğŸ‡¨ğŸ‡¦ CA ğŸ‡¨ğŸ‡­ CH ğŸ‡¨ğŸ‡¿ CZ ğŸ‡©ğŸ‡ª DE ğŸ‡©ğŸ‡° DK ğŸ‡ªğŸ‡¸ ES ğŸ‡ªğŸ‡ª EE ğŸ‡«ğŸ‡® FI ğŸ‡«ğŸ‡· FR ğŸ‡«ğŸ‡´ FO ğŸ‡¬ğŸ‡· GR ğŸ‡¬ğŸ‡¹ GT ğŸ‡­ğŸ‡³ HN ğŸ‡­ğŸ‡· HR ğŸ‡­ğŸ‡º HU ğŸ‡®ğŸ‡ª IE ğŸ‡®ğŸ‡¸ IS ğŸ‡®ğŸ‡± IL ğŸ‡®ğŸ‡¹ IT ğŸ‡±ğŸ‡® LI ğŸ‡±ğŸ‡¹ LT ğŸ‡±ğŸ‡º LU ğŸ‡±ğŸ‡» LV ğŸ‡²ğŸ‡¹ MT ğŸ‡³ğŸ‡± NL ğŸ‡µğŸ‡± PL ğŸ‡µğŸ‡¹ PT ğŸ‡µğŸ‡¸ PS ğŸ‡·ğŸ‡´ RO ğŸ‡·ğŸ‡¼ RW ğŸ‡¸ğŸ‡¬ SG ğŸ‡ºğŸ‡¸ US",,,,,
@Bsikora788 Moderna,,,,,
@AshIeyysuxx Moderna,,,,,
@YourBoyHexum Moderna gang!,,,,,
moderna gangâ€¼ï¸â€¼ï¸ https://t.co/Rt53GhHRTC,,,,,
Moderna gang gang! https://t.co/OARSL2OyuO,,,,,
@Nerdy_Marie moderna :),,,,,
Moderna gang,,,,,
"Tahukah Anda teknologi mRNA diteliti oleh imigran #AS yg berasal dari Hungaria, Katalin Kariko sejak 1990an? Vaksin mRNA dari Pfizer dan Moderna sudah diteliti puluhan tahun dan terbukti aman! #lawanCovid19 #pakaimasker #jagajarak #cucitangan

https://t.co/kaQHQ2rkpe",Percaya,,,,
Moderna. https://t.co/CFrBGTzhoA,,,,,
@23AmiensStreet @Mediavenir Moderna ğŸ¤‘,,,,,
@hedgehogsrgreat @tedcruzcontrol moderna gang,,,,,
@iamkingchav Moderna ğŸ‘ŒğŸ¾,,,,,
@_princessasff Moderna,,,,,
@phibetakefka @daniel__abban @NateSilver538 Moderna,,,,,
moderna gang https://t.co/tgoJRaS4zy,,,,,
@OhIseeyou812 Moderna,,,,,
Moderna @AUSTROHNGARO2 @DathosBD @LadyMarian123 https://t.co/din6pwJ9Vb,,,,,
@vintxgeblack Moderna,,,,,
team moderna,,,,,
Moderna gang.,,,,,
moderna meeeeeeee,,,,,
@tracywine105 Moderna Sis.,,,,,
@SecondBestJosh Moderna,,,,,
@PredPAPaul Team Moderna âœŠ,,,,,
@BriannaWu moderna,,,,,
@IvyRikku @__JBlack Moderna,,,,,
@Drabelincoln Moderna.,,,,,
@DarkerBlitz Moderna gang,,,,,
@subSpankee Moderna,,,,,
@Tweeklo Moderna,,,,,
@afrosanrihoe omg moderna mamiâ€™s ğŸ˜šğŸ˜š,,,,,
@RespectKingA @LiveLikeLex_ Moderna,,,,,
@MrsWeasley5 Moderna,,,,,
"sputnik amputangina. PFIZER, MODERNA &amp; J&amp;J Dapat!",,,,,
@iamkingchav Moderna,,,,,
@jordancicchelli Moderna gang!!!,,,,,
@loanloan Moderna gang!!! ğŸ¥°,,,,,
Moderna GangğŸ’‰ https://t.co/EQTL1TAyF2,,,,,
Done. First jab. Alhamdulillah. Moderna Vaccine. https://t.co/Qpa44ssrRd,,,,,
is it moDERNa or moDAREna,,,,,
@rfergo1 Moderna,,,,,
@JuiceDaniels Moderna,,,,,
@stonerspiice Moderna gang ğŸ¤˜ğŸ¼,,,,,
"@omnivoyance Moderna ğŸ’‰
demon Ra
ğŸ‘¹â˜€ï¸",,,,,
Moderna https://t.co/UbiX8m7k7N,,,,,
"@mrs_enci rada berdebar2 nih di NL, NL jumlah AZ  &amp; J&amp;J yg dipesen banyak banget, ngelebihin pfizer &amp; moderna.",,,,,
@yvesbourdillon @GaveEmmanuelle Moderna? $130,,,,,
@BravingWarrior @cnnbrk Team Moderna https://t.co/dg84lCFUNk,,,,,
@littlexbitt Moderna!,,,,,
@laradsouzaa @SystemCorrrupt @pfizer @moderna_tx @Teensthack @Rupalijee Sahi se review nahi hua ....independent ..,,,,,
@gutgremlins Moderna,,,,,
@JaneirysL Moderna?,,,,,
2 dosis!! #YoMeVacuno #Moderna #modernavaccine https://t.co/YZgGDpuWgW,,,,,
Moderna,,,,,
@Devon_OnEarth @Latedawn_ *Moderna,,,,,
@timetotwicepink moderna,,,,,
"2033 1st day of school

""Ahmad Pfizer bin Ahmad Kamarulzaman""

""hadir cikgu""

""Siti Sinovac binti Abdul Latiff""

""hadir cikgu""

""Astrazenica binti Abdullah!""

""hadir cikgu""

""Muhammad Moderna bin Hamidon!""

""hadir cikgu""

""Johnson bin Johnson!""

""ponteng cikgu""",,,,,
@Armenhammer54 Moderna,,,,,
Moderna Mami check in https://t.co/gC049wEJSL,,,,,
@fionna_babes moderna sd diay ka??? Nahutdan sila moderna needles!!!! Hahaha kainis,,,,,
@hjessy_ Moderna -0,,,,,
Moderna gang ğŸ’ªğŸ¼ https://t.co/ZBwTBU2ejE,,,,,
@SBellini76 @_cristiano73 Moderna...,,,,,
"ğŸ§ª Vaccines used globally

Moderna:
ğŸ‡¦ğŸ‡¹ AT ğŸ‡§ğŸ‡ª BE ğŸ‡§ğŸ‡¬ BG ğŸ‡¨ğŸ‡¦ CA ğŸ‡¨ğŸ‡­ CH ğŸ‡¨ğŸ‡¿ CZ ğŸ‡©ğŸ‡ª DE ğŸ‡©ğŸ‡° DK ğŸ‡ªğŸ‡¸ ES ğŸ‡ªğŸ‡ª EE ğŸ‡«ğŸ‡® FI ğŸ‡«ğŸ‡· FR ğŸ‡«ğŸ‡´ FO ğŸ‡¬ğŸ‡· GR ğŸ‡¬ğŸ‡¹ GT ğŸ‡­ğŸ‡³ HN ğŸ‡­ğŸ‡· HR ğŸ‡­ğŸ‡º HU ğŸ‡®ğŸ‡ª IE ğŸ‡®ğŸ‡¸ IS ğŸ‡®ğŸ‡± IL ğŸ‡®ğŸ‡¹ IT ğŸ‡±ğŸ‡® LI ğŸ‡±ğŸ‡¹ LT ğŸ‡±ğŸ‡º LU ğŸ‡±ğŸ‡» LV ğŸ‡²ğŸ‡¹ MT ğŸ‡³ğŸ‡± NL ğŸ‡µğŸ‡± PL ğŸ‡µğŸ‡¹ PT ğŸ‡µğŸ‡¸ PS ğŸ‡·ğŸ‡´ RO ğŸ‡·ğŸ‡¼ RW ğŸ‡¸ğŸ‡¬ SG ğŸ‡ºğŸ‡¸ US",,,,,
@Jessi_Dean Moderna *,,,,,
@bobbybonesshow @mrBobbyBones Moderna,,,,,
"Moderna... 

#DollyShot https://t.co/LokX7N9Ba3",,,,,
@JacoJaco198 @szczepimysie Moderna,,,,,
moderna gang https://t.co/EzCWsill87,,,,,
@37vnvc @Sikirce @ciiciio5 nisam moderna ğŸ˜‚,,,,,
@Glmwho Moderna :/,,,,,
@MontalesRockie Moderna :),,,,,
@smokinquiche MODERNA???,,,,,
@erickjohn11 moderna,,,,,
#Moderna Dosis 1 ğŸ˜ƒ,,,,,
"ğŸ§ª Vaccines used globally

Moderna:
ğŸ‡¦ğŸ‡¹ AT ğŸ‡§ğŸ‡ª BE ğŸ‡§ğŸ‡¬ BG ğŸ‡¨ğŸ‡¦ CA ğŸ‡¨ğŸ‡­ CH ğŸ‡¨ğŸ‡¿ CZ ğŸ‡©ğŸ‡ª DE ğŸ‡©ğŸ‡° DK ğŸ‡ªğŸ‡¸ ES ğŸ‡ªğŸ‡ª EE ğŸ‡«ğŸ‡® FI ğŸ‡«ğŸ‡· FR ğŸ‡«ğŸ‡´ FO ğŸ‡¬ğŸ‡· GR ğŸ‡¬ğŸ‡¹ GT ğŸ‡­ğŸ‡³ HN ğŸ‡­ğŸ‡· HR ğŸ‡­ğŸ‡º HU ğŸ‡®ğŸ‡ª IE ğŸ‡®ğŸ‡¸ IS ğŸ‡®ğŸ‡± IL ğŸ‡®ğŸ‡¹ IT ğŸ‡±ğŸ‡® LI ğŸ‡±ğŸ‡¹ LT ğŸ‡±ğŸ‡º LU ğŸ‡±ğŸ‡» LV ğŸ‡²ğŸ‡¹ MT ğŸ‡³ğŸ‡± NL ğŸ‡µğŸ‡± PL ğŸ‡µğŸ‡¹ PT ğŸ‡µğŸ‡¸ PS ğŸ‡·ğŸ‡´ RO ğŸ‡·ğŸ‡¼ RW ğŸ‡¸ğŸ‡¬ SG ğŸ‡ºğŸ‡¸ US",,,,,
@atabenli Moderna,,,,,
#Covid_19 #AstraZenaca Moderna #VaccinesSaveLives #ImmunityBoosterTips Sinovac mRNA #StayHome #StayHomeStaySafe https://t.co/SXH2qcdQyE,,,,,
@BlueByrdie @hjessy_ Moderna,,,,,
@viruswaarheid Moderna https://t.co/Vaw1vK0PkL,,,,,
"ğŸ˜‚ğŸ˜‚ğŸ˜‚ğŸ˜‚ğŸ˜‚ğŸ˜‚ Moderna Pfizer etc coming in.

Chootiye vishwaguru ban rhe rhe kuch din pehle gyaan chod rhe rhe duniya bhar ka ki logistics nahi hai, differential pricing se logo ka trust kam ho jayga etc. https://t.co/p3yGeLscYV",,,,,
"@shams_z Ye sirf Russian k liye nhi h... Latest news hai, shyad sabko allow krde including Moderna and Pfizer..",,,,,
@TheJesseBeer @TreyLAC_ Moderna,,,,,
moderna or pfizer sapat na dili lang jud sinovac,,,,,
"@krizdabz Kas pa poti? AZ, Moderna?",,,,,
@SerenaSonoma Moderna #FuckYouAutoCorrect,,,,,
@dr_koko28 Arab Saudi memiliki standar kualitas tersendiri. Yang dipakai Arab Saudi adalah vaksin Pfizer dan Moderna yang sudah diakui WHO.,Percaya,,,,
Vaksin Moderna dan Pfizer menjadi 2 vaksin yang dalam waktu dekat akan dipakai di Indonesia. #kumparanNews https://t.co/8RqdeWYdWd,Percaya,,,,
Team Moderna,,,,,
"ğŸ§ª Vaccines used globally

Moderna:
ğŸ‡¦ğŸ‡¹ AT ğŸ‡§ğŸ‡ª BE ğŸ‡§ğŸ‡¬ BG ğŸ‡¨ğŸ‡¦ CA ğŸ‡¨ğŸ‡­ CH ğŸ‡¨ğŸ‡¿ CZ ğŸ‡©ğŸ‡ª DE ğŸ‡©ğŸ‡° DK ğŸ‡ªğŸ‡¸ ES ğŸ‡ªğŸ‡ª EE ğŸ‡«ğŸ‡® FI ğŸ‡«ğŸ‡· FR ğŸ‡«ğŸ‡´ FO ğŸ‡¬ğŸ‡· GR ğŸ‡¬ğŸ‡¹ GT ğŸ‡­ğŸ‡³ HN ğŸ‡­ğŸ‡· HR ğŸ‡­ğŸ‡º HU ğŸ‡®ğŸ‡ª IE ğŸ‡®ğŸ‡¸ IS ğŸ‡®ğŸ‡± IL ğŸ‡®ğŸ‡¹ IT ğŸ‡±ğŸ‡® LI ğŸ‡±ğŸ‡¹ LT ğŸ‡±ğŸ‡º LU ğŸ‡±ğŸ‡» LV ğŸ‡²ğŸ‡¹ MT ğŸ‡³ğŸ‡± NL ğŸ‡µğŸ‡± PL ğŸ‡µğŸ‡¹ PT ğŸ‡µğŸ‡¸ PS ğŸ‡·ğŸ‡´ RO ğŸ‡·ğŸ‡¼ RW ğŸ‡¸ğŸ‡¬ SG ğŸ‡ºğŸ‡¸ US",,,,,
@flavor_papi moderna mami,,,,,
@sf_derek Moderna gang https://t.co/4Ilgr9Y9fC,,,,,
@singjunebug Moderna https://t.co/Px8KTPbv6v,,,,,
@AntjeKuessner @Eva2Motte @hendrikstreeck @Karl_Lauterbach Moderna,,,,,
Moderna. ğŸ’‰,,,,,
@eternalmoonkin Moderna,,,,,
"@PutraErlangga_ Arab Saudi pakainya 3 vaksin buat rakyatnya. Pfizer, Moderna dan Astrazaneca yang sudah terdaftar di WHO.",Percaya,,,,
@_blackfabio Moderna,,,,,
@frcabrales Moderna ğŸ¤§,,,,,
@Zie83132906 @ShamsiAli2 Bukan karena lobi tapi karena Saudi hanya mengakui vaksin dengan kualitas tinggi seperti Pfizer dan Moderna.,,,,,
@IraSamsudin @ShamsiAli2 Bukan di Arab Saudi. Saudi hanya pakai Pfizer and Moderna dan yang di Uni Emirate Arab tetangga Saudi memakainya Sinopharm.,,,,,
@hiperbolar Moderna,,,,,
@opinion_left Moderna Gang represent,,,,,
@imjustliketony moderna gang! https://t.co/yAlkEFSp8f,,,,,
Moderna Mob https://t.co/MbYn7KjHrs,,,,,
@potatobabs Moderna!,,,,,
@dopethrone01 moderna ğŸ¥¶ğŸ’¯ğŸ™,,,,,
Moderna GANG GANG!!! https://t.co/K5sFvMgG9g,,,,,
@chilltowntv Moderna?,,,,,
@hjessy_ âœ‹ğŸ» Moderna.,,,,,
@m_ebrard Â¿Moderna?,,,,,
@WilliCaroline Moderna.,,,,,
@___eesha___ moderna ğŸ˜ŒğŸ’…ğŸ»,,,,,
@stinkyairs Moderna gang ğŸ¤™ğŸ¼,,,,,
moderna baseball,,,,,
@_lesssleee Nah Moderna ğŸ¤—ğŸ’ªğŸ½,,,,,
@earlywinterx Moderna,,,,,
@ayule077 Moderna?,,,,,
@juzjulian moderna,,,,,
@OscarDeane11 Moderna,,,,,
"ğŸ§ª Vaccines used globally

Moderna:
ğŸ‡¦ğŸ‡¹ AT ğŸ‡§ğŸ‡ª BE ğŸ‡§ğŸ‡¬ BG ğŸ‡¨ğŸ‡¦ CA ğŸ‡¨ğŸ‡­ CH ğŸ‡¨ğŸ‡¿ CZ ğŸ‡©ğŸ‡ª DE ğŸ‡©ğŸ‡° DK ğŸ‡ªğŸ‡¸ ES ğŸ‡ªğŸ‡ª EE ğŸ‡«ğŸ‡® FI ğŸ‡«ğŸ‡· FR ğŸ‡«ğŸ‡´ FO ğŸ‡¬ğŸ‡· GR ğŸ‡¬ğŸ‡¹ GT ğŸ‡­ğŸ‡³ HN ğŸ‡­ğŸ‡· HR ğŸ‡­ğŸ‡º HU ğŸ‡®ğŸ‡ª IE ğŸ‡®ğŸ‡¸ IS ğŸ‡®ğŸ‡± IL ğŸ‡®ğŸ‡¹ IT ğŸ‡±ğŸ‡® LI ğŸ‡±ğŸ‡¹ LT ğŸ‡±ğŸ‡º LU ğŸ‡±ğŸ‡» LV ğŸ‡²ğŸ‡¹ MT ğŸ‡³ğŸ‡± NL ğŸ‡µğŸ‡± PL ğŸ‡µğŸ‡¹ PT ğŸ‡µğŸ‡¸ PS ğŸ‡·ğŸ‡´ RO ğŸ‡·ğŸ‡¼ RW ğŸ‡¸ğŸ‡¬ SG ğŸ‡ºğŸ‡¸ US",,,,,
@natscapitals @Von4DPOY Moderna!,,,,,
@notorious_viv @idriselba Moderna,,,,,
Moderna @DearDean22 https://t.co/zKq5ZOwe7n https://t.co/OrbgLrFuU3,,,,,
@Zackfig Moderna @-@,,,,,
moderna,,,,,
@ABiRyeHelm Moderna gang ğŸ’ªğŸ‘Š,,,,,
@Von4DPOY Moderna.,,,,,
@MysteriosoAngel Moderna!,,,,,
Team Moderna,,,,,
@wxander Moderna?,,,,,
@mbbrsj16 moderna :-),,,,,
@alejandritomen @ALifeOfTony Moderna,,,,,
"@ani_digital @ANI Has she taken vaccine???????

Kya moderna/pfizer ja kar lagwaoge kya?",,,,,
@danielle21_02 Moderna!,,,,,
@Mrupandgo_ Moderna,,,,,
@sadieposting Team Moderna!,,,,,
@DivewahineD Moderna.,,,,,
@alaurax @_dinero9 Moderna mamiiiiiğŸ˜‚,,,,,
moderna baseball,,,,,
Moderna: https://t.co/HBdHOvdjnh,,,,,
@medusaux R u a moderna mami,,,,,
moderna* https://t.co/JjaDDW6mLd,,,,,
@viajealaverdad @Lupus_Chat Moderna,,,,,
@rogerb813 Moderna,,,,,
@Sloths7777 Moderna âœ…âœ…,,,,,
@Tuyo70791790 Moderna,,,,,
@Sloths7777 1 moderna,,,,,
@robwright11 Moderna,,,,,
@lac_nhi Moderna gang ğŸ¤ŸğŸ¼,,,,,
@Nessahsunshinee Moderna,,,,,
@80cee_ moderna ğŸ˜‹ğŸ˜‹ğŸ˜‹ğŸ˜‹ğŸ˜‹,,,,,
@brian_bonafitz Moderna,,,,,
@IgelZauberer Nah Moderna here,,,,,
moderna mami ğŸ’ƒğŸ»,,,,,
@demonintheorbit moderna,,,,,
@fauxmichael moderna,,,,,
@makailanichols1 moderna,,,,,
"Ruangguru  menduduki peringkat #25 di seluruh kategori dan peringkat #2 di dalam sektor pendidikan. Ruangguru berjejer di antara perusahaan-perusahaan top dunia seperti Moderna, SpaceX, NBA, Microsoft, dan Nike.

https://t.co/9vwaNtd0Dd",,,,,
@todetonate MODERNA,,,,,
@roxvnn_ MODERNA MAMI,,,,,
@taecimone Moderna,,,,,
@DannyDeraney Moderna?,,,,,
@carlagartijaa moderna,,,,,
@JocMaxedOut Moderna,,,,,
@BCNJ_VaccineBot Moderna,,,,,
@lindaholmes Moderna???,,,,,
@JagsPoolBoy Moderna?,,,,,
@ashmonsterftw Moderna,,,,,
@yblove23 Moderna,,,,,
@atleti_jess MODERNA GANG,,,,,
@A__Muminovic Moderna,,,,,
"ğŸ§ª Vaccines used globally

Moderna:
ğŸ‡¦ğŸ‡¹ AT ğŸ‡§ğŸ‡ª BE ğŸ‡§ğŸ‡¬ BG ğŸ‡¨ğŸ‡¦ CA ğŸ‡¨ğŸ‡­ CH ğŸ‡¨ğŸ‡¿ CZ ğŸ‡©ğŸ‡ª DE ğŸ‡©ğŸ‡° DK ğŸ‡ªğŸ‡¸ ES ğŸ‡ªğŸ‡ª EE ğŸ‡«ğŸ‡® FI ğŸ‡«ğŸ‡· FR ğŸ‡«ğŸ‡´ FO ğŸ‡¬ğŸ‡· GR ğŸ‡¬ğŸ‡¹ GT ğŸ‡­ğŸ‡³ HN ğŸ‡­ğŸ‡· HR ğŸ‡­ğŸ‡º HU ğŸ‡®ğŸ‡ª IE ğŸ‡®ğŸ‡¸ IS ğŸ‡®ğŸ‡± IL ğŸ‡®ğŸ‡¹ IT ğŸ‡±ğŸ‡® LI ğŸ‡±ğŸ‡¹ LT ğŸ‡±ğŸ‡º LU ğŸ‡±ğŸ‡» LV ğŸ‡²ğŸ‡¹ MT ğŸ‡³ğŸ‡± NL ğŸ‡µğŸ‡± PL ğŸ‡µğŸ‡¹ PT ğŸ‡µğŸ‡¸ PS ğŸ‡·ğŸ‡´ RO ğŸ‡·ğŸ‡¼ RW ğŸ‡¸ğŸ‡¬ SG ğŸ‡ºğŸ‡¸ US",,,,,
@LaurieJ87893766 Moderna,,,,,
MODERNA. https://t.co/F0AkukZdly,,,,,
@mikehaze moderna gang,,,,,
moderna ramadan https://t.co/O6MjOW2qlP,,,,,
moderna mami https://t.co/SHM0pU69dt,,,,,
@littlesiha Moderna Mango gang,,,,,
@drevate_ Moderna,,,,,
@boogiechild5820 Moderna.,,,,,
@MensHumor Moderna gang... lol,,,,,
@babiebeartaetae moderna,,,,,
@hjessy_ Moderna https://t.co/YCvCsw4qPl,,,,,
@AndreaR9Md Team Moderna!,,,,,
@YellowRello Moderna,,,,,
@ashmonsterftw Moderna gang https://t.co/KROcuxzyDT,,,,,
@managedState Moderna,,,,,
@LouisFelx19 Moderna! https://t.co/LxfzbAwod7,,,,,
@ko0sh Moderna Man,,,,,
@lame_vegan21 Moderna or?,,,,,
"Jadi jangan campak SinoVac ni dalam tong sampah hanya kerana reported primary efficacy nya 50.4% Dan kita bandingkan dengan efficacy Pfizer dan Moderna.

Peratusan primary efficacy bukan bertujuan untuk membanding-banding satu vaksin dengan vaksin yang lain. Bukan itu gunanya.",,,,,
@jellykittybean Omg Luci. Pfizer or Moderna?! ğŸ˜©,,,,,
@mythicalyqueer moderna gang,,,,,
@bestiehenrietta Moderna gang 8),,,,,
@juzjulian Moderna /.\,,,,,
@Lafffuuurrraaa Moderna.,,,,,
moderna gang https://t.co/ZWFmHNvPQf,,,,,
Moderna gang or snuff,,,,,
@FilmBart Moderna,,,,,
@Radiolocked Moderna,,,,,
@fershaAbril Moderna,,,,,
@AndeeHarry Moderna,,,,,
@TheChamner Moderna,,,,,
"@PamelaApostolo1 50
Moderna",,,,,
@drevate_ Moderna,,,,,
@drevate_ Moderna,,,,,
@kynek0 MODERNA GANG GANG,,,,,
@DanielCTuttle Moderna,,,,,
@mandyoneill Moderna,,,,,
@resendeez Moderna ğŸ˜£,,,,,
@jeanettington Moderna mamis ğŸ’…ğŸ½,,,,,
@49erCarlos Moderna gang!! https://t.co/SOnPFg26F2,,,,,
@treyy_a Moderna,,,,,
@EKY1970 @OttawaHealth Moderna,,,,,
@bertosalaman Moderna Gang ğŸ’ªğŸ’ªğŸ’ªğŸ’ªğŸ˜¤ğŸ˜¤ğŸ˜¤ğŸ˜¤,,,,,
@khutiha moderna mami!!,,,,,
"Team Moderna ğŸ
https://t.co/YD7ZFPq0Rb",,,,,
@bertosalaman MODERNA GANG,,,,,
"@paopaolita2 Moderna,",,,,,
Moderna mami ğŸ¥°,,,,,
@nayloroad Moderna,,,,,
@TheAmazingSmike Moderna,,,,,
@AraBonita_ Moderna.,,,,,
@tylergaca Moderna!! ğŸ’‰ https://t.co/Cvnt64eq4R,,,,,
@Razar_the_Raven Moderna,,,,,
@RealAssHistory moderna,,,,,
@JonnyGumball Moderna ğŸ˜°ğŸ˜¢,,,,,
Team Moderna! https://t.co/Mh7Wi6UsJt,,,,,
@DrJolyn Moderna,,,,,
@IAmGpro Moderna,,,,,
@kieraix_ @evonized moderna,,,,,
@MelissaJPeltier Team Moderna!,,,,,
@KurtConrad37988 Moderna!,,,,,
@tony_magoni moderna?,,,,,
Moderna.,,,,,
@LoveGators4ever @flgators469 Moderna,,,,,
@maggortttt moderna,,,,,
Moderna gang,,,,,
"ğŸ§ª Vaccines used globally

Moderna:
ğŸ‡¦ğŸ‡¹ AT ğŸ‡§ğŸ‡ª BE ğŸ‡§ğŸ‡¬ BG ğŸ‡¨ğŸ‡¦ CA ğŸ‡¨ğŸ‡­ CH ğŸ‡¨ğŸ‡¿ CZ ğŸ‡©ğŸ‡ª DE ğŸ‡©ğŸ‡° DK ğŸ‡ªğŸ‡¸ ES ğŸ‡ªğŸ‡ª EE ğŸ‡«ğŸ‡® FI ğŸ‡«ğŸ‡· FR ğŸ‡«ğŸ‡´ FO ğŸ‡¬ğŸ‡· GR ğŸ‡¬ğŸ‡¹ GT ğŸ‡­ğŸ‡³ HN ğŸ‡­ğŸ‡· HR ğŸ‡­ğŸ‡º HU ğŸ‡®ğŸ‡ª IE ğŸ‡®ğŸ‡¸ IS ğŸ‡®ğŸ‡± IL ğŸ‡®ğŸ‡¹ IT ğŸ‡±ğŸ‡® LI ğŸ‡±ğŸ‡¹ LT ğŸ‡±ğŸ‡º LU ğŸ‡±ğŸ‡» LV ğŸ‡²ğŸ‡¹ MT ğŸ‡³ğŸ‡± NL ğŸ‡µğŸ‡± PL ğŸ‡µğŸ‡¹ PT ğŸ‡µğŸ‡¸ PS ğŸ‡·ğŸ‡´ RO ğŸ‡·ğŸ‡¼ RW ğŸ‡¸ğŸ‡¬ SG ğŸ‡ºğŸ‡¸ US",,,,,
@meiselasb Team Moderna!,,,,,
@tylergaca Team moderna!!,,,,,
Moderna mamacita,,,,,
@MohamadBernabeu Moderna ğŸ™ƒ,,,,,
@titalohlita_ Moderna Bae,,,,,
@WriteGrlProbs @Junebagio Moderna,,,,,
@AyvenMoor Moderna gang!,,,,,
@TomOrangeMouse Moderna,,,,,
@Ot7Minimoni Moderna,,,,,
@coreybking Moderna Gang https://t.co/2UfvzDoV6r,,,,,
moderna mamiiiiii ğŸ¥³,,,,,
@tolaros_buster Moderna,,,,,
@Hans_Zapanta Moderna MAMI ğŸ˜© ğŸ’¦,,,,,
@iamcg83 Moderna ğŸ˜¬,,,,,
Moderna mami âœ¨,,,,,
@suuhlest Moderna Baseball,,,,,
@AnnousYoussef Moderna gang ğŸ¤,,,,,
@daardann Moderna gang,,,,,
Team Moderna #Moderna #2doses #teamlanger #polymernanopatricles https://t.co/t4LhbtrEg3,,,,,
@johnnyluchador Moderna?,,,,,
@HealthyTulips @naomirwolf @bojomomma22 Moderna,,,,,
Moderna mami coming soon https://t.co/nmuIM6HoC4,,,,,
Moderna gang- where ya at!!! #allinillinois https://t.co/hkm9CpMUD7,,,,,
@twitersbadboy Moderna gang https://t.co/TJ1gQvF2tM,,,,,
@2RawTooReal joining team Moderna manana...ğŸ˜ğŸ˜,,,,,
@IReadAboutStuff Moderna.,,,,,
@MAGA_GRL_4Life Has Moderna?,,,,,
@Pepe39679675 Moderna.,,,,,
MODERNA MAMIIIIIIIIIII https://t.co/JTnGVy30nx,,,,,
@EdwardsKim Moderna,,,,,
@kimbowee Moderna?,,,,,
@peteds Moderna,,,,,
Moderna MamiğŸ’…ğŸ½ğŸ’…ğŸ½ https://t.co/U9T0p5dIcJ,,,,,
@udarnik Moderna?,,,,,
@meiselasb Moderna gang gang!!!,,,,,
@blakeisnvrbaked moderna!!!,,,,,
@ayacohenn MODERNA MOB,,,,,
Moderna Mami @BraxtonBrownIII https://t.co/KydBGFXQNU,,,,,
@davidouglasmit Moderna,,,,,
@JieBaiTu Moderna ğŸ˜Š,,,,,
@Srivastwa_M Moderna,,,,,
moderna gang ww@ https://t.co/vuE1inNrAi,,,,,
@iamshaneka Moderna,,,,,
@kihkayastew Moderna,,,,,
@TNCY1903 Moderna,,,,,
@CofRedCentral Moderna,,,,,
#moderna #2.dosia #2ndadosis #nibakunatzennaz #YoMeVacuno https://t.co/q2fJAkeukm,,,,,
@MichaelDeLauzon Moderna,,,,,
Moderna Meiselas,,,,,
@riissssa Moderna!,,,,,
@meiselasb Team Moderna!,,,,,
@jessielemonz Moderna!,,,,,
@EthanCarterSW Moderna,,,,,
@pompe1ii Moderna?,,,,,
Moderna ğŸ˜Š https://t.co/A1hKokjoRo,,,,,
@Cat_Cosplay Moderna!,,,,,
Moderna ManğŸ¤ğŸ’‰,,,,,
moderna mamiiii. https://t.co/dPmfBKl97z,,,,,
@jesnextdoordos Moderna,,,,,
@sxhnelle Moderna,,,,,
@johniadarola Moderna.,,,,,
@nvcexploder @ErinIshimoticha Moderna,,,,,
@donnadimezzo @lageloni moderna?,,,,,
@marzymellows moderna!,,,,,
moderna mamis wya ğŸ˜«ğŸ˜«ğŸ˜¤ #vaccinated,,,,,
"@therealToddRice @JimLauder2 @mariusknulst Moderna, hmm https://t.co/jZkw9UWWqg",,,,,
"ğŸ§ª Vaccines used globally

Moderna:
ğŸ‡¦ğŸ‡¹ AT ğŸ‡§ğŸ‡ª BE ğŸ‡§ğŸ‡¬ BG ğŸ‡¨ğŸ‡¦ CA ğŸ‡¨ğŸ‡­ CH ğŸ‡¨ğŸ‡¿ CZ ğŸ‡©ğŸ‡ª DE ğŸ‡©ğŸ‡° DK ğŸ‡ªğŸ‡¸ ES ğŸ‡ªğŸ‡ª EE ğŸ‡«ğŸ‡® FI ğŸ‡«ğŸ‡· FR ğŸ‡«ğŸ‡´ FO ğŸ‡¬ğŸ‡· GR ğŸ‡¬ğŸ‡¹ GT ğŸ‡­ğŸ‡³ HN ğŸ‡­ğŸ‡· HR ğŸ‡­ğŸ‡º HU ğŸ‡®ğŸ‡ª IE ğŸ‡®ğŸ‡¸ IS ğŸ‡®ğŸ‡± IL ğŸ‡®ğŸ‡¹ IT ğŸ‡±ğŸ‡® LI ğŸ‡±ğŸ‡¹ LT ğŸ‡±ğŸ‡º LU ğŸ‡±ğŸ‡» LV ğŸ‡²ğŸ‡¹ MT ğŸ‡³ğŸ‡± NL ğŸ‡µğŸ‡± PL ğŸ‡µğŸ‡¹ PT ğŸ‡µğŸ‡¸ PS ğŸ‡·ğŸ‡´ RO ğŸ‡·ğŸ‡¼ RW ğŸ‡¸ğŸ‡¬ SG ğŸ‡ºğŸ‡¸ US",,,,,
@lisa2bags Moderna!,,,,,
@JieBaiTu Moderna ğŸ™‚,,,,,
moderna gang,,,,,
@ONLYTW0GHOSTS moderna,,,,,
@thetrillest_j Moderna,,,,,
@Winks4423 Moderna,,,,,
Moderna Gang ğŸ˜¤ğŸ’¯ğŸ”¥,,,,,
@MensHumor Moderna gang,,,,,
@RoseCityWonder Moderna,,,,,
@NotADecapoda Moderna?,,,,,
@HeartOfAChamp_T moderna âœŒğŸ¾,,,,,
@oprahsnephew moderna purr,,,,,
"@nilakandi___ Kayak, jelas bgt lah kalau pertanyaan gt, so amerikkun pfizer vs moderna

Like, sis, we crackin on sinovac ğŸ˜‚",,,,,
Moderna gang or donâ€™t bang ğŸ˜‚ğŸ˜‚ğŸ˜‚ğŸ˜‚ https://t.co/BnUQxvyOSc,,,,,
@cam_spectrum Moderna purr https://t.co/URQp8ZJj1r,,,,,
@curlybxbee moderna gang ğŸ˜¤,,,,,
@sophiedee Moderna,,,,,
Moderna gang https://t.co/GCCHOxYtAI,,,,,
@iKissMustachrry moderna&gt;&gt;,,,,,
#2 Moderna https://t.co/X7uriHuKGw,,,,,
@MmeDeschamps Moderna.,,,,,
@versacesglam Moderna!,,,,,
@PeterPanLuvU Moderna,,,,,
@lleswirdmeh @ninorinor Moderna,,,,,
@ampshewolf Moderna!,,,,,
Moderna Gang ğŸ¤‘,,,,,
Officially a moderna mami ğŸ™ğŸ½ alhamdulilah https://t.co/QBiCpBzS5a,,,,,
@nocapmyg Moderna,,,,,
@CoreyWilksPsyD Moderna,,,,,
@ESHbyESH Moderna,,,,,
"Moderna: 1

Me: 0",,,,,
@erngrnpkmn Moderna Gang represent!,,,,,
@jon__torres Moderna?,,,,,
Moderna gang ğŸ˜¤ğŸ˜¤ https://t.co/DB8oGSFg6q,,,,,
"@detikcom Kurang manjur itu Efektifitasnya 65% Tp minim reaksi negatif, klo Astra zaneca katanya 76% Tp efeknya reaksinya banyak blm ada vaksin yg 100% afektifitasnya, lagian klo sinovac itu kan virus yg sudah dimatikan &amp; penyuntikan 2x adapun pakai moderna/ pfizer 80% (vaksin mandiri)",,,,,
Moderna Mamiiiiiiii https://t.co/zBOf9tl06M,,,,,
@David_The_Hero Moderna,,,,,
@megloves2lips Moderna....,,,,,
"Moderna, 1ra dosis âœ…",,,,,
"@aMrazing *Menag : Syarat Umrah Harus Sudah Divaksin Pfizer Atau Moderna.*

*Vaksin Sinovac Dari China  Dilarang WHO Dan Ditolak Saudi, Tidak Boleh Untuk Syarat Ibadah Haji Dan Umroh*.

https://t.co/1Ntaveod8u

( trus nemu ini juga....gimana dong ??)",,,,,
@johniadarola Moderna ğŸ¥°,,,,,
@BradVasko Moderna gang?,,,,,
@aarontor Moderna,,,,,
Moderna mami ğŸ˜œ,,,,,
@BriannicusG moderna...haha,,,,,
@reina70777324 @Sulma12505074 Moderna.,,,,,
@realBlake_B Moderna!,,,,,
moderna mami,,,,,
@Chatvert Moderna gang âœŒï¸,,,,,
@as11_exe Moderna,,,,,
Moderna Baseball,,,,,
@BU2daFUL Moderna,,,,,
@kiernan_smith Moderna :(,,,,,
@JieBaiTu Moderna,,,,,
@Joyyyyc3eeee Moderna?,,,,,
@NYU_MeGa moderna ğŸ¥µ,,,,,
Moderna ğŸ˜ https://t.co/BqhRIEWWbL,,,,,
@ajtweets021 Moderna,,,,,
"ğŸ§ª Vaccines used globally

Moderna:
ğŸ‡¦ğŸ‡¹ AT ğŸ‡§ğŸ‡ª BE ğŸ‡§ğŸ‡¬ BG ğŸ‡¨ğŸ‡¦ CA ğŸ‡¨ğŸ‡­ CH ğŸ‡¨ğŸ‡¿ CZ ğŸ‡©ğŸ‡ª DE ğŸ‡©ğŸ‡° DK ğŸ‡ªğŸ‡¸ ES ğŸ‡ªğŸ‡ª EE ğŸ‡«ğŸ‡® FI ğŸ‡«ğŸ‡· FR ğŸ‡«ğŸ‡´ FO ğŸ‡¬ğŸ‡· GR ğŸ‡¬ğŸ‡¹ GT ğŸ‡­ğŸ‡³ HN ğŸ‡­ğŸ‡· HR ğŸ‡­ğŸ‡º HU ğŸ‡®ğŸ‡ª IE ğŸ‡®ğŸ‡¸ IS ğŸ‡®ğŸ‡± IL ğŸ‡®ğŸ‡¹ IT ğŸ‡±ğŸ‡® LI ğŸ‡±ğŸ‡¹ LT ğŸ‡±ğŸ‡º LU ğŸ‡±ğŸ‡» LV ğŸ‡²ğŸ‡¹ MT ğŸ‡³ğŸ‡± NL ğŸ‡µğŸ‡± PL ğŸ‡µğŸ‡¹ PT ğŸ‡µğŸ‡¸ PS ğŸ‡·ğŸ‡´ RO ğŸ‡·ğŸ‡¼ RW ğŸ‡¸ğŸ‡¬ SG ğŸ‡ºğŸ‡¸ US",,,,,
@JieBaiTu @BTS_twt Moderna,,,,,
@123Max6 Ter info: https://t.co/EEOsuL8XJ3,,,,,
a alex taehyunga moderna eu era ela https://t.co/uLwslrHJp5,,,,,
@Chatvert Moderna gang ğŸ™Œ,,,,,
@ThisIsMAGUERO Moderna,,,,,
"@dirgarambe Dok td ada berita bahwa pemerintah china mengakui efektifitas vaksin buatan mereka rendah, apakah bs thn depan vaksin ulang memakai merk johnson johnson atau moderna?",,,,,
@sillysampi Kalo uda trlanjur divaksin merek china terus bs ga ambil vaksin lg merek johnson n johnson atau moderna?,Percaya,,,,
@hjessy_ Moderna,,,,,
@Drelsio Moderna!,,,,,
@DetroitSteel_ Moderna,,,,,
Moderna&gt;&gt;&gt;,,,,,
"@aMrazing Kan memang Sinovac kurang efektif kako dibandingkan sm Pfizer, Moderna, dkk.. Tp emank Sinovac murah jauh jg, ya ada rupa ada harga lah ya..",,,,,
@jg_major Moderna?,,,,,
"@kumparan KURANG efektif gaes, BUKAN TIDAK efektif. Udah baca perbandingan tingkat keefektifan beberapa merk vaksin (Pfizer, Sinovac, Moderna, dll)? Klo dr perbandingan yg aku bc sih mmg PALING efektif itu ya Pfizer, tp harga nya jg luar biasa..",Percaya,,,,
@johniadarola Moderna ğŸ’ªğŸ»,,,,,
Moderna gang,,,,,
@EightSix4bes Moderna,,,,,
@DunwichZenith Bro Civic Gang and Moderna Gang?!,,,,,
@Amartnaguado @FLMIRONES Moderna: https://t.co/bB4MpUJoNi,,,,,
@_prashantkadam October pasun testing chalu ahe sputnik chi.. jya Pfizer ani moderna sathi rahul lobbying kartoy tyani apply pan nahi kelay.. so chill .. janta yedi nahiye,,,,,
@dan_dd Moderna,,,,,
@ArellanoFaibre @EdgaroNunezG Moderna,,,,,
@cristy_ella @EdgaroNunezG Moderna,,,,,
"ğŸ§ª Vaccines used globally

Moderna:
ğŸ‡¦ğŸ‡¹ AT ğŸ‡§ğŸ‡ª BE ğŸ‡§ğŸ‡¬ BG ğŸ‡¨ğŸ‡¦ CA ğŸ‡¨ğŸ‡­ CH ğŸ‡¨ğŸ‡¿ CZ ğŸ‡©ğŸ‡ª DE ğŸ‡©ğŸ‡° DK ğŸ‡ªğŸ‡¸ ES ğŸ‡ªğŸ‡ª EE ğŸ‡«ğŸ‡® FI ğŸ‡«ğŸ‡· FR ğŸ‡«ğŸ‡´ FO ğŸ‡¬ğŸ‡· GR ğŸ‡¬ğŸ‡¹ GT ğŸ‡­ğŸ‡³ HN ğŸ‡­ğŸ‡· HR ğŸ‡­ğŸ‡º HU ğŸ‡®ğŸ‡ª IE ğŸ‡®ğŸ‡¸ IS ğŸ‡®ğŸ‡± IL ğŸ‡®ğŸ‡¹ IT ğŸ‡±ğŸ‡® LI ğŸ‡±ğŸ‡¹ LT ğŸ‡±ğŸ‡º LU ğŸ‡±ğŸ‡» LV ğŸ‡²ğŸ‡¹ MT ğŸ‡³ğŸ‡± NL ğŸ‡µğŸ‡± PL ğŸ‡µğŸ‡¹ PT ğŸ‡µğŸ‡¸ PS ğŸ‡·ğŸ‡´ RO ğŸ‡·ğŸ‡¼ RW ğŸ‡¸ğŸ‡¬ SG ğŸ‡ºğŸ‡¸ US",,,,,
@OfficiallyIce Moderna Mob wya?? ğŸ’‰,,,,,
@josecanyousee Moderna Gang https://t.co/4ujMioTpm8,,,,,
@AdithyaAdiii Moderna??,,,,,
@itsYosheezyFool Moderna,,,,,
@scbattlemage @kuasasiswa US amik moderna.,,,,,
@PradytaAnanda Wkwkwkwkwk...ini baru saja terjadi nyokap gw misuh2 klo selain pfizer sm moderna ga boleh umroh atau haji...hmmmmm....,,,,,
@johniadarola Moderna!,,,,,
"ğŸ§ª Vaccines used globally

Moderna:
ğŸ‡¦ğŸ‡¹ AT ğŸ‡§ğŸ‡ª BE ğŸ‡§ğŸ‡¬ BG ğŸ‡¨ğŸ‡¦ CA ğŸ‡¨ğŸ‡­ CH ğŸ‡¨ğŸ‡¿ CZ ğŸ‡©ğŸ‡ª DE ğŸ‡©ğŸ‡° DK ğŸ‡ªğŸ‡¸ ES ğŸ‡ªğŸ‡ª EE ğŸ‡«ğŸ‡® FI ğŸ‡«ğŸ‡· FR ğŸ‡«ğŸ‡´ FO ğŸ‡¬ğŸ‡· GR ğŸ‡¬ğŸ‡¹ GT ğŸ‡­ğŸ‡³ HN ğŸ‡­ğŸ‡· HR ğŸ‡­ğŸ‡º HU ğŸ‡®ğŸ‡ª IE ğŸ‡®ğŸ‡¸ IS ğŸ‡®ğŸ‡± IL ğŸ‡®ğŸ‡¹ IT ğŸ‡±ğŸ‡® LI ğŸ‡±ğŸ‡¹ LT ğŸ‡±ğŸ‡º LU ğŸ‡±ğŸ‡» LV ğŸ‡²ğŸ‡¹ MT ğŸ‡³ğŸ‡± NL ğŸ‡µğŸ‡± PL ğŸ‡µğŸ‡¹ PT ğŸ‡µğŸ‡¸ PS ğŸ‡·ğŸ‡´ RO ğŸ‡·ğŸ‡¼ RW ğŸ‡¸ğŸ‡¬ SG ğŸ‡ºğŸ‡¸ US",,,,,
moderna gang https://t.co/K86xX1r6AS,,,,,
@Theaskanison191 Moderna,,,,,
@MumtazAhmedRiaz Moderna,,,,,
@jackeparrock Moderna,,,,,
@kathpetit Moderna ğŸ˜Š,,,,,
@johniadarola Moderna,,,,,
@pauu_sunlight Moderna,,,,,
"@nisa_rah Wow sangar kantormu... setauku instansi2 baru pake sinovac sm AZ... kalo moderna aku blm tau nis. Coba aja, ntar kasih tau reviewnya ğŸ˜‚",,,,,
"IBM, MODERNA &amp; BLOCKCHAIN",,,,,
@siwonjowo iyaaa katanya gtu..kantorku pake moderna..aman ga sih? Hahaha,Tidak Percaya,,,,
@DetroitSteel_ Moderna,,,,,
moderna gang ğŸ’‰ https://t.co/mbk9tzZo7j,,,,,
@The_Harading Moderna,,,,,
"ğŸ§ª Vaccines used globally

Moderna:
ğŸ‡¦ğŸ‡¹ AT ğŸ‡§ğŸ‡ª BE ğŸ‡§ğŸ‡¬ BG ğŸ‡¨ğŸ‡¦ CA ğŸ‡¨ğŸ‡­ CH ğŸ‡¨ğŸ‡¿ CZ ğŸ‡©ğŸ‡ª DE ğŸ‡©ğŸ‡° DK ğŸ‡ªğŸ‡¸ ES ğŸ‡ªğŸ‡ª EE ğŸ‡«ğŸ‡® FI ğŸ‡«ğŸ‡· FR ğŸ‡«ğŸ‡´ FO ğŸ‡¬ğŸ‡· GR ğŸ‡¬ğŸ‡¹ GT ğŸ‡­ğŸ‡³ HN ğŸ‡­ğŸ‡· HR ğŸ‡­ğŸ‡º HU ğŸ‡®ğŸ‡ª IE ğŸ‡®ğŸ‡¸ IS ğŸ‡®ğŸ‡± IL ğŸ‡®ğŸ‡¹ IT ğŸ‡±ğŸ‡® LI ğŸ‡±ğŸ‡¹ LT ğŸ‡±ğŸ‡º LU ğŸ‡±ğŸ‡» LV ğŸ‡²ğŸ‡¹ MT ğŸ‡³ğŸ‡± NL ğŸ‡µğŸ‡± PL ğŸ‡µğŸ‡¹ PT ğŸ‡µğŸ‡¸ PS ğŸ‡·ğŸ‡´ RO ğŸ‡·ğŸ‡¼ RW ğŸ‡¸ğŸ‡¬ SG ğŸ‡ºğŸ‡¸ US",,,,,
Moderna mami,,,,,
