Tweet,Nilai,,
@nuar_lee Pada awalnya 'vaccine hesitancy' agak tinggi kerana dimomokkan dengan banyak berita/cerita palsu berkenaan vaksin. Namun data yang terbaru ada menyatakan sudah 93% memberikan sentimen positif terhadap vaksin. Boleh baca selanjutnya di sini https://t.co/ZDLZT8kRLN,,,
"Apakah syarikat terbabit mempunyai ""link istimewa"" dengan parti kepala busuk tersebut dan negeri terbabit?

""Apakah 2 juta dos Vaksin yang mahu ditempah itu untuk pemegang Kad Pengenalan palsu atau 1 juta lebih pendatang atau pelancong yang hilang tempohari?""
.",,,
Well aku check dkt website vaksin tu masih takde tarikh. So semalam aku berjaya submit tu harapan palsu ke? Kenapa ek main mainkan perasaan orang mcm ni?,,,
@museziqa Mak bapak aku terperdaya dgn antivaxx yg duk hantar watsep palsu 0 facts.  semua takut nak vaksin sebab wasep cakap jangannn ambik. Tah pape,,,
@mshafie_ms @helpmeunifi @McmcReact Ini zaman menteri orang sebar cerita palsu pasal vaksin pun rilek bodo lagi,,,
"@DrNovandri Its the ustaz and tok guru pengaruh yang masalahnya especially di kelantan n kedah tu, dahlah condemn vaksin lepastu sebar maklumat palsu, and masyarakat dah sanjung depa, kalau lawan kononnya kurang ajar kepada ulamaâ€™, hate this sentiment",,,
"Nak je aku sound ustaz dan tok guru berpengaruh yang meragukan bahkan menolak vaksin dan sebar maklumat palsu ke orang awam, kelantan n kedah malas la mention sape, nanti kata kurang ajar terhadap ulamaâ€™ pulak takleh tegur en.... hampeh https://t.co/nEezJQJlLb",,,
"@HausofHilton Doc please help me.. My parents tak habisÂ² kata dalam vaksin ada uri bayi.. Pas2 bila tanya kata ""doktor pakar tu cakap""

Aku pon tak tahulah doktor pakar mana yang cakap.. Kalau search pon ntahÂ² doktor palsu.. Tak tahu dah nak cakap ape niğŸ˜©ğŸ˜©ğŸ˜­",,,
@JKJAVMY Semlm dpt slot still takda update ka..jgn bagi harapan palsu..org dah redho nak terima apa2 vaksin ni.. https://t.co/e9f1W6qk2Z,,,
Vaksin itu halal. Yang babi itu hanya antivax dan penyebar berita palsu!!!,,,
Wah ancur juga nih chip di tempat vaksin supaya ga ada vaksin palsu disebar di whatsapp group jadi chip yang masuk ke tubuh. Pakai video Erick Thohir di Narasi. Hadeh.,,,
"Ramai lelaki nak vaksin pfizer konon percaya boleh bagi tmbh 3 inci kerana sama kilang dgn viagra.. 

Jangan percaya, itu hanya berita palsu je tuan tuan... Ia normal je tak kasi tmbh pun! https://t.co/P5Mx7o6Fku",,,
"Iyaaa benar tu. Tunggu vaksin ni harapan palsu jek. 

Aku nak prepare wap cengkih, air kelapa, bitamin, habatussauda,â€¦ https://t.co/uVE0YfY1Tx",,,
Boleh berhenti hantar mesej2 yang tak berguna ini? @MKNJPM di mana penyebaran mesej / info tentang keperluan &amp; kebaikan vaksin? Di mana usaha untuk melawan berita palsu tentang vaksin? Di mana info tentang cara mengakses vaksin? Takkan benda mcm ni rakyat kena fikirkan jugak? https://t.co/q1eFhMbIqN,,,
babilah orang yang duk sebar berita palsu pasal vaksin ni,,,
"Rupanya ramai yg fail book AZ semalam tiba2 pagi ni dpt update appointment vaksin dlm MySejahtera, yg sukses daftar slot AZ semalam tak dpt apa update lg pun, entah2 banyak yg dpt harapan palsu semalam ğŸ˜‚",,,
"Mun kita sebar berita palsu sak org ambik vaksin, kenak tangkap sik oh? ğŸ¤” like kalau ambik vaksin kulit jadi putih berseri, kalau ambik vaksin boleh cakap dgn kucing, kalau ambik vaksin crush anda akan text anda dalam masa 3 hari",,,
"Masker ini itu, efektif ini itu, vaksin ini itu, palsu ini itu, korupsi ini itu, larangan ini itu, yg pertama blm selesai katanya sudah muncul lagi varian baru.
I know what you did last year
The Show must go on
Somebody's watching me
Ghostbusters
Paranoid - Black Sabbath ğŸ¶",,,
Lega aku sebab tak pernah nak terdetik beli sambal @khairulaming sebab ia palsu macam Vaksin juga ğŸ¤¦ğŸ»â€â™‚ï¸ dah semangat nak beli/tunggu tahuÂ² habis. Terpaksa la aku ambil pilihan MENUNGGU waktu yg benar-benar sesuai.,,,
"Beberapa hari lepas CITF buat laporan polis di atas berita ""Palsu"" vaksin ada 32 juta sedangkan kos 3 billion. Hari ini apa kata kita buat laporan sprm dan polis macam mana system 70 juta boleh crash dengan mudah.. Shopee lazada masa sales pun tak crash

Sapa nak mulakan. https://t.co/M3Yx06vYjq",,,
"Sikap orang Melayu yang mempunyai kepercayaan tersendiri juga membuatkan ramai mengambil mudah tentang pengambilan vaksin COVID-19.

#AWANInews #AWANIpagi #HapusCOVID19 #ICYMI

https://t.co/twUr7zKRyG",,,
"Polis siasat individu sebar berita palsu punca kematian pemanah negara kononnya punca kematian adalah kerana darah tersumbat akibat pengambilan vaksin AstraZeneca
https://t.co/I3eVFObMjp @AGCPutrajaya 

@KKMPutrajaya can counter with facts to debunk her â€œberita palsuâ€ and move on",,,
"@H_Bakkaniy Kes kobik ni makin parah xde pun pecat hamzah, islail dan adham, urus vaksin huru hara pun xde tindakan juga. Kobik di kilang melimpah ruah pelabur lari dan xde yg nk melabur xde pun memteri miti kena bertanggungjawab apalah yg nk di harapkan dgn PM nama palsu ni",,,
"@FirzaHusain @BudiGSadikin Setuju , tapi jgn lupa pengawasan jgn sampe jadi objekan baru and vaksin palsu.",,,
"Kalau vaksin tak terbukti untuk halang penyebaran penyakit maka konsep ""Herd immunity"" merupakan palsu semata mata.

Where you get your research from? Facebook? Youtube? ğŸ¤£",Tidak Percaya,,84
2. sentiasa check group whatsapp bawang mak ayah. parents kita ni mudah sangat percaya berita palsu yang orang lain sebarkan. pastu saja nak bagi kita takut biar takyah amik vaksin heleh,,,
"Informasi orang akan meninggal dalam dua tahun karena disuntik vaksin Covid-19 ya jelas hoaks. 

Tapi, soal Mike Yeadon yang menyatakannya atau bukan, saya belum tahu. Apakah ini Yeadon yang asli atau palsu, nanti biar waktu akan berbicara.",,,
"@NyiMasRuminah Tapi wajib di vaksin sinovac ,kalau bohong ,mislkan bikin keterangan palsu sudah di vaksin kena denda 10 ribu reyal ,aku ramadhan kemarin juga gak bisa umroh karena gak di vaksin",,,
@nrshmans Tulahh. Masalahnya benda buat orang makin takmau amik vaksin by saying â€œaada org mati sbb vaksin dkt tengluâ€. Aku nak tahu betul ke or berita ni palsu.,,,
"Kau daftar je vaksin, follow sop, pakai mask, jaga jarak sudah.. tapi tolong jangan sebarkan berita n dakyah palsu kau.. 

Tak kesian ke kat orang tua bodoh2 percaya kat korang tak guna ni..",,,
"Ini MEDAN Lae

Ada Tes Swab antingen bekas
Ada Tes Swab palsu
Ada jual Vaksin Covid ilegal

Cemana daerah kau ada yg lebih hebat ?",Tidak Percaya,,
"Punya la struggle nak dapatkan vaksin untuk abah sekali, tapi lupa abah geng anti-vaksin.
Habis kena bebel

So mak cik mak cik pak cik pak cik yang sebar maklumat palsu di Facebook mahupun WhatsApp

Saya harap kamu bangun esok pagi
Sakit perut cirit birit",,,
"Good news: Dapat daftar vaksin, account belanja aku kfc ngan bubble tea.

Sad news: Terdaftar vaksin kat penang sebab silap tekan, kena pau ngan pak udin 1.5k sebab wak wak semua permit palsu. PH pon kerja balik malam, waknat.",,,
"Sesungguhnya aku betul2 terasa loser.. 
Nak beli sambal NYET Khairul Aming tak dapat, nak beli gelang habib tak dapat takleh keluar, nak register vaksin pun tak dpt.. da tekan negeri tak keluar2.. harapan palsu betul.. and yes.  Aku bukan robot.. aku manusia yg ade nafsu.. https://t.co/O9lGei0I8S",,,
Aku daftar awal pun nak bagi semangat dekat mak aku &amp; sedara mara sebab yang duduk kampung lagi banyak dapt berita palsu lahanat pasal covid19 &amp; vaksin.,,,
"@Torriosh orang2 medan kenapa si swab palsu lah, jual beli vaksin lah, manusia macam ini lah",Tidak Percaya,,
Orang yang sebar berita palsu dn menakutkan orang tentang vaksin ni memang celaka lah,,,
"@izzqqhh @NizamArif_ @khairulaming Johor,red zone kan. Lg bhya. Xde plk simptom yg dia org dpt. Tp i x tahu kenapa fam i x bg mak i ,and mak i pn tkt nk vaksin. I bkn fam anti vaksin tp mejoriti fam i tkt. Don't know why,i rasa ni faktor baca berita2 palsu. Huh geram sngt.",,,
Kita mengomel tak dapat vaksin je. Depa dapat harapan palsu dan pembaziran 1 jam. https://t.co/VX2DLTFxNn,,,
"Tumpuan #AWANIBorneo malam ini:

ğŸ“ŒSarawak sekat kemasukan pengembara dari lima negara
ğŸ“ŒMaklumat palsu menjadi punca pendaftaran vaksin di pedalaman Sabah masih rendah
ğŸ“ŒTiada pilihan raya negeri Sarawak selagi darurat belum tamat

 #HapusCOVID19  https://t.co/9LzXxwvNHZ",,,
"tentang ""vaksin"" virus corona Wuhan (Covid-19), pemilihan yang curang, dan penghenti pertunjukan potensial lainnya ke agenda globalis.

Katie Couric, ikon berita palsu, adalah ketua bersama AICI, begitu pula Rashad Robinson, CEO kelompok aktivis sayap kiri Color of Change.",,,
Rakyat johor dlu pn penah diberikan harapan palsu mcm vaksin td.. ğŸ¥² https://t.co/sF90w2y0g4,,,
My mom &amp; MIL ni awalnya hesitant. Bukan senang ya nak yakinkan dengan penyebaran berita palsu ibarat peluru bedil. Sekarang ni mak aku tengah anxious fikir side effect vaksin tu dan belum dipanggil. Aku takut dia jadi antara orang yang tak turnout dekat PPV ye acu pehe getekkk.,,,
Lenkali KKM tu scam geng kayangan ni kasi vaksin palsu biaq depa ni slow2 mati aman skit negara ni https://t.co/jSWQlLTGOB,,,
"Setelah berbulan-bulan menjawab segala persoalan tentang vaksin daripada mak abah aku, segala fitnah dan berita palsu berkenaannya, segala sakit kepala dan pening aku, akhirnya mereka bersetuju untuk mengambil vaksin.

Dan apa jadi? Website unresponsive.

Fuck.",,,
Bila nak ambil vaksin stock terhad berebut rebut. Bila tak ambil kata la percaya berita palsu la apa la. Haih!,,,
"You dont wanna get vaccinated, its up to you. You do you tapi sampai nak sampai nak takutkan orang lain dgn berita palsu pasal vaksin agenda yahudi la freemason tu tak payah la pukimak",,,
"@mediaindonesia ""Tetapi, adanya rasa ketidakpercayaan dikombinasikan dengan informasi palsu yang beredar secara daring dan kurangnya urgensi ... menimbulkan keraguan terhadap vaksin dan dorongan inokulasi yang suram."" @mediaindonesia",,,
"Apa yg buat lagi geram bila ada dengar cerita kroni ada yg satu family dh dapat , jangan tipu la kalau kata benda tak jadi. Aku harap vaksin yg dorg dapat tu palsu, biar jadi dadah merbahaya kat satu family biar mampos jawab kau kat malaikat dalam kubur.",,,
Aku la kalau dapat orang sebar berita palsu pasal vaksin kat whatsapp mak ayah aku ni memang kena rembat dah.Penat dok explain,,,
"loona teaser âŒ
vaksin âŒ

saya penatlah sentiasa diberi harapan palsu sebegini https://t.co/MeWU38ITMy",,,
Berhenti la sebarkan berita palsu pasal vaksin segala bagai. Kesian kat mak pak orang lain yang mudah percaya berita palsu ni !,,,
tak cerita dia skrg mana vaksin pfizer punya rollout? daftar dari bulan 2 haritu sampai skrg tak offer kat rakyat dah kenapa? sampai tahap nak kene berebut dapat kan AZ sbb pfizer serupa janji palsu.,,,
"@DGHisham Tolonglah DG kami merayu kalau betol lah vaksin ni dah betol2 full slot at least upgrade la system n server tu, bagi rakyat harapan palsu je. Mcm tak logik je org yg standby dpn laptop 2 jam lebih awal pun tak dpt hmm. Sungguh fishy gitu",,,
Aku bersyukur dalam kalangan adik beradik aku ada yang bekerja sebagai frontliner (hospital) maka senang nk educate parents aku pasal vaksin. Bukan apa. Kadang2 kita yg jarang cakp dgn parents sbb duk jauh dorang lebih percaya berita palsu. Bila kakak aku ada senang sikit.,,,
"Pastu cakap pulak dengan kematian tu pasti, tak vaksin pun matiğŸ˜©ğŸ˜©ğŸ˜­ Idk what else to do to convince them utk ambik vaksin.. 
I sumpah orang2 yang sebar berita2 palsu dekat whatsapp and fb utk jadi batu sebab buat orang paranoid and menyusahkan orang lainğŸ˜ ğŸ˜ ",,,
@nani_farhan Dah tu gomen bagi harapan palsu... trpaksalah buat vaksin sendiri kn @JKJAVMY,,,
"Friends mostly not in good mood - menunggu utk mendaftar vaksin Hari ini dgn website RM70 juta tp waiting for forever seumpama Cinta yang diberikan harapan Palsu.. I only can read and hear, cannot feel since Perak not in the list ğŸ¤£ğŸ¤£  @JKJAVMY @my_sejahtera  @AstraZeneca",,,
Sedih juga tengok pakcik makcik bawah 60 tahun ke 50 tahun nak register vaksin tapi harapan palsu mcmni babi @JKJAVMY,,,
Dari phone sampai ke laptop. Vaksin pun pandai bagi harapan palsu!,Tidak Percaya,,
"Sama susah battle nak register vaksin dgn nak beli sambalnyet @khairulaming . Tp atleast sambalnyet akan ada hari esok. 

@Khairykj @JKJAVMY kenapa bagi harapan palsu?",,,
Kesian tengok kawan2 struggle susah2 bazir masa nak register vaksin. And yet still ada orang mulut jahat sanggup sebar berita palsu macam2,,,
@ziz4mccabe At least sik berik harapan palsu kedak vaksin tok dari tadik tekan2 sikpatâ˜¹ï¸,,,
"in the end, najiha masih tak dapat register vaksin walaupun ni fasa 2. fasa 1 terlambat, bkkÂ² semua slot penuh, fasa 2 harapan palsu slot available tapi bila click kata penuhğŸ™ƒ. walaupun begitu najiha masih percaya akan vaksin dan akan ambil vaksin jika diberi peluang.",,,
"@allynaddi @dotstewie Aku lepas masuk yg negeri tu, but semua tarikh full, babi kan ? ğŸ˜€ Tapi official twitter vaksin kata login traffic, cakap je la dah penuh jangan kasi harapan palsu ğŸ˜€",,,
"Jumaat ni aku nikah.. Pospon sebab pkpd.. 

2 kali da ni pospon

Harini lak, nak register #AstraZeneca pun tak dapat.. 

Aku ingatkan nak nikah je tinggal harapan palsu.. Nak vaksin pun sama âœŒ",,,
"Vaksin ni mcm crush lah, suka bagi harapan palsu..lama kot aku tunggu..",Tidak Percaya,,
"Baru dapat berita baby client +ve covid. Sedih bila fikir. Baby baru je umur 32 hari.

Yg mana dah dapat vaksin pergi la ambil ye. Yg mana belum daftar usaha untuk daftar. Jaga SOP.

Jaga negara tanggungjawab kita

#jomvaksin #vaksinracun tu palsu",,,
Mcm hanat. Dah kena prank. Dari sebelum jam 12pm try. Ada yg reply tadi slot dah penuh. Tak payah lah susah2 ajak org amik vaksin kalau sekadar bagi harapan palsu. https://t.co/zoh6rRoREp,,,
"Dah boleh masuk website untuk vaksin, tapi tak boleh pilih negeri. Dah boleh pilih negeri, tapi tempat and tarikh semua full walaupun dah tukar ke tarikh lain. Harapan palsu ke ni @JKJAVMY? ğŸ˜­",,,
Saya ingat awak je bagi harapan palsu takkan vaksin pun sama kot,,,
"@SinarOnline Dari segi pemerhatian, mereka yang kaki main fb dan whastap adalah golongan teramai yang anti vaksin kerana mereka kerapkali menerima share palsu berkenaan vaccine. Mereka teruja dgr cerita sensasi berkenaan kesan vaccine.",,,
Adakah MKN perlukan pertolongan deraf SMS untuk galakkan orang awam ambil vaksin dan lawan berita palsu mengenai vaksin? Berapa banyak lagi dos vaksin harus terbazir?,,,
"kesian jadi anti-vaksin ye. tak ada ilmu nak  pertahankan â€œagendaâ€ palsu, dia koyak.ğŸ™Š tweet asal pun delete. big loser hihi https://t.co/v1wS3APGiA",,,
sebab berita palsu lagi cepat tersebar berbanding tarikh temujanji suntikan vaksin. hahahahha https://t.co/fuxhtojLCq,,,
"Tindak tegas pak @DivHumas_Polri jangan beri ampun. 

Saat pemerintah berjuang keras menyediakan vaksin Covid19 kok ada yg brani2nya mempermainkan nyawa dg menjual vaksin palsu. ğŸ˜¤ https://t.co/lCglWLrPSZ",,,
"Aku doakan yang mana bagi maklumat palsu pasal vaksin mati sebab covid ataupun sakit seumur hidup.

Biar mampos kau kat situ. Nak sangat jadi punca orang tak percaya vaksin. Memang aku tak maafkan orang ni sampai aku mati.",,,
"Ada agensi PR diLondon (mungkin berpusat diMoscow) menawarkan duit besar kpd influencer2 utk mewar-warkan berita palsu pasal Vaksin AZ &amp; Pfizer 
Influencer disuruh utk katakan vaksin punca banyak kematian &amp; biarkan pengikut mereka was-was. Bajet besar!
https://t.co/V5wu2LS45e",,,
"Selain drpd fokus utk sebarkan tentang kepentingan mematuhi SOP. 

Dalam masa yg sama perlu kuatkan lagi iklan &amp; sebaran tentang kepentingan mengambil vaksin. 

Begitu juga perlu tindakan &amp; amaran yg keras bg mereka yg menyebarkan berita palsu terutama berkaitan covid dan vaksin.",,,
"perlu undang undang mewajibkan perlaksanaan vaksin kepada semua yang layak dan perkasakan undang undang maklumat dan berita palsu pada anti vaksin serta golongan tolak vaksin seperti ""mak teh"". @IsmailSabri60 @MuhyiddinYassin",,,
@hmpetrus @MitaWullur Vaksin palsu tuh si lisamartna ahlinya,Tidak Percaya,,
@MitaWullur @sihol72 Vaksin palsu blm pernah sy dgr. Tapi kl alamat palsu  baru dgr dari ayu think- think. ğŸ¤£,Tidak Percaya,,
Siapa sebar berita palsu tentang vaksin aku doa dia kahwin dgn beruk https://t.co/cxBHuaMotp,,,
"Badan pengurusan vaksin dah ada. Kenapa macam tak ada tindakan apa2 untuk pastikan vaksin sampai ke serata rakyat, bendung penularan berita palsu, perang anti-vaksin.

Mesti kena plan dah semua ni. Before giving out vaccines, mesti dah meeting dulu and list all probabilities.",,,
@tattyhassan sama lah. sebabkn berita palsu habis 1 family takut vaksin. so kena bagi bukti. tapi mama je mau vaksin. ayah tak mauu. hmm https://t.co/11UB5LOb6O,,,
"Sebenarnya nak suruh orang kampung ambik vaksin ni takpayah pun sampai nak kena marah marah or maki. explain ja la elok elok. deme tu dah la disuap dengan khabar palsu hari hari, tanya orang muda berilmu kena marah pulak. pujuk la perlahan lahan",,,
aku bersyukur sangat parents aku tak terpengaruh dengan berita palsu anti vaksin ni lagi lagi ayah aku excited sangat nak daftar awal vaksin astra tu ğŸ˜­ğŸ‘ğŸ»,,,
"Which lagi laaa scientifically proven..... okay lah its your own right untuk tak nak ambil vaksin tapi jangan la induce other people like... dah terang2 banyak kajian tau tapi korang nak sebar berita palsu, those act tak consider as fitnah ke? Kata alim....",,,
Jangan percaya dakyah palsu vaksin - Siti Hasmah. https://t.co/chnzxU3kn8 https://t.co/8gtZPIoP6Z,,,
@MitaWullur @hmpetrus Wah...masih uang palsu aja sdh dibilang ngeri bgm pula kl vaksin palsu dan alamat palsu,Tidak Percaya,,
"Alhamdulillah, akhirnya Ayah berjaya ambil vaksin dos ke 2 walaupun macam2 alasan menolak sebab pengaruh rakan sekerja dan berita palsu. Anak2 yg tinggal dengan parents tu kena banyak lagi bagi info untuk lawan",,,
"Memang laknat dan celaka orang-orang yang menyebarkan berita palsu, teori konspirasi yang berlandaskan fakta dangkal dan cerita yang di tokok tambah sehingga ibu bapa saya menolak panggilan untuk menerima vaksin. Saya harap anda semua diberikan balasan yang setimpal.",,,
"Susah betul nak yakinkan ibu ayah daftar vaksin. Ni semua salah orang yg sebarkan maklumat2 palsu kt group whatsapp orang tua, group taman &amp; group surau.

Tak guna.",,,
"Nak je doa penyampai berita palsu ke group wasep mak ayah pasal vaksin ni dipendekkan umur. 

Kata barang israel la, tak halal la, bertukar jadi bionik human la eh lah haih. Dah ni mak aku baru dapat mesej kata bau bunga cengkih boleh ganti vaksin. Aku bakar ko kang.",,,
Ni semua salah whatsapp bodoh pi sebarkan maklumat palsu pasal vaksin !,,,
Bagi aku material untuk lawan berita palsu dalam group family tentang vaksin Astrazeneca.... pls aku tak tahan...,,,
@maisarahamani @JKJAVMY Cerita yg positif ttg vaksin adalah lebih baik drpd perkongsian info yg tidak tepat dan sumber yg tidak sahih ttg Vaksinasi dan pandemik cv-19 itu sendiri.Jika ada info yg tidak sahih selidik dulu baru kongsikn. Itu lebih baik drpd kita jadi penyebar berita palsu dan tidak tepat.,,,
Pak cik tak mau vaksin takyah la jaja berita palsu pasal vaksin satu kampung. Penat laa nak hadap benda gini.,,,
"Berhenti lah sebar berita palsu tentang vaksin 
Suami aku bukan antivaxx tau tapi bila dia asyik dengar benda yang salah pasal vaksin dia jadi takut nak ambil vaksin
Dia takut jarum dah lah sekian hal",,,
"@FarhanHawk esok dia buat lagi, nak tunjuk screenshot report terus

baru tau vaksin itu benar, bunga cengkih itu palsu",,,
"Rata-rata hujjah antivaksin adalah sangkaan tanpa bukti. 

""vaksin buatan yahudi"" ""vaksin ada bahan haram"" ""vaksin ada cip""

Bila diminta bukti, majoriti jawapan : ""nak bukti apa lagi?"" dan ""percayalah saya"".

Nyatakan bukti kukuh jika anda benar atau dakwaan itu palsu belaka.",,,
"Kita akan kearah,  warga-vaksin dan warga-TanpaVaksin

Apa pun akhirnya adalah, jaga kesihatan-diri, patuh-SOP dan henti-sebarkan-berita-palsu berkaitan C-19 &amp; Vaksin

Jadilah rakyat bersivik..",,,
@hazemanhuzir Berharap agar mak pergi vaksin jumaat ni dengan jayanya dan tiada sebarang berita palsu dia dengar lepas tu untuk teruskan dos keduanya.,,,
Boleh report ni ke skmm dgn polis sbb menyebar maklumat palsu ttg covid dan vaksin. Memudaratkan org awam https://t.co/AIxVHoV5lT,,,
mak saya baru tanya doktor di Kk Cheras dan memang tak ada vaksin di sana. sebar berita palsu ke? https://t.co/KqvOOESxcD,,,
Tak habis habis nak kerjakan duit rakyat. Cuba fikir cara nak sekat mesej palsu tentang vaksin...,,,
"kepada pakcik ii yang tak habis sekolah pastu sebar info palsu pasal vaksin kat ayah aku , kau memang âœ¨pookeymarkâœ¨",,,
@rafizirazak @IraKaza Dah daftar itu bagusğŸ‘ğŸ» yang tak bagusnya bila sebar berita palsu kata vaksin tu tak bagus. Teruskan niat anda. Esok boleh cuba-cuba register AZ jam 12 tengahariğŸ‘ğŸ»,,,
Ya Allah takde sape lg mati sbb vaksin ni... kes dah bnyk mcm ni tolonglah jgn sebar berita palsu.... geramnya aku bila baca benda mcm niiii https://t.co/ZZVpeKnkjI,,,
aku harap org yg sebarkan info palsu pasal vaksin &amp; covid ni kena azab ON GOD,,,
Buat mereka yang sebarkan cerita palsu pasal vaksin.ada neraka Khas untuk kamu semua https://t.co/XFjvRls0lT,,,
"Untuk orang yang sebarkan cerita palsu berkenaan vaksin covid.. BawakÂ² la bertaubat, kau dah menyusahkan ramai orang dah, cukuplah",,,
@soitsnisha yang ni paling berkesan! because my father ni dia takut nak pergi sebab ada berita palsu pasal nurse meninggal lepas ambil vaksin. and boleh share pengalaman orang lain tentang vaksin! https://t.co/e4uCm7W6Kd,Tidak Percaya,,
"Yang paling pukimak dalam waktu musibah macam ini adalah golongan penyebar berita palsu sehingga orang tua merasa takut untuk mengambil vaksin. Di dunia boleh la kau berlepas diri, tapi di akhirat besar tanggungjawab kau nak menjawab di hadapan tuhan.",,,
"kalau anti vaksin ni tak menyusahkan orang takpe tau, ni sibuk jaja cerita palsu sampai orang lain terpengaruh. main jejauh ler please",,,
"@wolverinetho @adamakiif HAHAHAHAH betulah, PM pun takbuat pembentangan pasal belanja vaksin ni, duit boleh ğŸ’¸macam tu ja. Tapi, CITF (COVID-19 Immunisation Task Force) dah dakwa benda tu palsu. Nak percaya siapa terpulang. Cuma, teringin nak bagitau, ada org cuba jatuhkan kerajaan dgn ambik kesempatan",,,
@junihaiqal Tadi pagi pagi aku dah bertekak dgn mak aku pasal dia takmau ambil vaksin. Sesungguhnya pundek orang yang menyebarkan berita palsu terhadap orang tua.. last last terpaksa cakap yang aku takkan balik ke kampung walaupun dia meninggal..then baru akur nak ambil..CEPAT LAA PERAK...,,,
"While my dad, nang pake nya tetak bila dpt forward message hal berita palsu vaccine/penawar Covid dlm group WhatsApp ğŸ¤£ tek siap pesan gik suruh daftar semua siblings and family members utk vaksin AZ esok. Prevention is better than cure katanya â˜ºï¸ https://t.co/hgZGWtxMfY",,,
"Aku tak daftarkan sekali ayah dengan aku masa fasa 1 vaksin Astrazeneca sebab nak yakinkan dia. Alhamdulillah, aku takde apa-apa komplikasi teruk pun. Semoga Allah memberi pengajaran khas untuk mereka yang menyebarkan berita palsu tentang vaksin ni.",,,
"Alhamdulillah syukur gilak mak sik mudah terpengaruh dgn berita palsu pasal vaksin. Nya siap nanyak gik macam ne vaksin tok berfungsi &amp; knk ada kes org positive Covid even dah dpt vaccine. Dgn berbekal ilmu Biology yg ada &amp; baca article yg sahih, I able to assure her â¤ï¸ https://t.co/usbFk9c6vR",,,
"@bibobagginses Ni la Jihad kt Msia. Jihad nk bg kesedaran vaksin. Dlu masa takda, kecoh psl nk dpt vaksin. Vaksin dh sampai,timbul isu anti vaksin dan info https://t.co/ZQXMnT6SvE makin penuh.Doktor n nurse tak cukup.ğŸ¤¦",,,
Ak pjk mk ak ssh2 kot ahd lps utk nk reg vaksin AZ.. pas tuh dia tgk video apa ntah kat youtube smlm.. hr ni dia ckap xnk la amik vaksin.. ya Allah.. stress nyea la ak ngn umat mnusia yg ska sebar bnda2 palsu nieyh.. seb baik dh xleh cancel once book.. tlg la stop share bnda xbtl,,,
"@adamakiif hanyalah lebih kurang 35k setiap hari, masalah pada vaksin skrg adalah, vaccine awareness

Lebih 10000 org yg didaftarkan utk mengambil vaksin tidak menghadirkan diri disebabkan takut dan percaya pada berita palsu.

Perkara ini menunjukkan jugak perangai rakyat tak cukup berilmu",,,
"@DanialAswad Ada org tu kerja jabatan vaksin dia kata vax az kalau nak takyah register esok pun, dia open je bebila ğŸ¤¡ Yang kata open esok tu palsu katanya ğŸ·",,,
siapa sebar berita palsu pasal vaksin- special place in hell for you â˜ºï¸,,,
Kak sepupu kerja ngan mak sedara kat kedai emas Pasar SK. Mostly peniaga kat sana dok sebar benda buruk pasal vaksin. Kesian dia dok kena layan mak cik pak cik yg percaya berita palsu ni sampaikan my aunt pun tak nak ambil vaksin,,,
@tattyhassan @AdDien90 @RafiCounsel â€œHari2 post jgn ambik vaksinâ€. Kena repot ni sebab menyebarkan berita palsu.,,,
"ğŸ˜‚Aku dah agak side sana kompen ada yg memilih pulak jenis2 vaksin.

Belum yg duk nyampai kematian palsu.

Ehhh ğŸ¤£ Kalau T20 mcm tetttt boleh je hulur nk dapt vaksin kesukaan.

Atuk  tersebut T20.",,,
"payah la nak pujuk orang anti vaksin ni , ni yg tak bagi orang tua main whatsapp ni, cepat beno baca dan dengor mesej berangkai , kome yg bagi cerita palsu tu nanti mati pandai la jawab dgn tuhan",,,
"#MUpdateinfo Kalau beginilah sikap kita berterus-terusan tenggelam dalam arus teori konspirasi dan berita palsu, nampak gayanya balik berhari raya memeluk mak ayah pun belum tentu lagi tahun depan.

Daftar lah sebagai penerima vaksin dengan segera.

https://t.co/S8WS7Neos9",,,
@YaaMarop_ @iHX_Kimilol @bntgprnh High risk pny negeri. Tp kata yg vaksin AZ nk bukak utk above 18 tu palsu. Haih. Ntahlaaa. Dh tu bilanya nk dpt vaksin semua org?,Tidak Percaya,,
"@Lisaamartatara4 @LaNyallaMM1 @DPDRI @YunainiOyik @_zildjianNostr @MrSmile80986555 @armuchsin Ngapain pada di retrwit, otak dungu vaksin palsu gini. 
Orang tuek, tp labil kaya paud. 
Menjijikkan ngotor2in TL gw",,,
"Parent aku dah kena kaunseling.. baru nak terima amik vaksin... Malam tadi lagi dah berdebat pasal vaksin dahh bhahahahhahahahahahahahha.. maleh aku ... Akhirnya, aku ngn adik aku gak yg menang... Dibantu oleh kaunselor...aku mintak tolong sangat... Jangan sebarkan berita palsu..",,,
"I donâ€™t have any issue dengan qila penyebar berita palsu vaksin tu punya appearance. Blue eyes or whatnot. Sebab educated anti vaksin yang berkemeja, berambut hitam dan cakap berhemah pun ada. Itâ€™s the ideology that we need to fight. Kalau boleh ketepikanlah soal penampilan.",,,
"Dari polis buat kerja tak berfaedah macam ini bagus pergi tangkap orang sebar berita palsu anti-vaksin, banyak tu berlegar dalam sini https://t.co/qUoBVK2qss",,,
"@IraKaza @amnisyazwina99 Ada yang pi Umrah, cari Dr yang boleh buat report palsu kata dah vaksin. Bayar sikit dekat dr tu.",,,
@HausofHilton Adehh byk sgt berita palsu.sampai rakyat takut nak terima vaksinğŸ˜ª,Tidak Percaya,,
@Afiq60173663 @bernamadotcom @MuhyiddinYassin sebab banyak orang agama yang bagitau benda palsu berkaitan vaksin,,,
"@baqim_ sama ye
i siap cakap
nak balik raya haji kena vaksin dulu
sekali zassss palsu
seronok la antivax berhujah nanti",,,
@idlia_ bukan fake news ke ty https://t.co/2VkFCh1R2O,,,
Aku punyalah beria kempen vaksin dlm group ws family ajak ibu ayah daftar vaksin harini. Sekali 'pendaftaran' vaksin tu palsu. Anjay.,,,
"Vaksin palsu saja di jual 
Apa lagi cmn omongan https://t.co/4W68b2o31R",Tidak Percaya,,
"Aduh aduh baru nak saited selamat check

https://t.co/yNaLa5C4yx",,,
@Lisaamartatara4 @LaNyallaMM1 @DPDRI @YunainiOyik @_zildjianNostr @MrSmile80986555 @armuchsin Omomgan penjual vaksin palsu kok dipercaya ğŸ¤®ğŸ¤®ğŸ¤®ğŸ¤®,Tidak Percaya,,
"@Fath1y One of the factors yes tapi aku rasa kena buat juga study untuk vaksin covid ni why people refuse. 

Fake news pasal vaksin covid ni jauh lebih banyak dari vaksinÂ² sebelum ni. Plus ada yang awalnya nak vaksin jadi tak mahu vaksin sebab termakan dakyah berita palsu.",,,
"Tanggapan Rawak

Mcm mana kalau penyebaran berita palsu pasai covid ni pun agenda yahudi? Depa nak kita mampoih segera kena covid sebab tak ambik vaksin. ğŸ¤”",,,
"@Afiq60173663 @bernamadotcom @MuhyiddinYassin Maybe sbb pihak berkuasa agama ni lebih dekat dgn rakyat dan tk was was la kalau diorang terang psl kebaikan vaksin . Skrg ni byk fitnah , byk berita palsu psl vaksin . Ibadat ni dekat mana mana pun boleh buat . Mungkin begitu ğŸ˜€",,,
Takda polis ke nak tangkap mak teh sebar dakyah palsu vaksin?,,,
"virus palsu dan alat tes penipu,
menghasilkan vaksin percobaan dan protokol kesakitan.
#Debut_Anniversary
#TetapTaatSyariat",,,
@ctsarahaishah @AzmiAhmadNasri1 @The_Mamu Jgn heran nak vaksin x caya tapi srt palsu antaq bantuan pi palestin caya plak...celah mana nk pi kalau vaksin x amik....,,,
"Biaq muka mcm cekodok janji tak sebaq benda palsu pasai vaksin! Muka lawa tapi dok buat palatao pasai vaksin, ni mula nak doa semoga hang kena ciken pop lekat lubang kat muka bertompok-tompok!!",,,
Pagi2 baru terfikir. Kenapa polis tak track mak teh yg sebarkan berita palsu pasal vaksin tu?! Kenapa nak cari orang yg troll pasal nilai je?!,,,
@aisarrose__ @mzszayn tu dia tweet sbb sebar pasal berita palsu vaksin,,,
@YanHarahap @panca66 @PDemokrat @DPR_RI @Edhie_Baskoro Haji pun bisa gagal krn vaksin palsu itu ğŸ¤£ğŸ¤£ğŸ¤£ğŸ¤£,Tidak Percaya,,
selamat pagi kepada semua kecuali kepada anti-vaksin yang suka sebarkan berita palsu sampai mak bapak aku terpengaruh,,,
Fakta vaksin covid-19 jatah napi di Sumut dijual oknum dokter ASN Rp270 juta. Berikut ulasan lengkapnya https://t.co/x1fR4IbedC,,,
"Liat berita yg swab palsu dll itu, langsung mikir.. ntar akan ada lagi vaksin palsu juga kayaknya.

Eh beneran ada dong. ğŸ™‚",Tidak Percaya,,
@dhiamhn i-...sape laa yg suka sebar crita palsu pasal vaksin niğŸ˜­ğŸ˜­,,,
"@balkehaneh @HausofHilton Kalau la dorang tahu rakyat palestin terhalang dr dapat vaksin ni.walhal :
1. Israeli plg ramai dpt vaksin
2. Nak bunuh org islam kenapa tak bg vaksin kat palestin sekali. 
Ish geram betul la penyebar mesej palsu ni,taksub agenda,semua benda agenda,yahudi pun pening kena fitnahğŸ¤¦â€â™€ï¸",,,
"Kesimpulannya, educate diri sendiri dan orang sekeliling melalui pembacaan dan fakta yang benar. 

Jangan sesekali percaya kepada mitos atau berita palsu yang vaksin ni agenda Yahudi. Yahudi pun takde masa nak fikir pasal kita, kita sibuk fikir pasal dia buat apa?",,,
@farisha_196 Ye palsu. Dr2 dan pengkaji. Bahkan SYEIKH IMRAN HOSSEIN pun xnak ambik vaksin. Dia tolak vaksin. Ko lg alim dari SYEIKH IMRAN HOSSEIN ke?,,,
Sek dio rama dok cayo nate covid nih. Pahtu takut mapuh kesey dari vaksin. Cayo la ko berito palsu. Hok betul ni dok cayo. Dok jadi barey dohh sek dio https://t.co/n0iOjHe4eQ,,,
"Yang saja2 pergi edit poster vaksin dan sebarkan berita palsu tu apa motif dia ?

Tak lain tak bukan utk tujuan buat rakyat marah.

Punya lah jahat perangai kan.",,,
@ImanNrainaa @redzuanNewsMPB Masalahnya memang berita palsu pun sebab arwah Haziq ambik vaksin Pfizer bukan AZ,,,
moga ada neraka khas untuk penyebar berita palsu terutama pasal vaksin ni,,,
Kepada yg sebarkan berita palsu pasal covid. Kaitkan covid dengan agenda yahudi. Kaitkan vaksin dengan cerita tak betul tu harap berhentilah. Kalau nak jadi antivaksin tak perlu nak ajak orang lain dengan cerita palsu. Duduk senyapÂ² dah. Jangan kerana 'kita' orang lain merana.,,,
"Sakit otak tengok twitter sekarang. Menteri bengap, golongan anti vaksin, netizen negative kuat bitter, manusia bengap tak cakna pasal covid, berita palsu.",,,
@lTHINKILOVEYOU Baca berita mcm fake news je?? https://t.co/jTJvFKsbiQ,,,
Akta Komunikasi dan Multimedia ni xboleh ka sabit kesalahan org2 Anti-Vaccine yg sebar fakta palsu pasal vaksin ni. Sampai effect org ramai ndak dtg ambil vaksin,,,
penat tau tak nak pujuk mak mak ni untuk daftar vaksin. penangan berita palsu lah ni. haih,,,
"Dikecam netizen akibat sebar berita palsu vaksin, seorang wanita tampil mohon maaf - https://t.co/KGBct8th5s https://t.co/pyluqtZwQ7",,,
"Wakil rakyat kita tidur ke? 

Mana kempen galakkan rakyat ambil vaksin? 

Mana usaha untuk arrange pengangkutan untuk warga emas dan OKU ke pusat vaksin? 

Mana inisiatif rumah ke rumah untuk lawan berita palsu dan antivaksin?

Tak perlu tunggu parlimen buka untuk buat kerja.",,,
"@jmosadika @P3nj3l4j4h_id @narkosun @03__nakula Bukan palsu, vaksin itu asli cuma nyolong dari sebuah institusi",Tidak Percaya,,
"Penerima vaksin tidak hadir temu janji selepas terpengaruh berita palsu Program Imunisasi

https://t.co/v2ogbU6Yzg
#onenews #covid19 #vaksin",,,
"Siapa dapat mesej / disampaikan berita yang daftar vaksin Astrazeneca:
- esok
- pukul 6 petang
- untuk umur 18 tahun ke bawah
INI ADALAH PALSU! Waktu je dah merepek buat pukul 6 petang. Lepastu takkan 18 tahun ke bawah je pulak. https://t.co/DPb1yREDO7",,,
"Kita kena bersungguh-sungguh melawan golongan anti-vaksin terutama yang menyebar maklumat palsu. Kalau tak, susah kita nak menang menentang wabak COVID-19 #LindungDiriLindungSemua",,,
Padahal paklang &amp; paksu aku dah vaksin. Still dia tak yakin ğŸ˜  aku still nak salahkan orang yang sebar cerita palsu,,,
@penatbuttercup Suka tau bagi harapan palsu kat anti vaksin,,,
"Seorang wanita diburu polis selepas menyebarkan berita palsu dengan mendakwa Kementerian Kesihatan (KKM) menyembunyikan punca sebenar kematian pemanah negara, Allahyarham Haziq Kamaruddin akibat pengambilan vaksin AstraZeneca. Ketua Polis Daerah Kajang,â€¦ https://t.co/shnJ2Ila4L",,,
Saya cadangkan utk tangkap penyebar berita palsu pasal vaksin pastu jd lab rat cam arnab tu kene.,,,
Dan polis or MCMC tak nak saman ke orang buat video konspirasi palsu tentang vaksin tapi yang di buat nya rampas telefon syed saddiq ğŸ˜”ğŸ˜”,,,
Orang dah pening nak jaga SOP apa ni boleh pulak sebar cerita2 palsu pasal vaksin,,,
LastÂ² vaksin AZ untuk 18yo dekat 5 negeri adalah PALSU ğŸ¤£. Tertipu tipah. Dah viral pastu palsu pulak,,,
Semoga ada neraka khas utk golongan yg sebar berita palsu pasal vaksin covid smpai mak aku pun ragu2 ğŸ’”ğŸ’”. Dia lagi percaya yg kt fb dari aku niğŸ˜­ğŸ˜­. Tapi saya akan fight habis habisanğŸ˜‚,,,
"Cuba kita semua diminta bertenang.
Dan sama-sama kita bantu antara satu sama lain dengan menenggelamkan puak antivaksin dari menyebar berita palsu....
Kenapa ramai tak vaksin???

Sebab berita yang tidak enak mengenai vaksin tersebar untuk menakut nakutkan orang ramai.",,,
"@umaigorgy2007 @pedoqpop Cuba tanya dlu dekat mana dapat tahu banyak meninggal lepas vaksin tu. Kalau setakat dekat ws tu takyah percaya, siapa2 boleh tulis fakta palsu",,,
Mesej daftar vaksin AstraZeneca 2.0 untuk 18 tahun ke atasÂ palsu https://t.co/g5Fd2M028G,,,
Tolonglah jangan mudah percaya benda palsu. https://t.co/Kg4mxnKIrp,,,
"â€œIkutlah nak ambil vaksin ke tak tapi akak dengar dalam vaksin tu ada covid.â€

Ya Allah, betul lah memang susah nak berhujah dengan orang yang buta ilmu ni. Dahlah buta ilmu, malas membaca pula tu. Terus percaya berita palsu tanpa unsur periksa.",,,
Rakaman video berdurasi tiga minit dan 34 saat itu turut mendakwa kematian Haziq berpunca daripada saluran darah tersumbat akibat pengambilan vaksin AstraZeneca. https://t.co/yhoZOOAenD,,,
"siapa sebar fitnah palsu pasal vaksin, keturunan dia semua hijau",,,
"For me, kerajaan gagal dalam advertise kebaikan vaksin dan menangani berita palsu pasal vaksin titik",,,
Polis boleh tak angkut semua orang yang sebar berita palsu pasal vaksin and covid ni ğŸ˜­ penat tau tak nak bebel kat group ws family hari2 nak betulkan balik semua benda. Geram tau,,,
"Antivax yg sebar propaganda palsu tu bodoh betul la .Mcm mahkamah dlam kes SRC pun ada gak .Dia dapat info bahaya vaksin dari mak dia yg katanya terima info dari  Doktor pakar.Bangang tahap biol.Takkan semudah itu percaya dgn maklumat tak sahih ,hanya dengar info pihak ketiga.",,,
"Twitter harini tentang :

1. Azmin ali kena maki duk sibuk lari atas treadmill
2. Aqila apetah yang sebarkan berita palsu tentang vaksin kena maki
3. Produk vitamilk kena maki

ada lagi?",,,
"Punya la ramai tengah tunggu dapat vaksin.

Warga emas diutamakan dalam program vaksin, malangnya ramai menolak. Ramai terpengaruh dengan dakyah teori konspirasi &amp;antivaksin.

Sayang program vaksin ada, tapi penularan info palsu menggagalkan. 

Tolong call mak ayah pujuk merekağŸ™ https://t.co/o8eTpGB7jC https://t.co/U79l6hml89",,,
"Selamba buat cerita palsu kematian akibat suntik vaksin, ramai desak Mak Teh munculkan diri! - â€œWahai Mak Teh air kelapa, kita perlu bincangâ€ - Viral | mStar https://t.co/kazi82WQjt",,,
Antivaxx ni kita kena lawan dengan fakta sebab apa yang dorang sebarkan tu semua palsu rekaan je. So kumpulkan segala fakta pasal vaccine kita sebarkan. Aku tak boleh biar je ada sorang antivaxx kat sekeliling aku ni dok hari hari hasut orang tak payah amik vaksin.,,,
"Polis membuka kertas siasatan terhadap individu yang disyaki menyebarkan berita palsu mengenai kematian pemanah negara Allahyarham Haziq Kamaruddin yang didakwa meninggal dunia akibat pengambilan suntikan vaksin Astrazeneca.

https://t.co/drchgK9VC5",,,
"Ada apa dengan negara ku ğŸ˜¢, antigen bekas, vaksin palsu, suntikan vaksin kosong saat vaksin ğŸ˜¢, dimana hati kalian weiiii",Tidak Percaya,,
"Walaupun my atok celik it, tapi dia tak terpedaya dengan dakyah2 palsu vaksin. Elok je gi ambil vaksin semalam.",,,
"Hampir 17% wanita dan 3% lelaki ada alahan terhadap nickel.

Kalau betul vaksin ada besi yang menyebabkan orang jadi magneto, Ramai akan mengalami kesan sampingan alahan.

Tapi Ini tidak berlaku.

Hentikan penyebaran berita palsu. https://t.co/a0uKTJhysm",,,
"Tolonglah jangan sebar berita palsu. Bahaya tau.
#mstar
https://t.co/kU6cuAjhc5",,,
kalau rakyat marhaen langgar sop laju je tgkap kan.. tu si kaki penghasut psl jgn amik vaksin bila nk tgkap?? blh mcetuskan huru hara negara dgn fakta2 palsu diaorg tu.. ğŸ˜‘ğŸ˜‘ğŸ˜‘ğŸ˜‘ğŸ˜‘ğŸ˜‘,,,
"Tular video memaparkan tuduhan kepada KKM, kematian Allahyarham berpunca daripada saluran darah tersumbat akibat pengambilan vaksin AstraZeneca- Polis
#sinarharian

https://t.co/nWdqatYIPj via SinarOnline",,,
"post sarkastik â€œnilai 3â€ pun polis nak siasat ke? 
aduhai.

baik siasat dan tangkap orang yang post cerita palsu pasal covid, vaksin tu.
itu lagi bahaya.",Tidak Percaya,,
Harap-harap orang yang sebar berita/maklumat palsu psl vaksin ni mati awal la,,,
"Mungkinkah ketika waktu biasa pentasÂ² agama diperguna SESETENGAH agamawan utk melawak, politikkan agama dan sebar hadith palsu &amp; cerita khurafat, lalu ketika bencana kita sukar utk mendidik masyarakat berfikir ilmiah, menerima hujah sains &amp; rasional hingga akhirnya tolak vaksin?",,,
"Tular video memaparkan tuduhan kepada KKM, kematian Allahyarham berpunca daripada saluran darah tersumbat akibat pengambilan vaksin AstraZeneca- Polis
#sinarharian

https://t.co/Lecrj9XmXp",,,
"Hipotesis: Jika pemberian vaksin lambat maka lebih banyak berita palsu tentang vaksin disebarkan.

Kesimpulan: Jangan dok mesyuarat tak habis. Buatlah plan vaksin yang progresif/efektif untuk satu negara dan bukan hanya satu negeri. Biar Mak Teh tak sempat hantar voice note baru.",,,
"@draensaari @_nrndya Boleh tak kita start sebarkan berita palsu like vaksin ni putihkan kulit, panjangkan blehbleh, kuruskan badan since like our masyarakat kan suka benda ceni. Btw ni idea memain je",,,
"Polis buru individu sebar berita palsu vaksin AstraZeneca, sebab kematian Haziq Kamaruddin https://t.co/J9KXgjeK2n",,,
"Hahaha tak yah bising2 dahh.

Polis tengah cari perempuan ni. Sembang kemainn

https://t.co/pXoO4lOMaR https://t.co/NQwE5CCAGP",,,
"#BHnasional Seorang wanita mendakwa kematian Haziq disebabkan saluran darah tersumbat akibat pengambilan vaksin AstraZeneca, tuduh KKM sembunyikan punca sebenar kematian.
https://t.co/3N7WlWaa4A",,,
"Polis buka kertas siasatan terhadap individu yang disyaki menyebarkan berita palsu mengenai kematian pemanah negara Allahyarham Haziq Kamaruddin yang didakwa meninggal dunia akibat pengambilan suntikan vaksin Astrazeneca

https://t.co/tMzzZfMSYW https://t.co/k4Cg5WtYch",Tidak Percaya,,
"@baqim_ iklan kat tv pun macam nyeh. hi, saya dari industri seni, nanti dapat vaksin. aku cam tu je??? bila ada berita palsu pasal vaksin pakat diam tanak jawab kat national tv. pastu bising orang tak daftar eyyy",,,
"Semakan Astro AWANI mendapati video tersebut telah diturunkan daripada akaun berkenaan dan pemiliknya memuat naik hantaran permohonan maaf

 https://t.co/8U3keKc1ae",,,
"@drzul_albakri @_muhaimin26 Mgkin mereka fikir dh bersedia utk menghadap Allah SWT. Kdg rasa mcm nk menyerah kalah je bila berhadapan dgn puak antivaxx dan orgÂ² tua yg dh termakan dakyah palsu ttg vaksin. Dia pnye keras hati tu, mcm pembawa dakyah palsu tu manusia yg plg betul dlm dunia ni. Geram betul",,,
"@vince_zack I nak marah kerajaan kita sesangat ni sebab apa tau:

1. Lembap sangat dalam mengagih vaksin

2. Tak amik tindakan kat penyebar2 maklumat palsu berkenaan vaksin

Which made antivaksin punya dakyah berleluasa. Gov x tahu ke lambatkan vaksin akan bykkan misinfo terhadap vax? Bodo.",,,
Open laa untuk 50 tahun keatas. Mak abah aku tengah yakin dengan vaksin ni. Takut lama lama nnti dorang terpengaruh dengan berita palsu pasal vaksin.,,,
"Pendaftaran ke-2 vaksin AZ dah dibuka!

Setakat ni yang dah divaksinasi semuanya bagi maklum balas positif. Jadi, henti sebarkan berita palsu &amp; lindungi diri anda dengan mendapatkan vaksin ok?

Nanti kita boleh tonton wayang dengan rasa lebih selamat! ğŸ‰ #LindungDiriLindungSemua https://t.co/mis8qM02e4",,,
"Isu penularan di WhatsApp &amp; media sosial mengenai pemberian vaksin kepada penduduk di sekitar Bandar Seri Putra.

Pihak PKD Hulu Langat  menegaskan bahawa maklumat tersebut adalah PALSU/ FAKE NEWS, ianya tidak dikeluarkan oleh PKD Hulu Langat dan KK Br. Seri Putra. https://t.co/u7dAhI8e3G",,,
"Track down sakai acc yang sebar berita palsu vaksin ni, bukan acc yg TROLL N9 tu. Org semua tau benda tu lawak, tapi berita palsu mcm ni effect dia kt org2 tua. https://t.co/r9S5EB1EXj",,,
@redzuanNewsMPB @asrulmm Polis perlu track down setiap seorang penyebar berita palsu tentang vaksin. Kenakan tindakan tegas untuk jadi iktibar. ICU dah tenat. Frontliners dah penat. Kita sekarang sedang berlumba dengan masa. We canâ€™t afford to have people cancelling their vaccination slot all the time.,,,
"jgn mau rakyat vs rakyat, mari bersatu lawan perbudakan melalui virus palsu dan alat tes penipu, yg menghasilkan vaksin percobaan.
#ibhrsvskhofifah",Tidak Percaya,,
Peredaran Vaksin Covid-19 Palsu Guncang Dunia https://t.co/2slU7qMf9Q,Tidak Percaya,,
"Polis sedang kesan suspek terlibat rakaman video papar berita palsu Vaksin Astrazeneca punca kematian pemanah negara. 

Video papar tuduhan kepada KKM punca kematian Allahyarham Haziq Kamaruddin berpunca saluran darah tersumbat akibat pengambilan Vaksin Astrazeneca-KPD Kajang https://t.co/toWBF2NDva",,,
"Berita palsu tentang vaksin Covid-19 terus timbul. Walaupun ramai orang hendak vaksinasi Covid-19, masih ada yang terkeliru.
     Vaksin Covid-19 membawa kebaikan.",,,
"@Partono_ADjem Semakin mengadi ngadi  dan semakin fiksi ğŸ˜€,,,apkah nakes itu ga ngikutin prokes?,,apakah nakes belum di vaksin?,,coba dicek alat testny,,asli atau palsu,,,?",Tidak Percaya,,
"Kes mencecah 7k, apa lagi yang anda nafikan ğŸ¤”? Sila lah peka dengan keadaan sekeliling. Lihatlah berapa ramai yang meninggal tetapi masih lagi tidak percaya ğŸ˜°.

Tolong jangan sebar berita palsu tentang vaksin. Sila lah ambil vaksin untuk kepentingan diri dan orang lain ğŸ¥°",,,
"Aku tak heran dah nak masukkan berita palsu pasal vaksin ni dekat dalam group family. Yang penting mak aku dah vaksin, tok nenek aku dah vaksin. Khalas. Kalau kita kumpul sedara mara yg penting 3 ni dah takde risiko tinggi. Yang lain AOR.",,,
"Masa mula2 haritu dh ok tau sbb dengar forum perdana Vaksin tu, lepastu keluar vaksin jnis AZ ni terus mcm ğŸ– penyebar berita2 palsu. Based on this pic, aku bersuara dlm gp family besar aku sbb sebar video nth apa2. Yes, aku sanggup jadi kurang ajar kalau benda tu palsu. https://t.co/imrgqIB5bK",,,
Takde siapa ke report media sosial yang sebar berita palsu pasal vaksin?,,,
"Aku harap sangat kerajaan tangkap, saman, penjara orang yang hasut orang lain untuk jadi antivax, orang yang sebarkan berita palsu tentang vaksin, admin dan ahli group whatsapp antivax, orang yang menimbulkan katakutan tentang vaksin dan segala yang terkait dengan agenda antivax",,,
"@ismitamyas Jadi takut buat di vaksin ğŸ™ƒ, sempat vaksin palsu apa gaaa ngeri",Tidak Percaya,,
"Sebar berita palsu pasal vaksin â¡ï¸ orang takut nak ambil vaksin â¡ï¸ kena covid lepastu mati

Best jadi pembunuh?",,,
"a) Masker wajah/sanitizer APD palsu
b) Vaksin/kit pengujian laborayorium yang dipalsukan
c) Benzodiazepin dan hipnotik sedatif serta obat penenang lainnya
d) Obat golongan steroid anabolik. https://t.co/DQCtfhuLDw",Tidak Percaya,,
Hentikan sebar berita palsu untuk menakutkan orang ramai. https://t.co/T8SHigALXh,,,
"@jokowi, @budigsadikin, @erickthohir, batalkan vaksinasi mandiri, #VaksinasiMandiriGakAdil! - Tandatangani Petisi! https://t.co/k08nViP9Eg via @ChangeOrg_ID

-vaksinasi gratis dong, rakyat sudah dirugikan oleh swab antigen palsu dan vaksin ilegal, masa skg mesti kecewa lagi?-",Tidak Percaya,,
"Di Indonesia udah ada blm?
https://t.co/7fIoHryt8q",,,
"Niat nak ambik vaksin tu untuk hindari penyakit which is harus in islam, kalau kau niat nak datangkan fitnah atau buat cerita palsu maka kau la yang salah",,,
Sakit hati dgn org yg sebar berita palsu tu tak termasuk dgn org dok percaya vaksin buat org mati.. ko nk mati sorang2 ke nk mati and org boleh ziarah ko? Arghhhh,,,
"kempen suh ambik vaksin dah hampir tahan word of mouth dah ni. 
grup whatsapp family pun dah start bertanya bila nak ambik vaksin. takde sebar berita palsu pasal vaksin",,,
@putrzren Ye Put. Celaka lah golongan yg sebarkan benda palsu pasal vaksin dekat whatsapp semua ni.,,,
Isu berita palsu pasal vaksin pun tak buat pape. Tak boleh ke buat satu statement siapa yang sebarkan berita palsu vaksin kita akan tangkap,,,
@SangGuru2471 Liat vaksin palsu inget mbak kita yg satu itu,Tidak Percaya,,
"Semoga Yang Telah Divaksin Tetap Sehat.

Heboh Dunia Diguncang Peredaran Vaksin Covid-19 Palsu  https://t.co/08QLX9AXc4",,,
Rakyat je la yang dok beria lawan berita palsu pasal vaksin. Yang sanggup bergaduh dgn ahli keluarga sampai bermasam muka sebab nak pujuk ambik vaksin. Kerajaan dengan rasa ego nya buat kerja macam dia terpaling struggle. Padahal buat apa pun tak tahu.,,,
"Bisabisanya vaksin di KW in
https://t.co/77WaByRzrN",,,
"Oh My God!!...Heboh Dunia Diguncang Peredaran Vaksin Covid-19 Palsu 
https://t.co/MGaU46Yopq",Tidak Percaya,,
My mom dulu okay je pasai vaksin ni. Astu lama kelamaan terhasut dengan forwarded message dalam whatsapp. Harey sungguh manusia hat dok sebaq berita palsu ni. Buat takut orang ja.,,,
Dunia Dihebohkan dengan Peredaran Vaksin Covid-19 Palsu https://t.co/g5QBxGSLbQ,Tidak Percaya,,
"Tolong, ambil vaksin. Berhenti percaya forwarded message yang palsu. Berjuang demi keluarga. InshaAllah dengan izin Allah semua akan berhasil. Ada banyak perkara boleh jadi asbab kematian, bukan sebab vaksin je.",,,
Peredaran Vaksin Covid-19 Palsu Guncang Dunia https://t.co/GmYgYeCr6X,Tidak Percaya,,
"Jenis kaki konspirasi, antivax, yang buat cerita palsu pasal vaksin dengan covid ni aku doa semua ahli keluarga dia mati kena covid kecuali diri dia.",,,
Untuk orang orang yang sebar berita palsu pasal vaksin https://t.co/oyRNpKblpq,,,
"@MsiaChronicle sapa kata vaksin, bebas dari virus ğŸ¤¦ğŸ»â€â™€ï¸kalau bebas, mask tu dh boleh jual balik..aduhh...tolong haba1 kat parent jugak tau...parent kita senang tercemar dgn informasi palsu,, fwd itu ini, aku pang kang,,",,,
Kes covid-19 dah nak 7000 tapi ada orang b*d*h masih nak sebar berita palsu pasal vaksin. Kau tak membantu apa2 pun. Buat keadaan jadi huru hara je.,,,
"Laju. Harap siasatan audio mak teh, berita palsu tentang covid, tentang vaksin sama laju juga. https://t.co/H2FCygsnu8",,,
"@tlyadeen Isu Vaccine ni lagi la. Berapa banyak maklumat palsu, video, mesej, voice note takde satu pun kena tindakan. Memang saja biar ke. Pastu balik ke rakyat; tolak vaksin, cancel appointment, tak daftar lansung pun ada.",,,
"@heyycaarl Org tak ""woke"" lg, org tatau kita boleh tolak vaksin. Dakyah barat x sampai lagi. Maklumat tak tersebar secepat skang. Dan kebanyakannya maklumat palsu yg paling cepat tersebar sbb incite fear. ğŸ¥²",,,
"Mula-mula kata Covid palsu.
Lepas tu kata vaksin agenda yahudi.

Sekarang tuduh doktor suka-suka nak intubate tak ada sebab.

Iblis ya perangai masing-masing.
Memang sejenis hati tak pernah tenteram, ada je dakyah palsu korang nak sebarz

Buat penat frontliner kerja tiap hari.",,,
"Tak Hanya Di China, Peredaran Vaksin Covid-19 Palsu Juga Terjadi di Negara Ini https://t.co/2M4GPSIW4I",Tidak Percaya,,
tak yang anti vaksin ni kan kau tak nak amik dah lah eh tak payah sibuk nak sebarkan berita palsu hak alah,,,
"Sudah adakah yg masuk RI? @KemenkesRI mesti waspada.
Bnyak pnjahat yg sdg mmbidik, ""kapan kita bisa masuk ke dalam game ini"".
https://t.co/aojX89gpF4",,,
Heboh Dunia Diguncang Peredaran Vaksin Covid-19 Palsu https://t.co/ZLkqSfXuYx,Tidak Percaya,,
"Nak nasihat parents suruh amik vaksin dah susah, nak suruh jgn percaya berita palsu lg payah. https://t.co/OVxNaKU9LX",,,
Buatlah akta untuk orang yang sebar cerita palsu pasal vaksin niâ€¦bangang punya instafamousâ€¦.dahlah rempitâ€¦,,,
@JKJAVMY betul ke pendaftaran vaksin AstraZeneca utk org bawah 60 tahun akan dibuka pada 26 May 2021 atau ini hanya berita palsu ?,,,
@Herlin_673YP Habis di suntik vaksin palsu ya...kesurupan gitu...,Tidak Percaya,,
"Sokong @PDRMsia rampas akaun yang tak habis sebarkan berita palsu / berita yang mempersoalkan kredibiliti KKM dalam usaha tangani COVID-19.

Golongan mereka sangatlah bahaya dan sekadar menyukarkan lagi program pemberian vaksin. https://t.co/CithnS3vU7",,,
"Kang aku daftarkan mak aku, siapa lak nak hantar vaksin mak kat jb nun sana.

Kerajaan mmg takde inisiatif nak counter antivaks ni ke?
Tarik sikit penyebar berita palsu masuk mahkamah. Letakkan dalam berita hujah hujah dalam mahkamah.

Ni tak.""saya sudah vaksin, Anda bila lagi""",,,
"ELAKKAN MENYEBAR MAKLUMAT PALSU/TIDAK PASTI (VAKSIN DLL)

'(Ingatlah) ketika kamu menerima (berita bohong) dari mulut ke mulut &amp; kamu katakan dengan mulutmu apa yang tidak kamu ketahui sedikitpun &amp; kamu menganggapnya remeh, padahal dalam pandangan Allah itu soal yang besar'",,,
"@kakmich Waktu darurat ni patutnya buat undang-undang baru: Siapa yang didapati bersalah menyebarkan berita palsu berkenaan COVID-19 dan vaksin, denda RM50k atau/dan penjara minimum 3 tahun. Baru la betul utilize kuasa darurat. Ini pergi approve budget dewan RM35juta ğŸ¤¦ğŸ»â€â™‚ï¸",,,
"@blueyesmiIe aaamiinn!!! belom vaksin keduaaa. jadwalnya masih tengah juli pfft lama bgt kan
udah periksa ontiiines kemarin jumat. dimajuin krn ibuk udh semingguan suka kontraksi palsu, perutnya suka suakit bgt. kirain kenapa2 eh gapapa ternyata wkwkwk emg ibuk aja parnoan :)",,,
"Berita palsu pasal covid dan vaksin tengah meluas, @saifuddinabd buat dono je, bila kritik gov, mintak bukak parliment, buat siasatan dekat rakyat mati dalam tahanan polis, laju je IPD Dang Wangi panggil. #kerajaangagal",,,
"takda sapa ke tulis warkah dari doktor dalam bahasa melayu untuk vaksin and covid nii, senang post kat whatsapp, bagi parents baca... kalau nak lawan guna berita palsu di whatsapp meh kita lawan guna berita betul.. geram aku ada orang asyik sebar benda tak betul eee",,,
"@Shahirahzai Dan kalau tk nak vaksin, duduk diam2. Jgn duk sebar berita2 palsu. Kerana korg2 ayah aku tk nk amik vaksin. Sbb percayakan mulut2 anti-vax ni lah. Issshh geram je rasa",,,
Cilaka orang whatsapp sebar berita palsu pasal vaksin sampai nenek aku takut nak vaksin ! Alhamdulillah lepas terangkan..berjaya pujuk dia !,,,
"haha pompuan ni kata dr tu suruh pesan pada kawan kawan semua jangan ambil vaksin, bila dah viral tiba tiba suruh buat permohonan maaf n suruh cakap pompuan ni buat cerita palsu. nampak sangat dr tu gunakan kau je, bila dah nak jadi kes polis menggelabah tetek suruh mohon maaf ğŸ¤£ https://t.co/gNIDT8XoFa",,,
"makin dibiar, x amek tindakan, makin seronok dorg sebar berita palsu, makin ramai jugak la org percaya berita palsu pasal covid dan vaksin

tapi menteri komunikasi ni diam je, langsung x keluar kenyataan ke apa

gaji dah 5 6 angka sebulan, masih xtau buat kerja?

#KerajaaanGagal",,,
"antivaksin byk buat hal, keluarkan statement palsu demi menakutkan orang pasal vaksin dan covid

apa menteri komunikasi buat? kenapa tak amek tindakan kat dorg? mana team komunikasi utk counter balik kenyataan palsu dorg?",,,
"Hahaha.. rambut dah kaler pinkish, pemalas pulak tu. Ada hati nak cakap covid n vaksin ni palsu. Kesian ko dik, gelap masa depan ko ğŸ¤­ https://t.co/tYSYg1J8A5",,,
@elmooo____ Saya pun marah gak dgn antivac yg sebarkan maklumat palsu pasal vaksin atau covid. Sampai org tua terpemgaruh,,,
"Sudah sudah la tuh sebarkan berita palsu bunga cengkih bagai kesian tau kat mak ayah orang dah tak pasal pasal tak nak amik vaksin!! 

#Baterikong #COVID19 https://t.co/2JbhWci3k8",,,
"Dah hasut orang lain jangan vaksin and bagi dakyah palsu lepastu mintak maaf. Shame on you la.

If you want to die, just die alone la. Dont create mess",,,
Tolong dong pelaku vaksin ilegal/vaksin palsu enaknya hukumannya disuntikkin vaksin nyağŸ˜¼,Tidak Percaya,,
Dari tahun lepas aku senyap je bila ada berita palsu pasal covid ni sebab aku malas nak engage dekat ws family tapi bila lepas dapat vaksin haritu aku macam semangat lain macam.,,,
"Puas sikit dah daftar abah vaksin, dahlah banyak group whatsapp suka sebar benda palsu apo",,,
"Kementerian Kesihatan (KKM) menafikan dakwaan kononnya vaksin COVID-19 adalah racun, hingga mengakibatkan 40 jururawat meninggal dunia selepas disuntik, seperti yang tular di media sosial.

#GetaranMY | #Semasa  https://t.co/dYijThpdEY",,,
Majoriti yang mengambil Vaksin ialah bangsa Cina. Mereka dapat maklumat yang tepat mereka terus simpan dalam kepala... Melayu pulak banyak menggeledah tong sampah mencari info yang palsu &amp; rekaan semataÂ² pasal keburukan vaksin...,,,
"@Gilang_Mahesa Kalau pas Jumatan kemarin, bapack2 bilang: ah yg penting mah sertifikat vaksinnya. Nt jga ada yg jualan sertifikat. Ijasah palsu aja banyak apalagi cuma vaksin. ğŸ¥²ğŸ¥²",Tidak Percaya,,
"Isu penularan di WhatsApp &amp; media sosial mengenai pemberian vaksin kepada penduduk di sekitar Bandar Seri Putra.

Pihak PKD Hulu Langat  menegaskan bahawa maklumat tersebut adalah PALSU/ FAKE NEWS, ianya tidak dikeluarkan oleh PKD Hulu Langat dan KK Br. Seri Putra. https://t.co/rsaoRz4RaP",,,
Nasib baik la family x terikut dngn berita2 palsu kt whatsapp pasal vaksin. Alhamdulillah semua org okay ja kalau nk vaksin,,,
Berita palsu pasal vaksin lagi cepat tersebar berbanding kadar pemberian vaksin. Itulah orang gesa dipercepatkan pemberian vaksin.,,,
"bila org yg lg bijak dari doktor berbicara, orang2 yg sama sebarkan dakyah2 vaksin palsu https://t.co/kvyrmwBybx",,,
"BERITA PALSUâ€¼ï¸ 

Pejabat Kesihatan Daerah (PKD) Hulu Langat dan Klinik Kesihatan Bandar Seri Putra TIDAK PERNAH mengeluarkan kenyataan seperti yang tular di WhatsApp dan media sosial mengenai pemberian vaksin kepada penduduk di sekitar Bandar Seri Putra. https://t.co/d4NPgzssdF",,,
Harap vaksin parent aku dipercepatkan since diorang tak terpengaruh lagi dengan berita palsu. Takut aku tengok orang tua yang tak percaya covid ni,,,
"aku bersyukur sebenarnya mak ayah aku takda smartphone so mostly dorang akan dapat info pasal covid ni dari kitaorg adik beradik. suruh daftar vaksin ke, halÂ² pkp ke semua kitaorg uruskan, senang takyah gaduh pasal berita palsu semua tu ğŸ˜‚",,,
Tun Dr Mahathir bidas pihak anti vaksin harus tanggung dosa sebar dakyah palsu - https://t.co/Q8jnM23OxH https://t.co/QpTkaAf8vl,,,
"@najihahshahrel lepastu sendiri yg membolehkan rapat saf dizaman pandemik ni. 

Hasut org lain tak payah amik vaksin, sebarkan berita palsu. Obses dgn konspirasi semua. 

Dosa sebar berita palsu tu dah satu, dosa memudaratkan org lain tu satu.",,,
"KUALA LUMPUR: Tindakan Ketua Menteri Pulau Pinang, Chow Kon Yeow menyogok kerajaan menggunakan surat palsu membabitkan tawaran percuma dua juta dos vaksin Sinovac menunjukkan sifat lemah kerajaan negeri itu.
- Harakah Daily",,,
"sebenarnya ada ramai ja orangÂ² tua yang macam ni datang klinik, minta tolong daftarkan &amp; nak vaksin ni sebab depa ni tak ada telefon yg canggih &amp; jauh daripada info palsu yg sering disebarkan melalui ws/media sosial yg suka menakutkan orang drpd ambil vaksin https://t.co/tuzUDTMMx8",,,
Bekas perdana menteri Dr Mahathir Mohamad hari ini menempelak golongan yang menyebarkan berita palsu mengenai vaksin. Ahli parlimen Langkawi itu pada ciapan di Twitter mengulas rakaman suara tular daripada individu yang menggelarkan dirinya â€˜Mak Tehâ€™.â€¦ https://t.co/0Ct5z8MZk4,,,
Bekas perdana menteri Dr Mahathir Mohamad hari ini menempelak golongan yang menyebarkan berita palsu mengenai vaksin. Ahli parlimen Langkawi itu pada ciapan di Twitter mengulas rakaman suara tular daripada individu yang menggelarkan dirinya â€˜Mak Tehâ€™.â€¦ https://t.co/JKJNyJL5GU,,,
"Tun M bidas 'Mak Teh', pihak anti vaksin harus tanggung dosa sebar dakyah palsu https://t.co/pkcUYbgES6",,,
Dia reply rawatan herba pulak ğŸ˜Œ hahaha takpa. Masih boleh terima lagi. Jgn keluar berita palsu pasai vaksin ja. Hat tu no kompromi ğŸ™…ğŸ¼â€â™€ï¸,,,
"BERITA PALSUâ€¼ï¸ 

Satu audio berdurasi 2:48 yg menyatakan bahawa ada seramai 40 orang jururawat meninggal dunia dan mendakwa vaksin COVID-19 adalah racun adalah satu dakwaan yang TIDAK BENAR sama sekali. 

Orang ramai dinasihatkan agar tidak mudah percaya dgn sebaran palsu spt ini https://t.co/RHo0krRZSP",,,
"Alhamdulillah parents aku nak vaksin. Tak terpengaruh dengan mesej palsu di whatsapp. Alhamdulillah sangat sangat. Selagi kita boleh ikhtiar, kita ikhtiar. Jangan jadi bodoh dan berserah semua kepada Allah s.w.t. Tawakal hanya bila kita dah usaha sehabis baik, bukan tawakal je.",,,
Polis mula siasat kes tawaran palsu vaksin Covid-19 Pulau Pinang https://t.co/K7HIjmZSkP https://t.co/IKLigjj5Rv,,,
"@XXXbyefelicia @JKJAVMY @KKMPutrajaya @PDRMsia Dengar drpd mana sebenarnya 40 orang nurse mati sbb vaksin tu?? Mak bapak aku pun terpengaruh. Sekarang satu hal pulak aku nak cerita satu-satuğŸ˜¤

Aku doa siapa yang buat berita palsu ni dapat balasan berat kat sana nantiğŸ™‚ Menyusahkan orang u know?",,,
"ANTIVAKS TOLONG LAA STOP SEBARKAN MAKLUMAT PALSU PASAL VAKSIN! Penat aku nak bidas hujah2 bodoh diorang ni. Masalahnya yang percaya tu selalunya org tua faham tak? 

KORANG BUKAN BAWAK UNTUNG KAT MANUSIA SEJAGAT PUN, KAU UNTUNG SORG2 SEBAB KAU JUAL PRODUK BODOH KAU TU!",,,
"@DaudMDM Semua menteri atas tu yg tak buat kerja, golongan kayangan double standard, melayu yg sebarkan berita palsu pasal vaksin, hampa semua babi.",,,
to those yang sebarkan benda palsu pasal vaksin i hope you rot in hell,,,
ingatkan dlm kluarga kecik aku yg 4 kerat manusia ni je takde yg terpengaruh dgn info palsu vaksin rupanya bapak sendiri buat hal. Lg percaya whtsp nonsense drpd anak sndri yg dia berhabis duit hantar belajar tinggi2.,,,
"Jangan2 Temen nya si @Lisaamartatara4 , sama2 Penipu Vaksin Palsu https://t.co/78iJrvvlTP",Tidak Percaya,,
"Government walau Tak function better tngkp orang yang sebar covid-19 ni hoax,takutkan orang tua yang nak ambik vaksin,buat cerita palsu.Daripada dok siasat benda bodoh2 je",,,
Sbb tu aku kata ni wabak fitnah. Umat islam gaduh tak sependapat spread benda palsu. Why not we just follow the sop ambil vaksin dan bertawakkal kepada Allah. Instead of tuduh sana sini agenda yahudi itu ini https://t.co/WsLk2udCEC,,,
sebenarnya cerita palsu tentang vaksin &amp; covid19 boleh dibanteras secara efektif sekiranya komunikasi kerajaan tu power.,,,
"LGE bukan sahaja membuat tuduhan melulu berdasarkan pada surat yang berkemungkinan tinggi adalah palsu, dia juga mencabar CM Penang untuk mendapatkan bekalan vaksin tanpa kebenaran kerajaan persekutuan.",,,
"Sape yg pergi forward,sampai mak ayah aku percaya benda ni.Satu audio berdurasi 2:48 yang menyatakan bahawa ada seramai 40 orang jururawat meninggal dunia dan mendakwa vaksin COVID-19 adalah racun adalah satu dakwaan yang tidak benar sama sekali.KKM dah sahkan di fb yg ia PALSU. https://t.co/vCJ1Z0CKYO",,,
"@H_Bakkaniy ramai dah sebar berita palsu pasal vaksin, covid...tapi menteri berkenaan mcm takde team utk counter balik dakwaan geng2 ni, jadinya makin banyak la org percaya berita palsu pasal vaksin dam covid

bazir duit je bayar gaji 5 ke 6 angka sebulan kat menteri ni kalau takde function.",,,
"Tugas tugas mengekang covid ni semakin sukar dengan wujudnya covidiot. 
1. Kerajaan yg buat SOP Ketattttt sangattttt. 
2. Penyebar maklumat palsu yg membuatkan orang orang mudah terpengaruh rasa covid ni x real, vaksin ada magnet dan hidu aroma cengkih. 
3. Neelofa. Tibahhhhhh",,,
"Doktor yg patut explain pasal vaksin ni selamat utk orang berumur pun, sampai dah keluar hujah dosa pahala sebarkan berita palsu dalam whatsapp. Parah betul masyarakat",,,
"MEMANG CELAKA ORANG YANG BUAT CERITA PALSU PASAL VAKSIN, YANG CAKAP CARA CARA MACAM NI BOLEH SEMBUH. MEMANG BODOH KAU MEMANG SIAL",,,
"Masa awal awal covid muncul, semua cakap covid palsu mainan kerajaan. Pastu vaksin muncul cakap pula vaksin palsu racun bagai. Korang nak apa sebenarnya? ğŸ¤¦ğŸ»â€â™‚ï¸ https://t.co/fBZ3LPTWQJ",,,
"Mahathir bidas 'Mak Teh', pihak anti vaksin harus tanggung dosa sebar dakyah palsu https://t.co/u7O8BDfwy2",,,
@dr_koko28 @msaid_didu Saya masih sulit  mempercayai seorang dokter bisa melakukan itu bila tahu bahwa itu vaksin palsu.,Tidak Percaya,,
"â€œKalau mati, Mak Teh lah yang bertanggungjawab. Kalau dosa, dosa Mak Teh lah.â€

#ICYMI #AWANInews #AWANIpagi #HapusCOVID19

https://t.co/7grTMnqb8a",,,
"Bukti cinta adalah vaksin, bukannya pelukan dan ciuman palsu bersalutkan coronavirus.
Sebarkan kepada yg tersayang â¤ï¸ https://t.co/7YoA64XBXM",,,
"Mahathir bidas â€˜Mak Tehâ€™, pihak anti vaksin harus tanggung dosa sebar dakyahÂ palsu https://t.co/8GMHGU59NB",,,
"Part anti-vaksin tu pun 1 hal..

Lately ni byk lambakan misleading info &amp; bersifat menghasut org ramai..

Kita dlm darurat kan? Tp ape tindakan @kkmm_gov dlm mengekang?

Sekadar suh umum hentikan sebar brita palsu? Itu je?

Offensive laa sikit... https://t.co/5jUgO9kMhx",,,
@IzzyWafi Dia takut pun still dia nak amik vaksin daripada orang yang duk takut2 kan orang lain dengan berita palsu pasal vaksin.,,,
"Pagi2 kena berperang fakta dengan pakcik yang suka sebarkan fakta palsu tentang covid dan vaksin. Waktu cuti boleh laa layan baik2. Takut waktu bizi TERmaki jeee dah susah sangat nak faham jangan sebarkan dakyah mengarut.

Doakan kesabaranku.",,,
"Tun M bidas 'Mak Teh', pihak anti vaksin harus tanggung dosa sebar dakyah palsu https://t.co/wpGdyJSUGs",,,
Aku pon sanggup la kuar duit utk vaksin ni drpd nk tggu pkp ni habis memang harapan palsu la https://t.co/Wy3aClj6Us,,,
"Siapa? 

Orang yang pentingkan diri, berjalan sana sini macam takdak hari esok. 
Orang yang langgar SOP. 
Orang yang sebarkan berita palsu. 
Orang yang tak mau kena suntik vaksin dan dia hasut orang lain. 
Orang yang tak ambik berat untuk educate their family about this virus.",,,
"My mama will get her first dose of vaccine today, Alhamdulillah â¤ï¸ syukur my family members tak ada nak sebar berita palsu pasal vaksin",,,
"@faridism @dr_koko28 Vaksin Illegal gak harus sama dgn vaksin palsu, illegal itu artinya tanpa izin resmi dari yg berwenang tapi bisa saja vaksin nya sendiri asli, kalo vaksin-nya asli meski illegal ya tetap saja mampu memberi pelindungan jadi bukan php",,,
"Rayuan pada manusia yang masih tak percaya COVID itu wujud. ğŸ™ğŸ» 

Sudahlah sebarkan kat WhatsApp berita palsu, ramuan ubat herba dan bahaya vaksin.

Aku ni nak merasa jumpa mak ayah balik, habis sebak dah tengok video ahli keluarga yang tak sempat bersua dengan pemergian mangsa.",,,
"Isyarat 100 tahun dalam surah Al-Baqarah 259 â˜œ
Adalah 100 tahun kebenaran akan menguasai kegelapan palsu eropa!

Mereka tampil, seakan-akan benar-benar sebagai pencerah bumi, padahal Vaksin yang mereka jual belikan, itu perdagangan rugi (palsu). (Al-Baqarah 16) https://t.co/zTNstxHg3a",,,
Off reply. Good job @KKMPutrajaya. Kalau tak memang aku maki dah kat ruangan reply tu. Suka hati ko la kerajaan. Penat aku. Dengan mak ayah aku tak nak vaksin sebab percaya berita palsu pasal vaksin tu. Aku berdebat cakap aku tak percaya dengan kuasa Allah. Eh sudah la https://t.co/7Wd4fYmjwg,,,
"Ada neraka khas untuk kaum yg buat berita palsu, hoax dan video konspirasi pasal covid &amp; vaksin",,,
"@irhamzin1 @imjansana Thanks. last haritu dapat baca viral wiqoyah ni sampai ada muntah darah etc. Terpaksa bg cerita yg menakutkan ni pada my mil. Kalau cakap fakta dorg lagi percaya testimoni kawan2 ğŸ¤¦â€â™€ï¸. Vaksin takut kata ada kes mati tu ish tangkap je la yg sebar berita palsu ni. 
Stay strong Dr ğŸ‘",,,
I harap orang yang buat dan sebar berita palsu pasal covid and vaksin masuk neraka. ğŸ™‚,,,
"Geram pulak dgn golongan sebar dakyah palsu pasal vaksin. Yang sakit hati tu, pi sebar dkt warga tua juga. Warga tua yg dkt kampung2. Aduhhhh.",,,
"Setuju sangat..
Sebab vaksin ni lembab lah anti vaxx sempat sebar berita palsu, sebar benda negatif pasal vaksin..
Semoga urusan vaksin ni dipermudahkan dan dipercepatkan.. https://t.co/gbpaWkaD3Z",,,
"Ini udah cukup jadi bukti kalau pandemi jadi sumber lahan basah baru bagi birokrat2 di negeri bikini bottom, mulai dri bansos, tes antigen palsu dan kini vaksin. Pandemi langgeng karena banyak cuannya, coba kering kerontang, mana ada yg mau urusin, diberitakan pun tidak. https://t.co/hE81oCN5a6",Tidak Percaya,,
"Tun M bidas 'Mak Teh', pihak anti vaksin harus tanggung dosa sebar dakyah palsu https://t.co/NLyqGTiuuY",,,
"Masa pandemi di Indonesia:
1. Bansos dikorup
2. Tes antigen palsu
3. Vaksin ilegal
Orang kena musibah masih aja cari untung, gak ada otak https://t.co/dW5QPSg9Cu",Tidak Percaya,,
"@dr_koko28 Vaksin ilegal tuh bukan artinya vaksin palsu. Orang2 gimana sih nangkep kalimat?

Lagian dri pemerintah sendiri yg nyaranin agar nakes berusaha juga 'gotong royong' cari cuan di saat pandemi gini karena gaji insentif terhambat ğŸ˜›",,,
Aku doakan ada neraka khas untuk org yg sebarkan berita palsu pasal vaccine dgn covid ni sampai aku kena ceramah bapak aku sendiri untuk ambik balik vaksin ni ğŸ˜¡ğŸ˜¡ğŸ˜¤ğŸ˜¤ Sakit betul otak dgn org yg suka suka sebar berita palsu ni,,,
"Berapa ramai lagi perlu sengsara dan terkorban akibat mulut ustaz ni. dah la ramai pengikut dia golongan risiko tinggi. SKMM buat dek je. Instead of pergi siasat dan ambil tindakan orang2 yang sebar berita konspirasi palsu pasal vaksin, SKMM gi tangkap orang tegur gov. https://t.co/dRtPiv2wNl",,,
"@RyaWiedy Baca judul ku kira vaksin-nya yg ilegal (palsu/asli) ternyata pas baca beritanya, si vaksin ASLI tapi yg harusnya diberikan kepada yang hak malah diperjualbelikan oleh para tersangka kepada warga lainnya. Hhmmm pecat aja pecat. Cuan is number one untuk dia, sehat belakangan. ğŸ˜”",Tidak Percaya,,
Semalam aku tgk psl voice note vaksin palsu tu. Aku gtau la mak aku. Nk bukti plak hntar group. Aku tak larat search nak cri balik. Sapa ada ? Hum.,,,
"Vaksin palsu hanya salah satunya, banyak orang jahat di luar sana...",Tidak Percaya,,
Tak rasa bersalah ke sebar berita palsu tentang vaksin? ğŸ˜”,,,
Tadi ckp pasal vaksin pastu mak aku ckp kawan2 dia bgtahu byk org mati sbb amik vaksin. Ya Allah berdarah telinga aku dgr. Aku ckp kt mak aku klau aku tahu siapa yg ckp aku nk buat report sbb sebar berita palsu. Terdiam dia ğŸ˜¤,,,
"Tun M bidas 'Mak Teh', pihak anti vaksin harus tanggung dosa sebar dakyah palsu @chedetofficial

https://t.co/7grTMnqb8a

#AWANInews #AWANI745 #HapusCOVID19",,,
"""Kawan mak cerita kawan dia lepas vaksin tak boleh berjalan. Mak tak amik vaksin kot"" 

Demnn yu makcik sebar dakyah palsuğŸ˜¤",,,
"@InjangNation -Gaji golongan profess spt guru, doktor, eng, etc perlu diselaraskan. 
-Siasatan isu2 berat perlu update setiap bln &amp; bentang dlm sidang media.
-Org yg buat berita palsu yg menjejaskan kemakmuran/kesihatan rakyat mcm isu vaksin perlu diambil tndakan &amp; didedahkan di media utama.",,,
"Kau tak nak amik vaksin, itu hak kau. Tapi tolong jangan buat cerita palsu dan meremehkan vaksin ni. Cukup kau duk rumah pastu diam. Berapa ramai dah mati sebab corona ni pun bengap lagi kata corona ni tipu la apa la. Nak tengok juga kau kena corona nanti apa kau nak cakap.",,,
Kejadah. Kau ckp boleh la kau ingt bos lain nk dgr ke ? Klo haritu pon bos aku boleh buat surat palsu ni kn skrg . Hei boss aku tu die mmg x kesah covid adik die sndiri ckp and die pon mula2 anti vaksin hahahha . Kau ghase ? Yg bos kesah ialah duit staff boleh pg mati agknya. https://t.co/wae8n7Km1X,,,
"@dr_koko28 Bangsat emang .Dulu jg ada vaksin palsu buat anak2.
Bangsat emang.",Tidak Percaya,,
"@cutdewi26 Kemarin alat test yang udah dipake digunakan lagi, sekarang vaksin palsu. Sepertinya kemanusiaannya sudah dijual pada Iblis ya. :3",Tidak Percaya,,
"@txtdrimedia Sudah diduga. Setelah test palsu, muncul vaksin palsu.",Tidak Percaya,,
bayangkan kau sebar benda palsu pasal covid vaksin pastu orang mati sebab percaya kau,Tidak Percaya,,
"siapalah yang share berita palsu kat fb ğŸ˜­ terkedulah tanya ayah nak isikan nama untuk vaksin esok, dia ceramah pasal agenda yahudi boleh control otak kita ğŸ˜­

siapa saintis, uztaz yang bertanggungjawab di fb ni ğŸ˜­",,,
ada ahli keluarga yang tak percaya mesej palsu dan ikhtiar ambil suntikan vaksin adalah satu nikmat masa pandemik niğŸ˜­ https://t.co/IWOvFNMtO5,,,
"So far, ayah still ok tanpa bantahan kena ambil vaksin.. harap near to hari kena ambil vaksin, dia tak berubah fikiran sebab banyak berita palsu.. then ye.. beliau selalu scroll internet ğŸ˜… itu masalahnya ğŸ¤¦â€â™€ï¸",,,
"swab bekas udah, vaksin palsu udah, next apanih sumut?",Tidak Percaya,,
@NilaKencana8 @BiLLRaY2019 Jika mereka berprofesi sebagai dokter tapi mengedarkan vaksin palsu. Secepatnya HUKUM MATI.,Tidak Percaya,,
"@thepatriotsasia Amalan yang datang dari Yahudi yang tuuu haaa dok sebar berita/audio palsu dalam Whatsap, lepastu petik Ulama la, mengaku diri Maulana langit 7 ape lanch la. Anti Vaksin sama je dengan Keldai. Bodoh.

Bak kata Diva AA : Dua Kali Lima, Lima Kali Babi.

Puih.",,,
"Tengok tu, siapa lah yang takutkan nenek aku tu sampai tak nak vaksin ğŸ¤¬ korang yang sebarkan berita palsu ni, aku harap korang mati dulu kalau korang tak ambik vaksin",,,
"Kenapa ya kok tega banyak beredar vaksin palsu? Uda kondisi negara serba ruwet dan ribet terus masyarakat masih diberatkan dengan penipuan kudu bayar vaksin palsu. Uang hilang, imun gak dapet. Serba rugi jadinya hidup di siniğŸ˜”ğŸ˜”",Tidak Percaya,,
"Gila ya corrupt di Sumut itu next level bgt. Stelah kmrn kasus tes covid pake alat bekas, eh skrg ada kasus vaksin palsu. Segitunya bgt ya ampun. Dear para pelaku, you shouldnt exist in this world kalo msih punya malu yak",Tidak Percaya,,
sumut nih abis test kit bekas sekarang ada vaksin palsu nerbener,Tidak Percaya,,
"parah nih ASN dari Sumut, kmaren ada kasus swab bekas, sekarang vaksin palsu.

asli anjing ni orang, nuraninya dimana? https://t.co/p2r9j3rFG6",Tidak Percaya,,
Geram betul la orang sebarkan berita palsu atau berita yang menakutkan pasal Covid atau vaksin ni ğŸ¤¦ğŸ»â€â™‚ï¸ğŸ¤¦ğŸ»â€â™‚ï¸,,,
Dahla geng anti vaksin ni majoriti orang melayu pulak tu aduh pening kepala baca depa punya cerita palsu tu.,,,
@Namaku_Mei kok jd inget vaksin palsu,Tidak Percaya,,
"@syazwaninawzays Ya Allah..uish, parah tu.. Entahnya! Baik buat kari daripada membazir buat benda bodoh yang dah sah-sah takkan menjadi tu.. Aku pulak, diorang pantang ada peluang nak bagitau kalau ada kawan-kawan diorang kongsi bertita orang sakit/mati lepas dapat vaksin tu..baik betul @ palsu..",,,
Aku geram tau jenis yg sebarkan berita palsu pasal Covid &amp; vaksin..ada dh family members yg percaya..aku dah la jenis malas bertekak..,,,
"ë‚˜ì˜ beloved nenek got her first dose AZ vaccine today! So proud of her ğŸ¤ despite ada je dalam group ws nenek yang hantar vaksin ni konspirasi lah, bahaya lah yada yada tapi Alhamdulillah nenek saya bijak ya tak terpedaya dengan mitos palsu semua tu",,,
"@dr_koko28 Hukuman berat nih.
Nah Vaksin ilegal kan ibarat memberi harapan palsu",Tidak Percaya,,
"Takyah nak sembang yg antivaxx, yg kne kencing sbb berita palsu pasal vaksin dlm grup whatsap. Yg 10juta dah daftar ni pun bru 2 juta yg baru dpt. Tu pun jumlah lepas yg dpt 1st dose + yg dah dpt 2nd dose",,,
Ada neraka khas untuk orang2 yang sebar berita palsu pasal vaksin ğŸ˜Š,,,
"4 Pelaku Penjualan Vaksin Covid-19 Palsu  di Sumatra Utara Sudah Ditangkap, Meraup Keuntungan Rp 238 Juta  https://t.co/V6BTQn2iPY",Tidak Percaya,,
"Nak cakap cemana la eh. Vaksin negara kita pun macam takde ramai mana lagi pun dapat. Itu pun dah banyak berita palsu berapa puluh orang mati la apa la. Macam mana?

Progress pun slow, mana nak dapat statistic macam luar negara lagi. Kan? Ke tak. 

Pening. Takut dgn side effect.",,,
GAISSS TOLONG LAH SOMEONE BUAT VOICE NOTE PASAL AKIBAT PENYEBARAN BERITA PALSU PASAL VAKSIN LEPASTU FORWARD DEKAT GROUP WHATSAPP. Org2 sengal ni lebih percaya VN yg entah drp siapa2 drp yg pakar! Geram betholl!!,,,
@IzzuddinAqil Itulah tu salah saya disitu. Apa niat saya nak bagi tahu suami atau orang lain tak kira lah kalau tak suka ambil vaksin jangan brainwash orang lain sebarkan berita palsu. Itu saje niat saya .,,,
"SUMUT: Vaksin palsu atau asli nih? Takutnya vaksin yg disuntikkan adalah vaksin palsu, yg asli disimpan untuk dijual lagi. https://t.co/C3MalagWYM",Tidak Percaya,,
"surat bebas vaksin palsu, swab bekas, jual beli vaksin ilegal 
compang camping manusia serakah penanganan wabah. https://t.co/R661lcd722",Tidak Percaya,,
@tampuboIon Twist :  ternyata obat yg dianter palsu. Spt oknum vaksin.,Tidak Percaya,,
Patutnya kerajaan denda &amp; kompaun kaw kaw kat siapa yg sebarkan berita palsu pasal vaksin dan covid ni.,,,
"Gw jd takut vaksin bukan karena efek vaksinnya tapi takut kalo vaksinnya illegal or worst: palsu. 
Duh gusti gini amat ya ni negara ğŸ˜‘",Tidak Percaya,,
"Siapalah makhluk jahat anti vaksin yang mula-mula sebarkan fitnah ni. Kalau kau tak suka vaksin, duduk diam sudah la. Perlu ke nak buat cerita palsu untuk burukkan vaksin, menyusahkan frontliner. Busuk hati betul. https://t.co/cEyyi0ivq5",,,
"yang xnak vaksin tu, aku peduli apa.
it's your family.

just jgn nak sebarkan toxicity pemikiran hampa dekat family aku.

siap ngn berita palsu nak takutkan dri ambil vacc.

shuh2 pegi jauh2.

stay the fuck away from my family.",,,
"Allahu sakit hati aku bgaduh dgn mak aku pasal vaksin ni.smpi menangis tdi mau terangkan pasal kebaikan vaksin ni.Astagfirullahalazim,sebab vaksin nda lama aku jadi anak derhaka.bodoh laaa org2 di fb n whatsapp yg sebarkan berita palsu psl vaksin ni!bodoh!",,,
"Pelik. Semua orang punya group family sume sebarkan pasal berita palsu pasal vaksin. Meanwhile, group family aq krik krik ja ğŸ˜‚ adalah bincang sikit pasal keadaan tok, selamat pagi sume bende alah tu ğŸ˜‚ğŸ˜‚ not that I'm complaining, tapi risau jugak kekadang ğŸ¥¶",,,
"1. Kesahihan berita mengatakan 40 nurses mati selepas vaksin adalah palsu. 

Kenapa tidak sebut sekali doktor? Pakar? Polis mati juga sebab dah ramai barisan hadapan telah divaksin Covid. 

Berita juga tidak ada mengeluarkan kenyataan berikut.",,,
@drpriono1 @kempanrb @PBIDI Kmaren tes antigen palsu. Skrg vaksin. Apa ada keterkaitan dgn penghasilan dokter dan nakes y dok?,Tidak Percaya,,
"@khairul_hafidz @ketengahketepi Boleh dah orang sebarkan berita palsu cakap vaksin covid 19 ni dah dikaji ada efek mencerahkan kulit. Ini efek secara tak langsung. Ada jugak kajian dari Amareka bagitau mampu menganjalkan buah dada dan mengetatkan miss V. Mesti maklong paklong suka, terus ajak vaksinğŸ¥²",,,
"Parah. Belum hilang ingatan kasus swab palsu di Bandara, lagi-lagi ada kasus vaksin ilegal.

 Ini bandit semua pejabatnya?

Vaksin Ilegal Sumut, Dokter dan ASN Dinkes Raup Rp238 Juta https://t.co/7Xq4XzpdQb",Tidak Percaya,,
How to convince my fren to get the vaccine. Penat i ceramah jgn nk cancel appointment vaksin. Serius yg duk sebar berita palsu kat whatsapp tu nk kena sumpah 7 keturunan kot,,,
Aku doa sape yg start sebar berita palsu pasal vaksin ni berak x lawas selama setahun. https://t.co/Hus93qYEPa,,,
"@dekna201 @azumi_tsuyoshie @Lisaamartatara4 @_zildjianNostr @armuchsin @MrSmile80986555 @vandinnie @Dayat42097065 @LaNyallaMM1 Itu si lisa yg jualan vaksin palsu kan..
Sekarang mau jualan kopi, ..itu bagus yg penting halal..yang kagak boleh jualan apem..ya.",Tidak Percaya,,
"10 tahun ke depan kalo di jalan-jalan, sosmed terdapat sultan sultan baru

Hampir dapat dipastikan, dulunya berlatar-belakang Tenaga dan Karyawan Kesehatan  ğŸ˜›ğŸ¤£

Vaksin.. Alat swab/rapid..data palsu? 
Whatelse.. https://t.co/RDuvf43ejW",Tidak Percaya,,
@KompasTV Tolong dong d hentikan dl vaksinnya.kita rakyat ga tau cara membedakan yg asli dan palsu.dan yg d vaksin kebanyakan orang tua yg sudah menjadi syarat hrs d vaksin dan para pekerja pemerintahan.tolong d basmi dulu org2 yg mencari keuntungan dgn cara kyk gini ğŸ™ğŸ™ğŸ™ğŸ™. Ngeri lo,Tidak Percaya,,
rsa mcm nk try buat satu berita palsu psal vaksin. nk tgk jauh mna dia boleh pi,,,
Harus didalami sih kenapa kejadian alat tes swab palsu dan komersialisasi vaksin ini terjadi di provinsi yg sama https://t.co/6dRiykY29W,Tidak Percaya,,
"@kompascom Habis Swab Palsu, terbitlah vaksin ilegal.. alamaaakkkkkk ngerikkk kali",Tidak Percaya,,
"Vaksin palsu ??
Jadi inget nama dr Lisa AğŸ™‚ https://t.co/IeiGL34Jfi",Tidak Percaya,,
Mudah-mudahan ditangkaplah orang yang suka sebar berita palsu pasal vaksin ni.,,,
"â€œAmbil darah lagi sakitâ€ 
Hahaha gegar lutut anti-vac, pn khatijah umur 90. Awak tu muda-muda lagi ddk sebar berita palsu dekat whatsapp pasal vaksin. https://t.co/pfqkRN1iCL",,,
"@kompascom Suntikkan balik ke badan mereka baru jebloskan ke dlm penjara.
Jadi teringat kasus vaksin palsu di bekasi.",Tidak Percaya,,
"Setakat ini 10+ juta rakyat sudah mendaftar daripada 24+ juta, iaitu hanya 40% daripada target.

Kita sedang berhadapan dengan peningkatan sebaran maklumat palsu berkaitan vaksin sehingga menyebabkan rakyat yang sudah mendaftar tapi tidak hadir ke Pusat Pemberian Vaksin.",,,
Tangkap la akaun leknet macam ni duk sebar berita palsu pasal vaksin. Pundek J-kom tak function. https://t.co/GBRoIdojnq,,,
"Risau betul aku orang yang sebar maklumat palsu pasal covid ni. Ramai pakcik makcik tertipu. Paling best pertikaikan orang ambil vaksin lepastu kaitkan dengan islam, dajal. Fuh",,,
@kompascom Nanti akan ada juga yg jual vaksin palsu tum @PartaiSocmed https://t.co/vZfP7OIfFt,Tidak Percaya,,
"Moga mak ayah kita tak terpengahruh dengan puak anti vaksin. Banyak sangat info palsu dalam WhatsApp sekarang. Haishhh.
#mstar
 https://t.co/jDnRSEPnKJ",,,
Neraka khas jugak untuk orang yang sebarkan berita palsu tentang covid or vaksin nii.,,,
kat dlm ni ramai fighter mengekang berita2 palsu berkaitan vaksin. seronok pulak aku baca. hahahahaha bagus2! teruskan perjuangan! ğŸ‘ğŸ½ https://t.co/Wfcfg8ai09,,,
"Kalo di Indonesia bisa bikin bikin hasil tes palsu, daur ulang alat swab, ngebisnisin karantina, sampe ngejualin vaksin yang mestinya gratis ğŸ™ƒ https://t.co/uZqJGHPxx5",Tidak Percaya,,
Takde yang dalam BM ke? Boleh pass dekat group2 ws pacik macik yang termakan dengan hasutan info palsu sampai nak cancel vaksin ğŸ˜© https://t.co/VqhAlMOMF0,,,
Punyalah aku nak vaksin ni sampai masuk dalam mimpi aku ambik vaksin. Cis. Harapan palsu je.,,,
"@khairul_hafidz Betul, Dr. Saya rasa macam dah terlampau parah. Tak boleh ke buat hukuman lebih keras ke atas penyebar berita palsu. Sebab mereka ni ibarat pembunuh. Mencetus fahaman covid tipu menyebabkan orang tak jaga sop dan mengatakan vaksin ni tipu menyebabkan ramai orang tua tak ambil.",,,
"Tadi ustazah cakap, agenda yahudi yg sebenarnya adalah berita palsu melalui whatsapp tak nak bg org kena vaksin. Merekalah pengikut dajal yg sebenar sbb nak org islam banyak mati. Takutttnyaaa",,,
"Memang kadang ada je org sebar benda2 palsu pasal vaksin ni bg org takut nk amik. Kadang ibu dgn ayah pun dok persoal benda ni. Tapi kita tawakal la kan, benda ada ikhtihar kita ambil. Slow talk dgn parents counter balik pakai fakta. Nasib depa fhm.",,,
@tubirfess OH SAMA VAKSIN PALSU YA YG DI RS DKT RUMAH WKAKAKKA YAOLO UDH LAMA BGT DAH,Tidak Percaya,,
"Itu yang aku paling benci sekali siapa yang buat cerita palsu semua ni. 

Berapa kali aku nak cakap?

VAKSIN BUKAN UBAT PEMBUNUH DAN IA ADALAH UBAT PENYEMBUH. VAKSIN SELAMAT DAN BUKAN KONSPIRASI DAJJAL. https://t.co/wUxBAiRwvV",,,
"Riwayat Abu Daud (5004).

Maka tidak sepatutnya orang Islam menyebarkan berita-berita palsu atau tidak dikenalpasti kesahihannya, sehingga menimbulkan ketakutan orang lain untuk mengambil vaksin &amp; seumpamanya.

Pastikan anda mendapat info berkaitan vaksin dari sumber yang tepat.",,,
"Berita palsu vaksin pny hal, sedara mara bergaduh dlm whatsap. Dasar melayu bingai haha. Taksub sgt dgn vaksin ke?",,,
"Apa yg dikhawatirkan jika vaksinasi dikomersilkan dgn istilah vaksin gotongroyong akan mengundang penyelewengan, pertama kemarin di Medan terungkap pegawai ASN LP menjual vaksin yg tadinya diperuntukkan bagi vaksinasi gratis. Yang lebih ditakutkan bila muncul vaksin palsu.",Tidak Percaya,,
"@khairul_hafidz Doc,takde ke group or any channel yg blh kita kumpulkan berita2 palsu pasal vaksin dan kumpul sekali bukti2 saintifik utk lawan anti vaksin ni. Kalau ada group mcm ni, senang nanti masyarakat nak spread utk lawan mesej palsu .",,,
"@massetaa97 @najihahyusof_ Memang ayat pertama yang turun tu iqra', bacalah. Tapi baca la benda yang betul, yang bukan2 tu jangan la terpengaruh. Kau tulis dekat bio budak ansara, takkan budak mrsm tak faham sains kot. Sia2 je masuk mrsm kalau informasi palsu vaksin agenda yahudi apa semua tu pun percaya",,,
"Tak sampai 26/5 ni untuk vaksin covid yg ke-2 dan ambil gigi palsu dekat klinik, nenek aku dah dijemput Ilahi. Doakan nenek aku, Zaharah binti Muda agar ditempatkan dalam kalangan ahli syurga. ğŸ¤—",,,
"Kenapa?

Karena buatan Amerika, palsu, dan berbahaya, serta dilakuak  secara terorganisir!

Jelas2 termasuk mafia vaksin internasional, sehingga wajib ikut diburu Interpol juga!",Tidak Percaya,,
"Vaksin mereka adalah VAKSIN PALSU, YG WAJIB IKUT DIBURU OLEH INTERPOL!",Tidak Percaya,,
"Vaksin maut Terawan (yg diendorse mafia korupsi yakni DPR-Oligarki, Aburizal Bakrie, Gatot, dll) adalah bagian dari mafia vaksin Internasional yg diburu Interpol:

https://t.co/sIheHkYdSB",Tidak Percaya,,
"aku nya family takde ws group ape lagi ws ngan makcik2 mmg mama aku x nak join. skrg aku rasa elok juga tak de la dia nak baca berita palsu. sambil ckp ""ko da daftar vaksin? sia2 aku vaksin ko masa ko kecik kalau skrg bodo"" eh mcm la vaksin dulu tu yg membijakkan aku skrgğŸ˜‚",,,
"Nasib baik most of my family members kerja kkm, so penularan berita palsu pasal vaksin dgn covid-19 ni dapat dibendung awal.",,,
@nyonyacyber @khairul_hafidz Ye kak long. Ayah sy awal2 dulu dia yg x sabar nk ambil vaksin. Skrg dia paling say no utk vaksin. Ni moga xder la apa2 yg ubah fikiran dia sampai amek vaksin isnin nanti. Celakalah mereka yg menyebar berita palsu dan semoga kena covid stage 9,,,
Saya sokong semua yang bidas balik bila family members diorang forward berita palsu pasal vaksin ğŸ¥°âœ”ï¸âœ”ï¸,,,
"Aku rasa semua orang muda yang ada kesedaran mengenai kepentingan vaksin, perlu contohi teladan brother ni. Ugut sahaja penyebar-penyebar berita palsu dengan undang-undang. Kita bukan suka-suka nak takutkan orang, tapi kita mahukan komuniti kita bersih daripada fahaman kerbau. https://t.co/PtjjcKURdE",,,
"Geng yahudi, geng geng menteri, geng sebar berita palsu pasal covid dengan vaksin ni elok kumpul sekali. Pastu bom jelah terus. Biar lenyap. AKU MARAH BETULLAHHHHH!!!!",,,
"Pak polisi Ada yg fitnah pdi-p NIH,kok tdk ditangkap sih?apalagi dokter vaksin palsu NIH
@PDI_Perjuangan @DivHumas_Polri @bareskrim2018 https://t.co/g9uABeWDGX",,,
Orang yang sebar maklumat palsu berkenaan vaksin ni patut dihukum dengan diberikan vaksin secara live di TV.,,,
"Mereka CUMA MAU UANG, WALAU HARUS TUMBALKAN NYAWA RAKYAT TERKAIT VAKSIN PALSU DAN LETAL TERSEBUT!

MAKANYA, MEMAKSAKAN DENGAN POLITISI KORUP DAN MILITER JAHAT SEPERTI DI BAWAH INI: https://t.co/gQSoP66AVq",Tidak Percaya,,
"@PreciousFaq Kalau nak anti vaksin, anti je sorang sorang tak perlu nak menyebarkan berita palsu kat orang. Lol.",,,
Sebar berita palsu boleh sampai kanun keseksaan apahal tak ambil tindakan cepat pasal berita tersebar tu ğŸ˜­ğŸ˜­ğŸ˜­ AYAH AKU PERCAYA LA BENGONG dia bukan antivax tapi dia takut nak amik vaksin sekaranggg ishhhh,,,
Tak percaya vaksin itu hal mu. Menakut nakutkan orang dgn berita palsu ttg bahaya vaksin tu adalah tindakan bodoh mu yg perlu dibendung.,,,
Aku doakan org yg duk sebar berita palsu bodoh about vaksin dlm gp2 yg mak bapak ni mampus cepat. Penat aku educate my parents about vaccine then BOOM pung pang keluar audio suruh minum air daun sirih kelapa bagai. Kepala hotak kau!!! aishh geram aku,,,
"âœ… Korupsi bansos
âœ… Surat negatif tes palsu
âœ… Alat swab bekas
âœ… Pungli perizinan event terkait protkes

dan skrg ini 

https://t.co/uUI8pLQcxg",,,
Alhamdulillah makpak aku takde percaya berita palsu pasal vaksin ni. Group sedara mara pun masih bersih,,,
Khairy Jamaluddin jawab isu bantuan vaksin palsu Yayasan Shekar https://t.co/jTGOuAosAF,Tidak Percaya,,
nasib baik mak aku orang kesihatan. takdela pergi percaya berita palsu pasal vaksin tu semua. tapi aku syak mesti ada makcik makcik aku yang tak percaya vaksin.,,,
"Alhamdulillah. Tadi mak aku bukak voice pasai seorang 'mak teh' yang sebarkan berita palsu pasal vaksin. Starter pack nya :
""Mak teh bukan nak gempaq/bagi takut apa la""
""Bukan nak fitnah""

*immediately proceed to fitnah KKM sembunyi data. Katanya lebih 40 misi dah mati sbb vaksin https://t.co/4AuqB7xoJS",,,
@kompascom wgwg ga lama vaksin palsu nih :)),Tidak Percaya,,
@Lisaamartatara4 @LaNyallaMM1 @_zildjianNostr @MrSmile80986555 @armuchsin @vandinnie @Dayat42097065 @RahmanH06206817 @FachrulRaziMIP Dan tidak menjual vaksin palsu ğŸ¤£,Tidak Percaya,,
"Jadi kesimpulan nya setelah tuduhan anwar ditepis oleh KJ, maka terbuktilah anwar ni seperti makcik pakcik anti vaksin yg suka sebar berita palsu di whatsapp https://t.co/N05DVnwRJF",,,
@redzuanNewsMPB haritu dia cakap lepas 2 vaksin boleh rentas negeri. dia sebar berita palsu kenapa dia kongsi?,,,
"@MapleShiine Org muda plak ada yg jenis jd bodo sebar xyah vaksin,covid ni palsu etc.",,,
"Repeat twit gue Feb19`

Penyakit yang di modifikasi adalah bisnis,dan sudah biasa jika produk itu selain dipariwarakan juga dipalsukan.
Kemudian Fuck_chine yg paling aman adalah yg palsu dg isi air kelapa muda sajağŸ˜‹

Apa?
Kemudian?
Yo monyong cocote ğŸ˜‚
 https://t.co/OImAlVVAwP",,,
"Status halal vaksin. Kandungan vaksin. Kewajiban menjaga nyawa sebagai prinsip kedua maqasid syariah. Kewajiban melawan fitnah dan penipuan (in relation to fake chain news). Berita2 palsu (isr4h3ll mahu menjahanamkan islam dgn vaksin), etc.",,,
"benda ni (mesej berantai) buat masyarakat kita especially golongan berumur ni jadi takut tau nak ambik vaksin. tolonglah jadi lebih bertanggungjawab, kesiankan frontliners negara kita. instead of sebarkan berita palsu macamtu baik korang baca fakta sebenar berkaitan vaksin.",,,
"@SyedAkramin Dari awal, tak nampak usaha mantap dari KKM atau Kementerian penerangan utk mendidik masyarakat &amp; tangkis berita palsu tentang vaksin. Sebelum nationwide vaccn rollout perlu ada 'community engagement', beri penerangan sambil kumpul maklumat tentang bakal penerima vaksin etc.",,,
"@umnoonline Orang nak vaksin bukan nak janji palsu. Peduli apa dengan Pharmaniaga nak monopoly, nyawa rakyat kot. Pasal apa yang kerajaan PN nak control sangat vaksin ni, sampai orang lain tak boleh beli sendiri? Jadi jelas siapa yang main politik",,,
@Panji_mayeshwar Terus yg kelebihan itu. Sudah ada vaksin asli dibuat vaksi yg palsu nya ğŸ˜€ğŸ˜€,,,
ya Allah geramnya aku dengan manusia yg suka send berita2 palsu pasal vaksin ni kat parents aku. Kau tak nak vaksin suka hati kau lahh tapi jangan takutkan orang lain. ğŸ¤¬,,,
"@Lisaamartatara4 @LaNyallaMM1 @_zildjianNostr @MrSmile80986555 @armuchsin @vandinnie @Dayat42097065 @RahmanH06206817 @FachrulRaziMIP Kok Nggak Ada yang

Selalu Menepati Janjiâ€¦...

coba dimasukkan di nomor satu berani nggak bu dokter vaksin palsu",,,
Aku tak ada dengar lagi anti vaksin yg sebar berita palsu ni masuk lokap. Kita tgh darurat kan? Apa yg susahnya nak tangkap penyebar berita vaksin yg palsu ni.,Tidak Percaya,,
"@arifbsantoso Itu kewenangan pemerintah.
Klo cuma planga plongo doang sambil teriak2 prokes dan mentrinya ikutan menikmati bisnis vaksin, korupsi bansos, dll tentu saja pandemi palsu jalan terus",Tidak Percaya,,
"Saya baru saja berjaya pujuk ibu untuk ambil vaksin 3 hari lepas, setelah lama mencuba.

Kenapa dia tak mahu ambil vaksin? Sebab video dan info palsu yang dia terima di WhatsApp.

Berapa orang sudah ditangkap sebab sebar info palsu di WhatsApp?

Saya tak pernah dengar lagi.",,,
"Sehari setelah media melaporkan Khairy Jamaluddin menyifatkan tawaran sumbangan dua juta dos vaksin Covid-19 sebagai palsu, ahli perniagaan yang dikaitkan dengan dakwaan itu dikatakan berhubungan dengan pejabat Menteri Penyelaras Program Imunisasiâ€¦ https://t.co/AY9VBahNFC",,,
TOLONG LA STOP FORWARD BERITA PALSU PASAL KEBURUKAN VAKSIN! Aku STRESS la Gaduh dengan Mak Aku! Dia dengar voice note macam2 dah tau &amp; starting to believe! URGH,,,
"@fancyaskingmet1 India yg katanya mutasi virus-nya paling ganas, ternyata 90% pasien covid19-nya bisa sembuh pake obat antivirus (Remdesivir) palsu yg isinya cuma glukosa/gula dan garam alias oralit.. ğŸ¤£ğŸ¤£

Di Wakanda kudu impor turis India dulu biar warganya takut dan vaksin jadi laku... ğŸ¤£ğŸ¤£ https://t.co/qXdgc1YWQD",Tidak Percaya,,
"Sembang terpaling pandai vaksin tu palsu agenda israel nak sesatkan orang Islam. Suruh orang educate dulu baru cakap. Bila tanya reference dia kata surat khabar ngan ceramah freemason/yahudi.

Lumrah budak tiktok terpaling educated.",,,
@Kulhugeni8 @nengnopi11 @Faat_Ip @Natali_Cristi3n Jadi 2 pidong . Pidong awak sama pidong palsu ğŸ˜†,,,
"Sakit hati betul dengan orang yang sebarkan berita palsu pasal vaksin nak menakutkan orang lain dalam group whatsapp, haish mak ngn ayh aku pon dah percaya dah benda tu, tolong lah, kalau antivax jgn lah hasut org dgn cara menakutkan org lain dgn benda tak betul. Make sure sahih.",,,
@guanenglim Jangan bagi vaksin palsu pulak. Cukup laaa kamu dan ketua menteri kena game. Jangan nak game rakyat pulak.,Tidak Percaya,,
"Sabar. Klimaks-nya belum dimulai. Karena ketidakbecusan segerombol pemilik kuasa dalam penanganan pandemi sejak awal, berita vaksin palsu akan segera muncul. Itulah klimaks-nya. Amit-amit.

https://t.co/4VRa8FjnUO",Tidak Percaya,,
"bodoh gila pakcik aku ni. dahla anti-vaksin, pastu ketua penyebar berita palsu kat group. sebbaik aku rebellion tapi dia memang ignorance. bodoh",,,
@kuMantanmu @HabiebBass Klo dol itu Kentit ibu vaksin palsu lisa amartağŸ¤£ğŸ¤£ğŸ¤£,,,
"Yang antivac pon satu , dok sebar berita palsu , hang takmau vaksin takpa lah jangan dok kalut kat org lain .",,,
Mmg babi la antivaxx pukimak anjing yg dok sebaq berita palsu pasai vaksin. Habis dah family aku dok forward dalam group family. Bangsat!,,,
"@khairul_hafidz Please jangan sebarkan benda yang palsu. Saya baca ramai org parents dia xjadi nk amik vaksin sbb berita palsu mcm ni.

Tak pasti jangan kongsi. Kerana ia boleh mengubah hati seseorang.",,,
"Lepas tu yang berlakon konon jadi doktor kat media sosial dan takut takutkan orang pasal vaksin ni, korang kecik kecik memang kena buli dengan kawan sekolah ke? Tak cukup kasih sayang

Dah la akaun palsu, bodoh pulak tu

Moklu!",,,
[Video] VAKSIN COVID-19 |Â Sumbangan 2 Juta Dos Vaksin Pada Pulau PinangÂ Palsu https://t.co/gP08u3CCc6 https://t.co/9BYGQOc1oU,,,
"@fmtoday KKM tidak menyebut mengenai penderma ""palsu"", DAP terus mengandaikan surat tersebut tulen. Maksudnya KMPP dan LGE langsung tak buat kerja, tak kajiselidik penderma tu sah atau tidak dan salahkan KKM. Kalau KKM luluskan, vaksin tak dapat sbb penderma tak wujud, lagi salahkan KKM.",,,
@ashrul666 ni semua gara-gara FB lahanat israel terrorist pergi sebarkan benda benda palsu pasal vaksin aku bergaduh dgn mak bapak aku sebab aku daftarkan diorang amik vaksin,,,
"Sebenarnya masih banyak video gerakan demonstran di seluruh dunia melawan pandemi palsu berupa corona alias covid-19 dan berbagai variannya, juga melawan bisnis alat tes dan vaksin dst. Namun sekarang kita fokus bagaimana cara menggulingkan rezim tanpa terlihat alias ESEMKA mode.",,,
"@Lemperay4m Yang akan pergi biarlah Pergi
Yang akan datang 
biarlah datang
Berhentilah Menginginkan
Mulailah Menerima

Baiknya Bersyukur aja
Masih bisa bantu 

Kecuali kalo mesen 
Vaksin Palsu ke si 
Lisa amapantatara aja gitu ğŸ˜…",Tidak Percaya,,
"Setiausaha agung DAP itu berkata, Kementerian Kesihatan tidak menyebut mengenai penderma 'palsu' ketika menolak tawaran dua juta dos Sinovac Mac lalu. #FMTNews #Vaksin #Palsu https://t.co/cjBnw1Jx8d",,,
@khalids @guanenglim bodoh punya Guan Eng!  vaksin palsu pun lu nak ke cibai!,,,
@null Gerakan gesa KM P. Pinang buat laporan polis berhubung tawaran palsu sumbangan v  https://t.co/oFymyYSpgX,,,
"Gerakan gesa KM P. Pinang buat laporan polis berhubung tawaran palsu sumbangan vaksin COVID-19

https://t.co/cP2iAVq0zD

#AWANInews #AWANI745",,,
"Semoga tuhan laknat ya yg dok sebar info palsu pasai vaksin ni, geram betul aku, memang aku bara ya harini yg dok share pasal antivax dekat group family https://t.co/cwMfkanJwS",,,
"Hajahahajajaja
Pantesan dokter vaksin palsu @Lisaamartatara4 membelot ğŸ—£ğŸ—£ https://t.co/t47U2KUYvH",Tidak Percaya,,
Khairy mendedahkan sumbangan dua juta dos vaksin oleh syarikat berpangkalan di Hong Kong kepada Kerajaan Negeri Pulau Pinang itu adalah tawaran palsu. https://t.co/XeleGVlL1j,,,
"@zainifiz35 Bang, dalam Quran Allah tuntut kita mendalami ilmu bang, dan kemudiannya bila sampai berita, kita kena selidik dulu dengan segala cabang ilmu baru kongsi. Yang abang ni dah benak sangat dah ni, al Quran dan Hadis belum khatam, sains apatah lagi, pastu nak cakap vaksin tu palsu?",,,
"Hello polis, tolong tangkap orang yg sebar berita palsu pasal vaksin kat group sebelah!",,,
"Isu vaksin: Terpedaya 'syarikat palsu', KM Pulau Pinang tak kompeten? - ismaweb https://t.co/iIZrTlChSa",,,
@suelanks Lagi parah apabila wakil rakyat atau pihak NGO misalnya gagal membantu kami di Kelantan dan juga disebabkan kuranganya pendedahan terhadap kebaikkan vaksin. Yang banyak difahami adalah mengenai keburukkannya disebabkan terpengaruh berita palsu.,,,
Seluruh warga California ditawarkan vaksin covid-19 secara gratis dan mereka akan menerima kartu vaksinasi setelah suntikan pertama.  https://t.co/EKOryHYhuu,,,
@kubena2121 @The_Mamu CM Penang kata kerajaan itu akan terima 2 juta suntikan vaksin. Tapi KJ kata ini semua palsu. Agak2 siapa yg penipu ye? ğŸ¤£ğŸ¤£ğŸ¤£,,,
"Dan semoga orang yang takutkan orang psl covid, anti vaksin &amp; sebarkan beriya palsu kat ws group family saya kena covid. AminğŸ˜’",,,
@niczous Pasti akan ada yang mencuba. Di sini pengguna perlu bijak dan pastikan vaksin yang bakal diterima berdaftar dengan Agensi Regulatori Farmaseutikal Kebangsaan. Sekarang pun Agensi ini masih ada kempen mengajar cara kenalpasti ubat palsu,,,
"Bayangkan pemberian vaksin boleh diakses tanpa kawalan oleh kerajaan.

Sesiapa sahaja boleh jual dan beli tanpa melalui satu badan yg ditetapkan.

Agak-agak akan ada tak vaksin ciplak yang dijual, dibeli, disuntik dan diberikan sijil palsu?

ğŸ¤”",,,
@PudinDon @MatthewShanmug8 @Lugzan11 @encikdoomex @HangBuah3 @rsharimah @Bro2Face @kontarOP @KochenkoSlovak @blackmerz101 @MaisarraAnuar @BadBoy2662 @sirsazly @1rmf5 @MacthDeath @terrencedass @AKUANAKWATAN @pussycat____ @Bossbm17 @Shawn35154099 @footprintsmgmt @M_uhauha_no @GlobalKid6 @adzlanjazlan @ree89zl @mijjemije @RameshRaoAKS @manora6383 @KaliJag01989124 @LameshL @Badacs1 @Shanmug8Matthew @amvanhuizen @ZakiWahab2 @rawmill816 @HowdyAyman1 @EvExcalibur @mininths @Lugzan7 @zuln09 @OlderBrother16 @iamjefrizain @BilliBear3 @Daniallahhh2 @tokmatn9 @chedetofficial @IsraeliPM @POTUS @BarackObama Tawaran 2 juta vaksin ke Pulau Pinang &amp; Sabah adalah palsu kata KJ. Bila polis nak siasat?,,,
